OBJECTID,ACCIDENTNUM,ACCIDENTDATE,ACCIDENT_YEAR,ACCIDENT_MONTH,ACCIDENT_DAY,ACCIDENT_HOUR,ACCIDENT_MINUTE,ACCIDENT_SECOND,ACCIDENT_WEEKDAY,XCOORD,YCOORD,LONGITUDE,LATITUDE,ACCIDENTLOCATION,COLLISIONTYPE,CLASSIFICATIONOFACCIDENT,IMPACTLOCATION,INITIALDIRECTIONOFTRAVELONE,INITIALDIRECTIONOFTRAVELTWO,INITIALIMPACTTYPE,INTTRAFFICCONTROL,LIGHT,LIGHTFORREPORT,ROADJURISDICTION,TRAFFICCONTROL,TRAFFICCONTROLCONDITION,THRULANENO,NORTHBOUNDDISOBEYCOUNT,SOUTHBOUNDDISOBEYCOUNT,PEDESTRIANINVOLVED,CYCLISTINVOLVED,MOTORCYCLISTINVOLVED,ENVIRONMENTCONDITION1,ENVIRONMENTCONDITION2,SELFREPORTED,XMLIMPORTNOTES,LASTEDITEDDATE,CREATE_BY,CREATE_DATE
49678,19226444,1569399600000,2019,9,25,8,20,0,Wednesday,544874.90212,4804236.09566,-80.445934,43.389666,Non intersection,2,Non-reportable,Thru lane,unknown,unknown,SMV unattended vehicle,Unknown,Daylight,01 - Daylight,Municipal (excl. Twp. Rd.),No control,unknown,0,0,0,False,False,False,Clear,,True,Road 1: 160 BECHTEL DR; Vehicle #1     Make:      Model:      Colour:      Style: ; Vehicle #2     Make: DODG     Model: CAR     Colour: WHI     Style: VN,4/9/2021 5:54:10 PM,,
49679,19226934,1569437100000,2019,9,25,18,45,0,Wednesday,540107.78889,4811562.60029,-80.50425299999999,43.455904,At/near private drive,2,P.D. only,Thru lane,unknown,unknown,SMV unattended vehicle,Unknown,Daylight,01 - Daylight,Municipal (excl. Twp. Rd.),No control,unknown,0,0,0,False,False,False,Clear,,True,Road 1: 29 SHANLEY ST; Vehicle #1     Make: HOND     Model: UEX     Colour: BLK     Style: 2D; Vehicle #2     Make: MAZD     Model: 3TR     Colour: BLU     Style: 4B,4/9/2021 5:54:45 PM,,
49680,19227338,1569484800000,2019,9,26,8,0,0,Thursday,545410.83324,4809350.01272,-80.438892,43.435679,At/near private drive,2,Non-reportable,Thru lane,unknown,unknown,SMV unattended vehicle,Unknown,Daylight,01 - Daylight,Municipal (excl. Twp. Rd.),No control,unknown,0,0,0,False,False,False,Rain,,True,Road 1: 174 FERGUS AVE; Vehicle #1     Make:      Model:      Colour:      Style: ; Vehicle #2     Make: FORD     Model: TST     Colour: WHI     Style: FV,4/9/2021 5:55:01 PM,,
49681,19227341,1569430800000,2019,9,25,17,0,0,Wednesday,537309.39788,4807976.3129,-80.539087,43.423758,At/near private drive,2,P.D. only,Thru lane,unknown,unknown,SMV unattended vehicle,Unknown,Daylight,01 - Daylight,Municipal (excl. Twp. Rd.),No control,unknown,0,0,0,False,False,False,Clear,,True,Road 1: 137 HIGH ACRES CRESCENT; Vehicle #1     Make: DODG     Model: CAR     Colour: BLK     Style: VN; Vehicle #2     Make: GMC     Model: SIE     Colour: WHI     Style: PK,4/9/2021 5:54:58 PM,,
49682,19227413,1569487500000,2019,9,26,8,45,0,Thursday,540891.15681,4811040.90529,-80.49461,43.451164,Non intersection,2,Non-reportable,Thru lane,unknown,unknown,SMV unattended vehicle,Unknown,Daylight,01 - Daylight,Municipal (excl. Twp. Rd.),No control,unknown,0,0,0,False,False,False,Clear,,True,Road 1: HALLS LN W; Road 2: WATER ST S; Vehicle #1     Make:      Model:      Colour:      Style: ; Vehicle #2     Make: HYUN     Model: ESE     Colour: BLU     Style: 4D,4/9/2021 5:53:31 PM,,
49683,19227614,1569423600000,2019,9,25,15,0,0,Wednesday,539066.90853,4808702.02438,-80.517324,43.430202,At/near private drive,2,Non-reportable,Thru lane,unknown,unknown,SMV unattended vehicle,Unknown,Daylight,01 - Daylight,Municipal (excl. Twp. Rd.),No control,unknown,0,0,0,False,False,False,Clear,,True,Road 1: SILVERSPRING CRES (IFO 105); Vehicle #1     Make: CHEV     Model: SIL     Colour: BLK     Style: PK; Vehicle #2     Make: HOND     Model: CCL     Colour: BLK     Style: 2D,4/9/2021 5:55:00 PM,,
49684,19227744,1569518400000,2019,9,26,17,20,0,Thursday,545143.50623,4807734.48096,-80.442329,43.421149,Non intersection,2,P.D. only,Thru lane,unknown,unknown,Turning movement,Unknown,Daylight,01 - Daylight,Municipal (excl. Twp. Rd.),No control,unknown,0,0,0,False,False,False,Clear,,True,Road 1: WILSON AVE KITCHENER (385 FAIRWAY RD S KITCHENER); Road 2: FAIRWAY RD KITCHENER; Vehicle #1     Make: CHEV     Model: SPT     Colour: BLU     Style: VN; Vehicle #2     Make: CHRY     Model: 2LM     Colour: SIL     Style: 4D,4/9/2021 5:53:44 PM,,
49685,19227864,1569515400000,2019,9,26,16,30,0,Thursday,544973.31338,4811004.91264,-80.44416199999999,43.450606,At/near private drive,2,P.D. only,Thru lane,unknown,unknown,Angle,Unknown,Daylight,01 - Daylight,Regional municipality,No control,unknown,0,0,0,False,False,False,Clear,,True,Road 1: 1025 OTTAWA ST N; Vehicle #1     Make: HYUN     Model: SFT     Colour: GRY     Style: TY; Vehicle #2     Make: TOYT     Model: UCS     Colour: BLU     Style: 4D,4/27/2022 10:42:19 AM,,
49686,19228482,1569591000000,2019,9,27,13,30,0,Friday,545158.31747,4807240.29311,-80.44218699999999,43.416699,Intersection related,2,P.D. only,Within intersection,unknown,unknown,Sideswipe,Stop sign,Daylight,01 - Daylight,Regional municipality,Stop sign,Functioning,0,0,0,False,False,False,Clear,,True,Road 1: WEBSTER RD; Road 2: WILSON AVE; Vehicle #1     Make: DODG     Model: DAK     Colour: RED     Style: PK; Vehicle #2     Make: HOND     Model: UCL     Colour: SIL     Style: 2D,4/9/2021 5:53:54 PM,,
49687,19228524,1569595500000,2019,9,27,14,45,0,Friday,542583.59997,4810125.81735,-80.473765,43.442831,Intersection related,1,Non-fatal injury,Thru lane,unknown,unknown,Rear end,Unknown,Daylight,01 - Daylight,Regional municipality,Traffic signal,Functioning,0,0,0,False,False,False,Clear,,True,Road 1: KING ST E; Road 2: BORDEN AVE S; Vehicle #1     Make: HOND     Model: FIS     Colour: BLU     Style: 4B; Vehicle #2     Make: TOYO     Model: CORO     Colour:      Style: 4DO; Vehicle #3     Make: FORD     Model: FTU     Colour: GRY     Style: 4B,4/9/2021 5:53:57 PM,,
49688,19228659,1569595500000,2019,9,27,14,45,0,Friday,541131.82101,4811528.64401,-80.491599,43.455543,Non intersection,2,Non-reportable,Thru lane,unknown,unknown,Sideswipe,Unknown,Daylight,01 - Daylight,Regional municipality,No control,unknown,0,0,0,False,False,False,Clear,,True,Road 1: VICTORIA ST N; Road 2: AHRENS ST W; Vehicle #1     Make: AUDI     Model: 4PP     Colour: BLK     Style: 4D; Vehicle #2     Make: HINO     Model: HIN     Colour: WHI     Style: CT,4/9/2021 5:53:14 PM,,
49689,19228675,1569601200000,2019,9,27,16,20,0,Friday,543568.26463,4804976.03474,-80.462008,43.396405,At intersection,2,P.D. only,Within intersection,unknown,unknown,Angle,Unknown,Daylight,01 - Daylight,Regional municipality,Traffic signal,Functioning,0,0,0,False,False,False,Clear,,True,Road 1: HURON RD; Road 2: BATTLER RD; Vehicle #1     Make: PONT     Model: PUR     Colour: WHI     Style: 4D; Vehicle #2     Make: HYUN     Model: SSE     Colour: WHI     Style: 4D,4/9/2021 5:54:15 PM,,
49690,19228822,1569600300000,2019,9,27,16,5,0,Friday,541303.15756,4811079.10612,-80.489515,43.451485999999996,Non intersection,2,Non-reportable,Thru lane,unknown,unknown,Rear end,Unknown,Daylight,01 - Daylight,Municipal (excl. Twp. Rd.),No control,unknown,0,0,0,False,False,False,Clear,,True,Road 1: 96 ONTARIO ST N; Vehicle #1     Make: VOLK     Model: GTI     Colour: BLK     Style: 4D; Vehicle #2     Make:      Model:      Colour:      Style:,4/9/2021 5:53:15 PM,,
49691,19229482,1569677400000,2019,9,28,13,30,0,Saturday,541587.56534,4811800.08299,-80.485945,43.457961999999995,Non intersection,2,P.D. only,Thru lane,unknown,unknown,Sideswipe,Unknown,Daylight,01 - Daylight,Regional municipality,No control,unknown,0,0,0,False,False,False,Clear,,True,Road 1: ST LEGER ST; Road 2: VICTORIA ST N; Vehicle #1     Make: HOND     Model: RID     Colour: GRY     Style: CW; Vehicle #2     Make: TOYT     Model: UCS     Colour: GRY     Style: 4D,4/9/2021 5:53:06 PM,,
49692,19229802,1569570600000,2019,9,27,7,50,0,Friday,548018.21051,4804502.98819,-80.407102,43.391874,Non intersection,2,Non-reportable,Thru lane,unknown,unknown,Rear end,Unknown,Daylight,01 - Daylight,Regional municipality,No control,unknown,0,0,0,False,False,False,Clear,,True,Road 1: 246 DOON VALLEY DR; Vehicle #1     Make: MAZD     Model: M6I     Colour: SIL     Style: 4B; Vehicle #2     Make:      Model:      Colour:      Style:,4/9/2021 5:53:15 PM,,
49693,19230049,1569705900000,2019,9,28,21,25,0,Saturday,537808.25581,4809794.43499,-80.532798,43.440103,At/near private drive,2,P.D. only,Thru lane,unknown,unknown,Turning movement,Unknown,Dark,07 - Dark,Municipal (excl. Twp. Rd.),No control,unknown,1,0,0,False,False,False,Clear,,False,Road 1: 120 DALEGROVE DR (50 km/h); Road 2: DALEGROVE DR; Distance: 5.0 M E; Vehicle #1     Make: BMW     Model: 4XG     Colour: WHI     Style: 4D; Vehicle #2     Make: AUDI     Model: 2QT     Colour: RED     Style: 4D,4/9/2021 5:54:46 PM,,
49694,19230954,1569795840000,2019,9,29,22,24,0,Sunday,542353.08286,4807250.95047,-80.47683599999999,43.416958,Non intersection,2,P.D. only,Not on roadway - right side,unknown,unknown,SMV other,Unknown,"Dark, artificial","08 - Dark, artificial",Regional municipality,No control,unknown,0,0,0,False,False,False,Clear,,False,Road 1: BLOCK LINE RD (50 km/h); Road 2: COUNTRY HILL DR (50 km/h); Distance: 100.0 M W; Vehicle #1     Make: PONT     Model: 6BS     Colour: RED     Style: 4D,4/9/2021 5:53:13 PM,,
49695,19231241,1569832200000,2019,9,30,8,30,0,Monday,543640.33534,4808267.93396,-80.460855,43.426041,Non intersection,2,P.D. only,Thru lane,unknown,unknown,Sideswipe,Unknown,Daylight,01 - Daylight,Municipal (excl. Twp. Rd.),No control,unknown,0,0,0,False,False,False,Clear,,True,Road 1: MASSEY AVE; Road 2: VANIER DR; Vehicle #1     Make: CHEV     Model: SIL     Colour: BLK     Style: PK; Vehicle #2     Make:      Model:      Colour:      Style:,4/9/2021 5:53:01 PM,,
49696,19231291,1569780900000,2019,9,29,18,15,0,Sunday,543073.30429,4811933.66438,-80.46757,43.45908,Intersection related,2,P.D. only,Right turn lane,unknown,unknown,Rear end,Unknown,Daylight,01 - Daylight,Municipal (excl. Twp. Rd.),Stop sign,Functioning,0,0,0,False,False,False,Clear,,True,Road 1: BRUCE ST; Road 2: ROSEMOUNT DR; Vehicle #1     Make: NISS     Model: A2B     Colour: BLU     Style: 4D; Vehicle #2     Make: JEEP     Model: GCK     Colour: SIL     Style: TY,4/9/2021 5:53:50 PM,,
49697,19231348,1569783600000,2019,9,29,19,0,0,Sunday,539059.34484,4806884.6391,-80.517547,43.413838999999996,Intersection related,2,P.D. only,Thru lane,unknown,unknown,Rear end,Unknown,Daylight,01 - Daylight,Municipal (excl. Twp. Rd.),Stop sign,unknown,0,0,0,False,False,False,Clear,,True,Road 1: WAKE ROBIN DR; Road 2: INTERNATIONAL PL; Vehicle #1     Make: FORD     Model: ECM     Colour: WHI     Style: TY; Vehicle #2     Make:      Model:      Colour:      Style:,4/9/2021 5:53:52 PM,,
49698,19231508,1569857580000,2019,9,30,15,33,0,Monday,542508.42704,4811926.69862,-80.474553,43.45905,At/near private drive,2,P.D. only,Not on roadway - left side,unknown,unknown,SMV other,Unknown,Daylight,01 - Daylight,Municipal (excl. Twp. Rd.),No control,unknown,0,0,0,False,False,False,Clear,,False,Road 1: 264 MANSION ST (50 km/h); Road 2: MANSION ST; Distance: 5.0 K S; Vehicle #1     Make: MAZD     Model: M3S     Colour: WHI     Style: 4D,4/9/2021 5:54:46 PM,,
49699,19232108,1569925200000,2019,10,1,10,20,0,Tuesday,542316.95495,4812859.58042,-80.47684799999999,43.467459999999996,At/near private drive,2,P.D. only,Thru lane,unknown,unknown,Other,Unknown,Daylight,01 - Daylight,Municipal (excl. Twp. Rd.),No control,unknown,1,0,0,False,False,False,Clear,,False,Road 1: 956 GUELPH ST (50 km/h); Road 2: GUELPH ST; Distance: 5.0 M S; Vehicle #1     Make: NISS     Model: XGX     Colour:      Style: 4D; Vehicle #2     Make: FORD     Model: COF     Colour: WHI     Style: PK,5/3/2021 10:40:53 AM,,
49700,19232301,1569857400000,2019,9,30,15,30,0,Monday,539133.73203,4811704.96835,-80.516283,43.457238,Non intersection,2,P.D. only,Thru lane,unknown,unknown,Rear end,Unknown,Daylight,01 - Daylight,Municipal (excl. Twp. Rd.),No control,unknown,0,0,0,False,False,False,Clear,,True,Road 1: UNION BLVD; Road 2: PARK ST; Vehicle #1     Make: KIA     Model: FEX     Colour: GRY     Style: 4D; Vehicle #2     Make: FORD     Model: COF     Colour: WHI     Style: PK,4/9/2021 5:53:00 PM,,
49701,19232509,1569947700000,2019,10,1,16,35,0,Tuesday,539316.76768,4811565.50372,-80.51402999999999,43.455971999999996,Non intersection,2,P.D. only,Thru lane,unknown,unknown,Rear end,Unknown,Daylight,01 - Daylight,Municipal (excl. Twp. Rd.),No control,unknown,0,0,0,False,False,False,Rain,,True,Road 1: PARK ST; Road 2: MT HOPE ST; Vehicle #1     Make: VOLK     Model: JBS     Colour: WHI     Style: 4D; Vehicle #2     Make: TOYT     Model: CBL     Colour: GRY     Style: 4D; Vehicle #3     Make: JEEP     Model: CHK     Colour: WHI     Style: TY,5/3/2021 10:38:36 AM,,
49702,19232520,1569947400000,2019,10,1,16,30,0,Tuesday,535771.6215,4809526.0911,-80.557982,43.437787,Non intersection,2,P.D. only,Thru lane,unknown,unknown,Rear end,Unknown,Daylight,01 - Daylight,Regional municipality,No control,unknown,0,0,0,False,False,False,Rain,,True,Road 1: UNIVERSITY AVE W; Road 2: BAKER ST; Vehicle #1     Make: HYUN     Model: ESS     Colour: WHI     Style: 4D; Vehicle #2     Make: SUBA     Model: CRO     Colour: SIL     Style: TY,5/3/2021 10:38:38 AM,,
49703,19232559,1569944700000,2019,10,1,15,45,0,Tuesday,543442.3361,4811581.25081,-80.463037,43.455886,Intersection related,2,P.D. only,Within intersection,unknown,unknown,Angle,Unknown,Daylight,01 - Daylight,Municipal (excl. Twp. Rd.),Stop sign,unknown,0,0,0,False,False,False,Rain,,True,Road 1: KRUG ST; Road 2: CAMBRIDGE AVE; Vehicle #1     Make: FORD     Model: TRX     Colour: GRY     Style: TY; Vehicle #2     Make: KIA     Model: SOR     Colour: BLK     Style: TY,5/3/2021 10:39:55 AM,,
49704,19232562,1569956520000,2019,10,1,19,2,0,Tuesday,541690.02875,4811373.9949,-80.48471099999999,43.454119,Non intersection,1,Non-fatal injury,Not on roadway - left side,unknown,unknown,SMV other,Unknown,Dusk,05 - Dusk,Municipal (excl. Twp. Rd.),No control,unknown,0,0,0,False,False,False,Rain,,False,Road 1: OTTO ST (50 km/h); Road 2: QUEEN ST N; Distance: 70.0 K E; Vehicle #1     Make: TOYT     Model: FRS     Colour: WHI     Style: 2D,5/3/2021 10:37:37 AM,,
49705,19233046,1570003200000,2019,10,2,8,0,0,Wednesday,536441.71349,4809828.70642,-80.54968199999999,43.440478999999996,Non intersection,2,P.D. only,Thru lane,unknown,unknown,Rear end,Unknown,Daylight,01 - Daylight,Regional municipality,No control,unknown,0,0,0,False,False,False,Rain,,True,Road 1: UNIVERSITY AVE W; Road 2: RESURRECTION DR; Vehicle #1     Make: HYUN     Model: TUC     Colour: WHI     Style: TY; Vehicle #2     Make: CHEV     Model: SIL     Colour: BLK     Style: CW,5/3/2021 10:38:37 AM,,
49706,19233078,1570018860000,2019,10,2,12,21,0,Wednesday,542560.46349,4811955.18889,-80.473908,43.459303999999996,Intersection related,1,Non-fatal injury,Within intersection,unknown,unknown,Rear end,Unknown,Daylight,01 - Daylight,Municipal (excl. Twp. Rd.),Stop sign,unknown,0,0,0,False,False,False,Rain,,False,Road 1: 70 MANSION ST (50 km/h); Road 2: EDNA ST (50 km/h); Distance: 1.0 M E; Vehicle #1     Make: SUZI     Model: SX2     Colour: GRY     Style: 4D; Vehicle #2     Make: FORD     Model: COF     Colour: WHI     Style: PK,5/3/2021 10:39:21 AM,,
49707,19233187,1570015800000,2019,10,2,11,30,0,Wednesday,539080.01184,4811110.2823,-80.516989,43.451885999999995,Intersection related,2,P.D. only,Left turn lane,unknown,unknown,Sideswipe,Unknown,Daylight,01 - Daylight,Municipal (excl. Twp. Rd.),Traffic signal,Functioning,0,0,0,False,False,False,Rain,,True,Road 1: GLASGOW ST; Road 2: BELMONT AVE W; Distance: 6.0 M; Vehicle #1     Make: CHEV     Model: ETV     Colour: WHI     Style: CB; Vehicle #2     Make: NISS     Model: SBL     Colour: BLK     Style: 4D,5/3/2021 10:39:28 AM,,
49708,19233194,1570029300000,2019,10,2,15,15,0,Wednesday,541233.36243,4811851.53383,-80.49032,43.458445,Non intersection,2,P.D. only,Right shoulder,unknown,unknown,SMV unattended vehicle,Unknown,Daylight,01 - Daylight,Municipal (excl. Twp. Rd.),No control,unknown,0,0,0,False,False,False,Clear,,True,Road 1: MARGARET AVE; Road 2: BREITHAUPT ST; Distance: 100.0 M N; Vehicle #1     Make: CHEV     Model: EXP     Colour: YEL     Style: VN; Vehicle #2     Make:      Model:      Colour:      Style:,5/3/2021 10:38:20 AM,,
49709,19233345,1570036500000,2019,10,2,17,15,0,Wednesday,545124.94296,4807654.20076,-80.442565,43.420427,Non intersection,2,P.D. only,Left turn lane,unknown,unknown,Angle,Unknown,Dusk,05 - Dusk,Regional municipality,No control,unknown,0,0,0,False,False,False,Rain,,True,Road 1: WILSON RD KITCHNER; Road 2: PARKING LOT (WILSON EXIT); Vehicle #1     Make: HOND     Model: UDY     Colour: GRY     Style: TY; Vehicle #2     Make: FORD     Model: SPE     Colour: BLU     Style: TY,5/3/2021 10:37:56 AM,,
49710,19233554,1569994800000,2019,10,2,5,40,0,Wednesday,544743.74915,4808922.88194,-80.44717,43.431872999999996,Non intersection,2,P.D. only,Thru lane,unknown,unknown,SMV unattended vehicle,Unknown,Dark,07 - Dark,Municipal (excl. Twp. Rd.),No control,unknown,0,0,0,False,False,False,Rain,,True,Road 1: 9TH AVE (NEAR 2481 KINGSWAY DR); Vehicle #1     Make: HYUN     Model: AGG     Colour: BLU     Style: 4D; Vehicle #2     Make: FORD     Model: TST     Colour: WHI     Style: FV,5/3/2021 10:38:09 AM,,
49711,19233784,1570087680000,2019,10,3,7,28,0,Thursday,543072.85824,4812800.14237,-80.467508,43.466882,At intersection,1,Non-fatal injury,Within intersection,unknown,unknown,Turning movement,Unknown,Daylight,01 - Daylight,Regional municipality,unknown,Functioning,0,0,0,False,False,False,Rain,,False,Road 1: RIVERBEND DR (50 km/h); Road 2: WELLINGTON ST N (50 km/h); Vehicle #1     Make: DODG     Model: CXA     Colour: BLK     Style: 4D; Vehicle #2     Make: TOYT     Model: RV4     Colour: GRY     Style: TY,5/3/2021 10:40:02 AM,,
49712,19234107,1570113000000,2019,10,3,14,30,0,Thursday,544665.94223,4809171.58016,-80.448111,43.434117,Non intersection,2,P.D. only,Thru lane,unknown,unknown,Angle,Unknown,Daylight,01 - Daylight,Municipal (excl. Twp. Rd.),No control,unknown,0,0,0,False,False,False,Rain,,True,Road 1: FRANKLIN ST N; Road 2: WEBER ST E; Vehicle #1     Make: TOYT     Model: CEN     Colour: GRY     Style: TY; Vehicle #2     Make: NISS     Model: USE     Colour: GRY     Style: 4D,5/3/2021 10:38:14 AM,,
49713,19234124,1570116600000,2019,10,3,15,30,0,Thursday,545089.25184,4807802.91135,-80.442994,43.421768,Non intersection,2,P.D. only,Thru lane,unknown,unknown,Turning movement,Unknown,Daylight,01 - Daylight,Regional municipality,No control,unknown,0,0,0,False,False,False,Rain,,True,Road 1: WILSON AVE; Road 2: FAIRWAY RD S; Vehicle #1     Make: MAZD     Model: 3TR     Colour: GRY     Style: 4D; Vehicle #2     Make: BMW     Model: BX5     Colour: WHI     Style: TY,5/3/2021 10:38:01 AM,,
49714,19234152,1570114800000,2019,10,3,15,0,0,Thursday,541701.19313,4808844.83595,-80.48476699999999,43.431346,Non intersection,2,Non-reportable,Thru lane,unknown,unknown,SMV unattended vehicle,Unknown,Daylight,01 - Daylight,Municipal (excl. Twp. Rd.),No control,unknown,0,0,0,False,False,False,Clear,,True,Road 1: 145 HOFFMAN ST; Vehicle #1     Make:      Model:      Colour:      Style: ; Vehicle #2     Make: GMC     Model: DEN     Colour: BLK     Style: TY,5/3/2021 10:38:28 AM,,
49715,19234267,1570122000000,2019,10,3,17,0,0,Thursday,545965.13785,4803114.0427,-80.432568,43.379497,Non intersection,2,P.D. only,Thru lane,unknown,unknown,Other,Unknown,Daylight,01 - Daylight,Municipal (excl. Twp. Rd.),No control,unknown,0,0,0,False,False,False,Rain,,True,Road 1: 471 DOON SOUTH DR; Vehicle #1     Make: CHEV     Model: SIL     Colour: WHI     Style: PK; Vehicle #2     Make: HOND     Model: UCD     Colour: BRN     Style: 4D,5/3/2021 10:38:13 AM,,
49716,19234293,1570125240000,2019,10,3,17,54,0,Thursday,537848.3759,4809109.94591,-80.53235,43.433938,At intersection,1,Non-fatal injury,Within intersection,unknown,unknown,Angle,Unknown,Daylight,01 - Daylight,Municipal (excl. Twp. Rd.),Stop sign,Functioning,0,0,0,False,False,False,Rain,,False,Road 1: OPRINGTON DR (50 km/h); Road 2: BENESFORT DR (50 km/h); Vehicle #1     Make: TOYT     Model: LXS     Colour: BRN     Style: 4D; Vehicle #2     Make: HOND     Model: CRV     Colour: BLK     Style: 4W,5/3/2021 10:40:20 AM,,
49717,19234328,1570168800000,2019,10,4,6,0,0,Friday,536963.465,4808252.86924,-80.543342,43.426265,At/near private drive,2,P.D. only,Thru lane,unknown,unknown,Other,Unknown,Dark,07 - Dark,Municipal (excl. Twp. Rd.),No control,unknown,0,0,0,False,False,False,Clear,,True,Road 1: 478 BANKSIDE DR; Vehicle #1     Make: VOLK     Model: TIG     Colour: ONG     Style: TY; Vehicle #2     Make: HOND     Model: HRV     Colour: GRY     Style: TY,5/3/2021 10:40:53 AM,,
49718,19234834,1570183200000,2019,10,4,10,0,0,Friday,543973.83696,4808962.41324,-80.456679,43.432275,Non intersection,2,Non-reportable,Thru lane,unknown,unknown,SMV unattended vehicle,Unknown,Daylight,01 - Daylight,Municipal (excl. Twp. Rd.),No control,unknown,0,0,0,False,False,False,Clear,,True,Road 1: 117 2ND AVE; Vehicle #1     Make:      Model:      Colour:      Style: ; Vehicle #2     Make: HOND     Model: UDY     Colour: SIL     Style: VN,5/3/2021 10:38:28 AM,,
49719,19235099,1570177800000,2019,10,4,8,30,0,Friday,541512.2406,4810178.99707,-80.48700000000001,43.443369999999994,At/near private drive,2,P.D. only,Thru lane,unknown,unknown,Angle,Unknown,Daylight,01 - Daylight,Municipal (excl. Twp. Rd.),No control,unknown,0,0,0,False,False,False,Clear,,True,Road 1: CEDAR ST S; Road 2: COURTLAND AVE E; Vehicle #1     Make: TOYT     Model: CBS     Colour: GRY     Style: 4D; Vehicle #2     Make:      Model:      Colour:      Style:,5/3/2021 10:41:32 AM,,
49720,19235106,1570210200000,2019,10,4,17,30,0,Friday,543884.95311,4805122.07113,-80.458086,43.397701999999995,Non intersection,2,P.D. only,Thru lane,unknown,unknown,Rear end,Unknown,Daylight,01 - Daylight,Regional municipality,No control,unknown,0,0,0,False,False,False,Clear,,True,Road 1: HURON RD; Road 2: TRILLIUM DR; Vehicle #1     Make: CHEV     Model: CZT     Colour: GRY     Style: 4D; Vehicle #2     Make: GMC     Model: SAV     Colour: WHI     Style: VN,5/3/2021 10:38:11 AM,,
49721,19235146,1570210200000,2019,10,4,17,30,0,Friday,541104.28002,4811516.33065,-80.49194,43.455433,Intersection related,2,Non-reportable,Thru lane,unknown,unknown,Sideswipe,Unknown,Daylight,01 - Daylight,Regional municipality,Stop sign,Functioning,0,0,0,False,False,False,Clear,,True,Road 1: WATER ST; Road 2: VICTORIA ST KITCHENER; Vehicle #1     Make:      Model:      Colour:      Style: ; Vehicle #2     Make: FORD     Model: SPE     Colour: BLU     Style: TY,5/3/2021 10:39:48 AM,,
49722,19235181,1570214700000,2019,10,4,18,45,0,Friday,544763.45051,4808967.52035,-80.446923,43.432274,Non intersection,2,P.D. only,Thru lane,unknown,unknown,Turning movement,Unknown,Dark,07 - Dark,Municipal (excl. Twp. Rd.),No control,unknown,0,0,0,False,False,False,Clear,,True,Road 1: 9TH AVE; Road 2: KINGSWAY DR; Vehicle #1     Make: FORD     Model: SPE     Colour: BLK     Style: TY; Vehicle #2     Make: MAZD     Model: M3I     Colour: GRY     Style: 4D,5/3/2021 10:38:10 AM,,
49723,19235406,1570234320000,2019,10,5,0,12,0,Saturday,542544.53411,4806757.47309,-80.47451,43.412504,Non intersection,2,P.D. only,Thru lane,unknown,unknown,SMV other,Unknown,Dark,07 - Dark,Municipal (excl. Twp. Rd.),No control,unknown,1,0,0,False,False,False,Clear,,False,Road 1: CEDARHILL CRES (50 km/h); Road 2: HILLSIDE DR; Distance: 10.0 M W; Vehicle #1     Make: KIA     Model: OSX     Colour: GRY     Style: 4D,5/3/2021 10:37:05 AM,,
49724,19235537,1570254720000,2019,10,5,5,52,0,Saturday,540723.46844,4812265.09381,-80.496591,43.462196,Non intersection,2,P.D. only,Not on roadway - right side,unknown,unknown,SMV other,Unknown,"Dark, artificial","08 - Dark, artificial",Municipal (excl. Twp. Rd.),No control,unknown,0,0,0,False,False,False,Clear,,False,Road 1: 388 GUELPH ST (50 km/h); Road 2: GUELPH ST; Distance: 5.0 M S; Vehicle #1     Make: HOND     Model: CLL     Colour: BLK     Style: 4D,5/3/2021 10:37:02 AM,,
49725,19235832,1570282200000,2019,10,5,13,30,0,Saturday,541275.59899,4811759.01973,-80.48980399999999,43.457609,Intersection related,2,Non-reportable,Within intersection,unknown,unknown,SMV other,Unknown,Daylight,01 - Daylight,Regional municipality,Stop sign,Functioning,0,0,0,False,False,False,Clear,,True,Road 1: MARGARET AVE; Road 2: BREITHAUPT ST; Vehicle #1     Make: HOND     Model: ULS     Colour: GRY     Style: 4D,5/3/2021 10:39:50 AM,,
49726,19236000,1570300200000,2019,10,5,18,30,0,Saturday,540531.43874,4808623.26294,-80.499235,43.429415,Non intersection,2,P.D. only,Thru lane,unknown,unknown,Rear end,Unknown,Dark,07 - Dark,Municipal (excl. Twp. Rd.),No control,unknown,0,0,0,False,False,False,Clear,,True,Road 1: LAKESIDE DR; Road 2: GREENBROOK DR; Vehicle #1     Make: TOYT     Model: MTL     Colour: SIL     Style: 4D; Vehicle #2     Make: TOYT     Model: CBS     Colour: BLK     Style: 4D,5/3/2021 10:38:20 AM,,
49727,19236032,1570303980000,2019,10,5,19,33,0,Saturday,545034.41643,4807867.65336,-80.443666,43.422354999999996,Intersection related,1,Non-fatal injury,Within intersection,unknown,unknown,SMV other,Unknown,Dark,07 - Dark,Municipal (excl. Twp. Rd.),Traffic signal,Functioning,0,0,0,True,False,False,Clear,,False,Road 1: WILSON AVE (50 km/h); Road 2: KINGSWAY DR (50 km/h); Vehicle #1     Make: VOLK     Model: RAB     Colour: RED     Style: 4D,5/3/2021 10:39:10 AM,,