OBJECTID,ACCIDENTNUM,ACCIDENTDATE,ACCIDENT_YEAR,ACCIDENT_MONTH,ACCIDENT_DAY,ACCIDENT_HOUR,ACCIDENT_MINUTE,ACCIDENT_SECOND,ACCIDENT_WEEKDAY,XCOORD,YCOORD,LONGITUDE,LATITUDE,ACCIDENTLOCATION,COLLISIONTYPE,CLASSIFICATIONOFACCIDENT,IMPACTLOCATION,INITIALDIRECTIONOFTRAVELONE,INITIALDIRECTIONOFTRAVELTWO,INITIALIMPACTTYPE,INTTRAFFICCONTROL,LIGHT,LIGHTFORREPORT,ROADJURISDICTION,TRAFFICCONTROL,TRAFFICCONTROLCONDITION,THRULANENO,NORTHBOUNDDISOBEYCOUNT,SOUTHBOUNDDISOBEYCOUNT,PEDESTRIANINVOLVED,CYCLISTINVOLVED,MOTORCYCLISTINVOLVED,ENVIRONMENTCONDITION1,ENVIRONMENTCONDITION2,SELFREPORTED,XMLIMPORTNOTES,LASTEDITEDDATE,CREATE_BY,CREATE_DATE
49728,19236727,1570381440000,2019,10,6,17,4,0,Sunday,540077.32969,4805560.65629,-80.50507,43.401863999999996,At/near private drive,2,P.D. only,Thru lane,unknown,unknown,Other,Unknown,Daylight,01 - Daylight,Municipal (excl. Twp. Rd.),No control,unknown,1,0,0,False,False,False,Clear,,False,Road 1: 23  ISABELLA ST (50 km/h); Road 2: ISABELLA ST; Distance: 2.0 M N; Vehicle #1     Make: ACUR     Model: TSX     Colour: BLK     Style: 4D; Vehicle #2     Make: DODG     Model: CAR     Colour: SIL     Style: VN,5/3/2021 10:40:54 AM,,
49729,19237202,1570402800000,2019,10,6,23,0,0,Sunday,545672.16207,4809905.13427,-80.435617,43.440661999999996,Non intersection,2,P.D. only,Thru lane,unknown,unknown,SMV other,Unknown,Dark,07 - Dark,Municipal (excl. Twp. Rd.),No control,unknown,0,0,0,False,False,False,Clear,,True,Road 1: RIVER ROAD E; Road 2: OLD CHICOPEE DR; Vehicle #1     Make: TOYT     Model: YSE     Colour: WHI     Style: 4B,5/3/2021 10:38:47 AM,,
49730,19237229,1569999600000,2019,10,2,7,0,0,Wednesday,540943.55115,4811908.62216,-80.49389699999999,43.458974,At/near private drive,2,P.D. only,Thru lane,unknown,unknown,Other,Unknown,Dawn,03 - Dawn,Regional municipality,No control,unknown,0,0,0,False,False,False,Clear,,True,Road 1: AHRENS ST W; Road 2: VICTORIA ST; Vehicle #1     Make: GMC     Model: TER     Colour: BLK     Style: TY; Vehicle #2     Make:      Model:      Colour:      Style:,5/3/2021 10:41:32 AM,,
49731,19237313,1570104000000,2019,10,3,12,0,0,Thursday,539832.81266,4811144.65881,-80.507683,43.452155999999995,Intersection related,2,P.D. only,Thru lane,unknown,unknown,Other,Unknown,Daylight,01 - Daylight,Municipal (excl. Twp. Rd.),Traffic signal,Functioning,0,0,0,False,False,False,Clear,,True,Road 1: DOMINION ST; Road 2: PARK ST; Vehicle #1     Make: TOYT     Model: SIE     Colour: GRY     Style: VN; Vehicle #2     Make:      Model:      Colour:      Style:,5/3/2021 10:39:41 AM,,
49732,19237564,1570471200000,2019,10,7,18,0,0,Monday,545503.64111,4806101.36701,-80.43801599999999,43.406423,At/near private drive,2,Non-reportable,Thru lane,unknown,unknown,SMV other,Unknown,Daylight,01 - Daylight,Municipal (excl. Twp. Rd.),No control,unknown,0,0,0,False,False,False,Clear,,True,Road 1: 1094 WILSON AVE; Vehicle #1     Make: HOND     Model: CXG     Colour: BLK     Style: 4D,5/3/2021 10:41:41 AM,,
49733,19237580,1569567600000,2019,9,27,7,0,0,Friday,536180.11412,4809630.25165,-80.552928,43.438705,Non intersection,2,P.D. only,Thru lane,unknown,unknown,Sideswipe,Unknown,Dawn,03 - Dawn,Municipal (excl. Twp. Rd.),No control,unknown,0,0,0,False,False,False,Clear,,True,Road 1: 1100 COUNTRYSTONE DR; Vehicle #1     Make:      Model:      Colour:      Style: ; Vehicle #2     Make: HYUN     Model: SSE     Colour: BLK     Style: 4D,4/9/2021 5:53:02 PM,,
49734,19238001,1570464000000,2019,10,7,16,0,0,Monday,544912.43536,4812482.17712,-80.44479299999999,43.463910999999996,Intersection related,2,P.D. only,Thru lane,unknown,unknown,Rear end,Unknown,Daylight,01 - Daylight,Municipal (excl. Twp. Rd.),Stop sign,Functioning,0,0,0,False,False,False,Clear,,True,Road 1: NATCHEZ RD; Road 2: HALIFAX DR; Vehicle #1     Make: DODG     Model: CAR     Colour: SIL     Style: VN; Vehicle #2     Make: STRN     Model: SI3     Colour: RED     Style: 4D,5/3/2021 10:39:42 AM,,
49735,19238357,1570463100000,2019,10,7,15,45,0,Monday,542142.48436,4807089.878,-80.47945,43.41552,At/near private drive,2,Non-reportable,Thru lane,unknown,unknown,Angle,Unknown,Daylight,01 - Daylight,Municipal (excl. Twp. Rd.),No control,unknown,0,0,0,False,True,False,Clear,,True,Road 1: BLOCK LINE RD (IFO 655); Road 2: STRASBURG RD; Vehicle #1     Make:      Model:      Colour:      Style: ; Vehicle #2     Make: BICY     Model: KONA     Colour: BLK     Style: BIC,5/3/2021 10:40:52 AM,,
49736,19238960,1570545000000,2019,10,8,14,30,0,Tuesday,541504.32483,4813091.99361,-80.486876,43.469598999999995,At/near private drive,2,P.D. only,Thru lane,unknown,unknown,SMV unattended vehicle,Unknown,Daylight,01 - Daylight,Municipal (excl. Twp. Rd.),No control,unknown,0,0,0,False,False,False,Clear,,True,"Road 1: OXFORD KITCHENER , ONTARIO (IFO 101); Vehicle #1     Make: FORD     Model: SPE     Colour: BLK     Style: TY; Vehicle #2     Make: FORD     Model: COF     Colour: BRN     Style: PK",4/27/2022 10:42:36 AM,,
49737,19239146,1570633200000,2019,10,9,15,0,0,Wednesday,541600.95472,4806864.63041,-80.486156,43.413522,At intersection,2,P.D. only,Within intersection,unknown,unknown,Rear end,Unknown,Daylight,01 - Daylight,Municipal (excl. Twp. Rd.),Stop sign,Functioning,0,0,0,False,False,False,Clear,,True,Road 1: BLOCK LINE RD; Road 2: MECLLENEN PARK GATE; Vehicle #1     Make: PONT     Model: VA4     Colour: GRY     Style: 4B; Vehicle #2     Make: TOYT     Model: UCS     Colour: BRN     Style: 4D,5/3/2021 10:40:35 AM,,
49738,19239157,1570634700000,2019,10,9,15,25,0,Wednesday,539175.19219,4810911.54615,-80.515827,43.450091,Non intersection,2,P.D. only,Left shoulder,unknown,unknown,Turning movement,Unknown,Daylight,01 - Daylight,Municipal (excl. Twp. Rd.),No control,unknown,0,0,0,False,True,False,Clear,,False,Road 1: 564 BELMONT AVE W (50 km/h); Road 2: BELMONT AVE W; Distance: 1.0 M N; Vehicle #1     Make: TOYT     Model: CHL     Colour: GRY     Style: 4D; Vehicle #2     Make:      Model:      Colour:      Style:,5/3/2021 10:37:30 AM,,
49739,19239225,1570636800000,2019,10,9,16,0,0,Wednesday,542866.29039,4810786.48314,-80.470219,43.448763,At intersection,2,P.D. only,Within intersection,unknown,unknown,Angle,Unknown,Daylight,01 - Daylight,Municipal (excl. Twp. Rd.),Stop sign,unknown,0,0,0,False,False,False,Clear,,True,Road 1: EAST AVE; Road 2: STIRLING AVE N; Vehicle #1     Make: HYUN     Model: ESS     Colour: BLK     Style: 4D; Vehicle #2     Make: BMW     Model: 5XI     Colour: GRY     Style: 4D,5/3/2021 10:40:36 AM,,
49740,19239241,1570636800000,2019,10,9,16,0,0,Wednesday,542510.53167,4811504.04709,-80.47456,43.455244,Intersection related,2,P.D. only,Thru lane,unknown,unknown,Rear end,Unknown,Daylight,01 - Daylight,Municipal (excl. Twp. Rd.),Stop sign,unknown,0,0,0,False,False,False,Clear,,True,Road 1: EAST AVE; Road 2: BINGEMAN ST; Vehicle #1     Make: VOLK     Model: JET     Colour: WHI     Style: 4D; Vehicle #2     Make: VOLK     Model: GLI     Colour: BLK     Style: 4B,5/3/2021 10:39:43 AM,,
49741,19239643,1570694400000,2019,10,10,8,0,0,Thursday,543925.79543,4805134.33615,-80.45758,43.39781,Intersection related,2,P.D. only,Other,unknown,unknown,Rear end,Unknown,Daylight,01 - Daylight,Municipal (excl. Twp. Rd.),Stop sign,Functioning,0,0,0,False,False,False,Clear,,True,Road 1: OLD HURON RD; Vehicle #1     Make: HOND     Model: UDY     Colour: RED     Style: TY; Vehicle #2     Make: MAZD     Model: CX5     Colour: WHI     Style: TY,5/3/2021 10:39:36 AM,,
49742,19239754,1570701600000,2019,10,10,10,0,0,Thursday,538567.35601,4811181.92257,-80.52332,43.452557,At/near private drive,2,P.D. only,Thru lane,unknown,unknown,SMV unattended vehicle,Unknown,Daylight,01 - Daylight,Municipal (excl. Twp. Rd.),No control,unknown,0,0,0,False,False,False,Clear,,True,Road 1: UNION BLVD (IFO 273); Vehicle #1     Make: CHEV     Model: SIL     Colour: BLU     Style: CW; Vehicle #2     Make: FORD     Model: COF     Colour: BLK     Style: PK,5/3/2021 10:41:26 AM,,
49743,19239974,1570720800000,2019,10,10,15,20,0,Thursday,548244.72867,4804559.24877,-80.40430099999999,43.392365999999996,Non intersection,2,P.D. only,Thru lane,unknown,unknown,Angle,Unknown,Daylight,01 - Daylight,Regional municipality,No control,unknown,0,0,0,False,False,False,Clear,,True,Road 1: 299 DOON VALLEY DR; Road 2: HOMER WATSON BLVD KITCHENER; Vehicle #1     Make: KIA     Model: RIO     Colour: BLU     Style: 4B; Vehicle #2     Make: SUBA     Model: BM9     Colour: GRY     Style: 4D,4/27/2022 10:39:16 AM,,
49744,19240070,1570725000000,2019,10,10,16,30,0,Thursday,539568.31969,4811425.32306,-80.510931,43.454696999999996,Intersection related,2,P.D. only,Thru lane,unknown,unknown,Sideswipe,Unknown,Daylight,01 - Daylight,Municipal (excl. Twp. Rd.),Stop sign,Functioning,0,0,0,False,False,False,Clear,,True,Road 1: PARK ST; Road 2: GREEN ST; Vehicle #1     Make: ACUR     Model: 2TL     Colour: BRN     Style: 4D; Vehicle #2     Make: NISS     Model: SML     Colour: BLK     Style: 4D,5/3/2021 10:39:27 AM,,
49745,19240235,1570714800000,2019,10,10,13,40,0,Thursday,541140.80718,4810181.77292,-80.49158899999999,43.443414999999995,Non intersection,2,P.D. only,Thru lane,unknown,unknown,Other,Unknown,Daylight,01 - Daylight,Municipal (excl. Twp. Rd.),No control,unknown,0,0,0,False,False,False,Clear,,True,Road 1: 40 WHITNEY PLACE; Vehicle #1     Make: NISS     Model: ATL     Colour: GRY     Style: 4D; Vehicle #2     Make: RAM     Model: RTR     Colour: WHI     Style: CW,5/3/2021 10:37:51 AM,,
49746,19240552,1570783800000,2019,10,11,8,50,0,Friday,537442.595,4807904.34342,-80.537446,43.423103,At/near private drive,2,P.D. only,Thru lane,unknown,unknown,SMV unattended vehicle,Unknown,Daylight,01 - Daylight,Municipal (excl. Twp. Rd.),No control,unknown,0,0,0,False,False,False,Clear,,True,Road 1: 7 SPRUCEDALE CRESCENT; Vehicle #1     Make: HYUN     Model: SAN     Colour: WHI     Style: TY; Vehicle #2     Make: MNNI     Model: CTY     Colour: WHI     Style: SW,5/3/2021 10:41:22 AM,,
49747,19240776,1570725000000,2019,10,10,16,30,0,Thursday,542744.251,4812639.96959,-80.471582,43.465458999999996,Intersection related,2,P.D. only,Right turn lane,unknown,unknown,Rear end,Unknown,Daylight,01 - Daylight,Municipal (excl. Twp. Rd.),Stop sign,unknown,0,0,0,False,False,False,Clear,,True,Road 1: WELLINGTON ST N; Road 2: 7&8 RAMP KITCHENER; Vehicle #1     Make: NISS     Model: A2B     Colour: SIL     Style: 4D; Vehicle #2     Make: HOND     Model: FB2     Colour: SIL     Style: 4D,5/3/2021 10:39:16 AM,,
49748,19240903,1570809600000,2019,10,11,16,0,0,Friday,540874.01688,4811048.13689,-80.494821,43.451229999999995,Intersection related,2,P.D. only,Thru lane,unknown,unknown,Sideswipe,Unknown,Daylight,01 - Daylight,Municipal (excl. Twp. Rd.),Stop sign,unknown,0,0,0,False,False,False,Clear,,True,Road 1: WATER ST S; Road 2: HALLS LN; Vehicle #1     Make:      Model:      Colour:      Style: ; Vehicle #2     Make: TOYT     Model: UCS     Colour: SIL     Style: 4D,5/3/2021 10:39:27 AM,,
49749,19241065,1570821900000,2019,10,11,19,25,0,Friday,540436.03141,4805970.30008,-80.50061099999999,43.405533,Non intersection,2,Non-reportable,Thru lane,unknown,unknown,Rear end,Unknown,Dark,07 - Dark,Municipal (excl. Twp. Rd.),No control,unknown,0,0,0,False,False,False,Clear,,True,Road 1: MAX BECKER DR KITCHENER; Road 2: IFO ENT SHOPPING MALL STOP TO CHECK FOR TRAFFIC COMING FROM RIGHT; Vehicle #1     Make: SUBA     Model: XVC     Colour: SIL     Style: TY; Vehicle #2     Make: VOLK     Model: JET     Colour: WHI     Style: 4D,5/3/2021 10:38:32 AM,,
49750,19241125,1570823100000,2019,10,11,19,45,0,Friday,545275.26019,4806435.48991,-80.440809,43.409445,Intersection related,2,P.D. only,Right turn lane,unknown,unknown,Rear end,Stop sign,Dark,07 - Dark,Municipal (excl. Twp. Rd.),Stop sign,Functioning,0,0,0,False,False,False,Clear,,True,Road 1: WILSON AVE; Road 2: WABANAKI DR; Vehicle #1     Make:      Model:      Colour:      Style: ; Vehicle #2     Make: FIAT     Model: 5LG     Colour: RED     Style: 2B,5/3/2021 10:39:26 AM,,
49751,19241205,1570834080000,2019,10,11,22,48,0,Friday,545277.27031,4811934.10905,-80.440328,43.458954,Non intersection,2,P.D. only,Thru lane,unknown,unknown,SMV unattended vehicle,Unknown,Dark,07 - Dark,Municipal (excl. Twp. Rd.),No control,unknown,1,0,0,False,False,False,Clear,,False,Road 1: 77 QUEENSTON DR (50 km/h); Road 2: QUEENSTON DR; Distance: 3.0 M S; Vehicle #1     Make: DODG     Model: CAR     Colour: WHI     Style: VN; Vehicle #2     Make: GMC     Model: CAN     Colour: BLK     Style: PK,5/3/2021 10:37:06 AM,,
49752,19241450,1570866000000,2019,10,12,7,40,0,Saturday,543023.16387,4812775.32422,-80.468124,43.466662,Non intersection,2,Non-reportable,Thru lane,unknown,unknown,Sideswipe,Unknown,Daylight,01 - Daylight,Municipal (excl. Twp. Rd.),No control,unknown,0,0,0,False,False,False,Clear,,True,Road 1: WELLINGTON ST N; Road 2: RIVERBEND DR; Vehicle #1     Make: GMC     Model: SIE     Colour: RED     Style: DP; Vehicle #2     Make:      Model:      Colour:      Style:,5/3/2021 10:38:32 AM,,
49753,19241706,1570892400000,2019,10,12,15,0,0,Saturday,542361.38742,4810257.87429,-80.4765,43.444032,Non intersection,2,P.D. only,Thru lane,unknown,unknown,Rear end,Unknown,Daylight,01 - Daylight,Regional municipality,No control,unknown,0,0,0,False,False,False,Clear,,True,Road 1: KING ST E; Road 2: STIRLING AVE N; Vehicle #1     Make: FORD     Model: FSA     Colour: RED     Style: 4D; Vehicle #2     Make: AUDI     Model: S3P     Colour: WHI     Style: 4D,5/3/2021 10:37:52 AM,,
49754,19242268,1570018500000,2019,10,2,12,15,0,Wednesday,541309.77691,4803365.58405,-80.490017,43.382031999999995,Non intersection,2,Non-reportable,Thru lane,unknown,unknown,Angle,Unknown,Daylight,01 - Daylight,Municipal (excl. Twp. Rd.),No control,unknown,0,0,0,False,False,False,Rain,,True,Road 1: 1415 HURON RD; Vehicle #1     Make: MAZD     Model: M3S     Colour: SIL     Style: 4D; Vehicle #2     Make:      Model:      Colour:      Style:,5/3/2021 10:38:30 AM,,
49755,19242281,1570105800000,2019,10,3,12,30,0,Thursday,538251.20038,4809876.22904,-80.52731899999999,43.440816999999996,Intersection related,2,Non-reportable,Thru lane,unknown,unknown,Rear end,Unknown,Daylight,01 - Daylight,Municipal (excl. Twp. Rd.),Stop sign,Functioning,0,0,0,False,False,False,Clear,,True,Road 1: HAZELGLEN DR; Road 2: DALEGROVE DR; Vehicle #1     Make: MITS     Model: OUT     Colour: GRY     Style: TY; Vehicle #2     Make:      Model:      Colour:      Style:,5/3/2021 10:39:52 AM,,
49756,19242369,1570974000000,2019,10,13,13,40,0,Sunday,538545.88514,4809719.35536,-80.52368899999999,43.439389,At/near private drive,2,P.D. only,Off highway,unknown,unknown,SMV other,Unknown,Daylight,01 - Daylight,Municipal (excl. Twp. Rd.),No control,unknown,0,0,0,False,False,False,Clear,,False,Road 1: 24 MOOREGATE CRES (50 km/h); Road 2: MOOREGATE CRES; Distance: 3.0 M S; Vehicle #1     Make: TOYT     Model: UCS     Colour: BRN     Style: 4D,5/3/2021 10:40:55 AM,,
49757,19243011,1571054400000,2019,10,14,12,0,0,Monday,536712.32838,4808927.95508,-80.546399,43.432356,Non intersection,2,Non-reportable,Thru lane,unknown,unknown,SMV unattended vehicle,Unknown,Daylight,01 - Daylight,Municipal (excl. Twp. Rd.),No control,unknown,0,0,0,False,False,False,Clear,,True,Road 1: WESTFOREST TRAIL (IFO 335); Road 2: VICTORIA ST S; Vehicle #1     Make: HOND     Model: CRV     Colour: SIL     Style: TY; Vehicle #2     Make: HOND     Model: ATR     Colour: WHI     Style: 4D,5/3/2021 10:37:40 AM,,
49758,19243210,1571075880000,2019,10,14,17,58,0,Monday,542784.98146,4804145.22074,-80.471744,43.388968999999996,Intersection related,2,P.D. only,Within intersection,unknown,unknown,Rear end,Unknown,Daylight,01 - Daylight,Municipal (excl. Twp. Rd.),unknown,Functioning,0,0,0,False,False,False,Clear,,True,Road 1: NEWCASTLE DR; Road 2: HURON RD; Vehicle #1     Make: MAZD     Model: CX9     Colour: BLK     Style: TY; Vehicle #2     Make: HOND     Model: UAX     Colour: GRY     Style: 4D,5/3/2021 10:39:30 AM,,
49759,19243317,1571085000000,2019,10,14,20,30,0,Monday,541822.71212,4808941.18436,-80.48325799999999,43.432207,At/near private drive,1,Non-fatal injury,Thru lane,unknown,unknown,SMV other,Unknown,"Dark, artificial","08 - Dark, artificial",Municipal (excl. Twp. Rd.),No control,unknown,1,0,0,True,False,False,Clear,,False,Road 1: MEINZINGER AVE (50 km/h); Road 2: HOFFMAN ST; Distance: 40.0 M N; Vehicle #1     Make:      Model:      Colour:      Style:,5/3/2021 10:40:54 AM,,
49760,19243549,1571124600000,2019,10,15,7,30,0,Tuesday,541269.72516,4809005.71878,-80.490085,43.432818999999995,At/near private drive,2,P.D. only,Thru lane,unknown,unknown,Angle,Unknown,Daylight,01 - Daylight,Municipal (excl. Twp. Rd.),No control,unknown,0,0,0,False,False,False,Clear,,True,Road 1: 150 HEIMAN ST; Vehicle #1     Make: TOYT     Model: CYR     Colour: SIL     Style: 4B; Vehicle #2     Make: CHEV     Model: RAX     Colour: RED     Style: TY,5/3/2021 10:41:34 AM,,
49761,19243652,1571136300000,2019,10,15,10,45,0,Tuesday,539079.05032,4811110.27672,-80.517001,43.451885999999995,Intersection related,2,P.D. only,Within intersection,unknown,unknown,Sideswipe,Unknown,Daylight,01 - Daylight,Municipal (excl. Twp. Rd.),Traffic signal,unknown,0,0,0,False,False,False,Clear,,True,Road 1: GLASGOW ST; Road 2: BELMONT AVE W; Vehicle #1     Make: CHEV     Model: EQU     Colour: RED     Style: TY; Vehicle #2     Make: KIA     Model: SPO     Colour: BLU     Style: TY,5/3/2021 10:39:43 AM,,
49762,19243698,1569402300000,2019,9,25,9,5,0,Wednesday,546300.41797,4808614.28528,-80.42796299999999,43.429,Non intersection,2,P.D. only,Right shoulder,unknown,unknown,SMV unattended vehicle,Unknown,Daylight,01 - Daylight,Municipal (excl. Twp. Rd.),No control,unknown,0,0,0,False,False,False,Clear,,True,Road 1: 392 SOUTHILL DR; Vehicle #1     Make:      Model:      Colour:      Style: ; Vehicle #2     Make: VOLK     Model: JTT     Colour: SIL     Style: 4D,4/9/2021 5:53:02 PM,,
49763,19243747,1571144400000,2019,10,15,13,0,0,Tuesday,538628.22323,4811281.91228,-80.522561,43.453455,At intersection,2,P.D. only,Within intersection,unknown,unknown,Angle,Unknown,Daylight,01 - Daylight,Municipal (excl. Twp. Rd.),Stop sign,unknown,0,0,0,False,False,False,Clear,,True,Road 1: DUNBAR RD; Road 2: UNION BLVD; Vehicle #1     Make: NISS     Model: SML     Colour: BLK     Style: 4D; Vehicle #2     Make: MERZ     Model: GK3     Colour: BLK     Style: TY,5/3/2021 10:40:27 AM,,
49764,19243845,1571150700000,2019,10,15,14,45,0,Tuesday,539282.62348,4808119.63338,-80.5147,43.424946999999996,Non intersection,2,P.D. only,Thru lane,unknown,unknown,Sideswipe,Unknown,Daylight,01 - Daylight,Municipal (excl. Twp. Rd.),No control,unknown,0,0,0,False,False,False,Clear,,True,Road 1: 71 BIRCHCLIFF AVE (NEAT ST PAULS CATHOLIC SCHOOL); Vehicle #1     Make: DODG     Model: CAR     Colour: RED     Style: VN; Vehicle #2     Make:      Model:      Colour:      Style:,5/3/2021 10:37:53 AM,,
49765,19244301,1571210700000,2019,10,16,7,25,0,Wednesday,544089.49481,4804627.18165,-80.4556,43.393234,At intersection,2,P.D. only,Within intersection,unknown,unknown,SMV other,Unknown,Daylight,01 - Daylight,Municipal (excl. Twp. Rd.),unknown,Functioning,0,0,0,True,False,False,Rain,,False,Road 1: BLACK WALNUT DR (50 km/h); Road 2: BIEHN DR (50 km/h); Vehicle #1     Make:      Model:      Colour:      Style: ; Vehicle #2     Make:      Model:      Colour:      Style:,5/3/2021 10:40:14 AM,,
49766,19244546,1571231880000,2019,10,16,13,18,0,Wednesday,543175.50465,4807694.79167,-80.46664299999999,43.420908,Non intersection,2,P.D. only,Not on roadway - right side,unknown,unknown,SMV other,Unknown,Daylight,01 - Daylight,Municipal (excl. Twp. Rd.),No control,unknown,0,0,0,False,False,False,Clear,,False,Road 1: LENNOX LEWIS WAY (50 km/h); Road 2: BLOCK LINE RD; Distance: 200.0 M W; Vehicle #1     Make: VOLK     Model: A5J     Colour: SIL     Style: 4D,5/3/2021 10:38:22 AM,,
49767,19244657,1571239800000,2019,10,16,15,30,0,Wednesday,545274.30764,4806434.04529,-80.440821,43.409431999999995,At intersection,2,P.D. only,Within intersection,unknown,unknown,Angle,Stop sign,Daylight,01 - Daylight,Municipal (excl. Twp. Rd.),Stop sign,Functioning,0,0,0,False,False,False,Clear,,True,Road 1: WILSON AVE; Road 2: WABANAKI DR; Vehicle #1     Make: FORD     Model: SRW     Colour: SIL     Style: CT; Vehicle #2     Make: HOND     Model: UEX     Colour: SIL     Style: 4D,5/3/2021 10:40:28 AM,,
49768,19244889,1571128200000,2019,10,15,8,30,0,Tuesday,539567.19568,4811427.41231,-80.51094499999999,43.454716,Intersection related,2,Non-reportable,Thru lane,unknown,unknown,Angle,Unknown,Daylight,01 - Daylight,Municipal (excl. Twp. Rd.),Stop sign,Functioning,0,0,0,False,False,False,Clear,,True,Road 1: PARK ST; Road 2: GREEN ST; Vehicle #1     Make:      Model:      Colour:      Style: ; Vehicle #2     Make: KIA     Model: SPO     Colour: GRY     Style: TY,5/3/2021 10:39:50 AM,,
49769,19244915,1571239200000,2019,10,16,15,20,0,Wednesday,545855.80836,4804741.36546,-80.433781,43.394155999999995,Intersection related,2,P.D. only,Left turn lane,unknown,unknown,Rear end,Unknown,Daylight,01 - Daylight,Municipal (excl. Twp. Rd.),Stop sign,unknown,0,0,0,False,False,False,Clear,,True,Road 1: OLD CARRIAGE DR; Road 2: PIONEER DR; Vehicle #1     Make: NISS     Model: SML     Colour: GRY     Style: 4D; Vehicle #2     Make: MAZD     Model: CX9     Colour: SIL     Style: TY,5/3/2021 10:39:24 AM,,
49770,19245352,1571251500000,2019,10,16,18,45,0,Wednesday,545033.76866,4807867.75074,-80.443674,43.422356,Intersection related,2,P.D. only,Thru lane,unknown,unknown,Sideswipe,Unknown,Dark,07 - Dark,Municipal (excl. Twp. Rd.),Traffic signal,Functioning,0,0,0,False,False,False,Rain,,True,Road 1: KINGSWAY DR; Road 2: WILSON AVE; Vehicle #1     Make: VOLK     Model: JSA     Colour: WHI     Style: 4D; Vehicle #2     Make: DODG     Model: CHA     Colour: RED     Style: 4D,5/3/2021 10:39:10 AM,,
49771,19245481,1571310000000,2019,10,17,11,0,0,Thursday,541874.59696,4810743.78416,-80.482479,43.448434999999996,At intersection,2,P.D. only,Thru lane,unknown,unknown,Other,Unknown,Daylight,01 - Daylight,Municipal (excl. Twp. Rd.),unknown,Functioning,0,0,0,False,False,False,Clear,,True,Road 1: DUKE ST KITCHENER; Road 2: CEDAR ST; Vehicle #1     Make:      Model:      Colour:      Style: ; Vehicle #2     Make: ACUR     Model: CSX     Colour: SIL     Style: 4D,4/27/2022 10:41:41 AM,,
49772,19245483,1571256000000,2019,10,16,20,0,0,Wednesday,542095.86727,4809821.53205,-80.479815,43.440118,Non intersection,2,P.D. only,Thru lane,unknown,unknown,Other,Unknown,Dark,07 - Dark,Municipal (excl. Twp. Rd.),No control,unknown,0,0,0,False,False,False,Clear,,True,Road 1: 175 KENT AVE; Vehicle #1     Make: CHEV     Model: 2KN     Colour: WHI     Style: PK; Vehicle #2     Make: HOND     Model: UCD     Colour: SIL     Style: 4D,5/3/2021 10:38:35 AM,,
49773,19245628,1571317200000,2019,10,17,13,0,0,Thursday,539890.94873,4808073.44629,-80.507189,43.424499,At/near private drive,2,Non-reportable,Thru lane,unknown,unknown,SMV unattended vehicle,Unknown,Daylight,01 - Daylight,Municipal (excl. Twp. Rd.),No control,unknown,0,0,0,False,False,False,Clear,,True,Road 1: 244 STONEY BROOK DR KITCHENER; Vehicle #1     Make: BUIC     Model: ENR     Colour: GRY     Style: TY; Vehicle #2     Make:      Model:      Colour:      Style:,5/3/2021 10:41:45 AM,,
49774,19245716,1571342400000,2019,10,17,20,0,0,Thursday,540216.87732,4805819.27843,-80.503328,43.404185,At intersection,2,P.D. only,Thru lane,unknown,unknown,SMV other,Unknown,Dark,07 - Dark,Municipal (excl. Twp. Rd.),unknown,Functioning,1,0,0,False,False,False,Clear,,False,Road 1: COMMONWEALTH ST (50 km/h); Road 2: MAX BECKER DR (50 km/h); Vehicle #1     Make: SUBA     Model: IMP     Colour: SIL     Style: SW,5/3/2021 10:40:13 AM,,
49775,19245752,1571324400000,2019,10,17,15,0,0,Thursday,540466.31865,4810914.68172,-80.49987,43.450050999999995,At/near private drive,2,P.D. only,Thru lane,unknown,unknown,Other,Unknown,Daylight,01 - Daylight,Regional municipality,No control,unknown,0,0,0,False,False,False,Clear,,True,Road 1: OAK ST; Road 2: VICTORIA ST S; Vehicle #1     Make: TOYT     Model: UXS     Colour: GRY     Style: 4D; Vehicle #2     Make: HYUN     Model: ELA     Colour: GRY     Style: 4D,5/3/2021 10:41:24 AM,,
49776,19246052,1571390100000,2019,10,18,9,15,0,Friday,547652.41457,4804030.58887,-80.41166,43.387643999999995,Non intersection,2,P.D. only,Left turn lane,unknown,unknown,Sideswipe,Unknown,Daylight,01 - Daylight,Municipal (excl. Twp. Rd.),No control,unknown,0,0,0,False,False,False,Clear,,True,Road 1: CONESTOGA COLLEGE BLVD (LOWER DOON); Vehicle #1     Make: HYUN     Model: ESS     Colour: WHI     Style: 4D; Vehicle #2     Make: MITS     Model: LGT     Colour: BLK     Style: 4D,8/16/2022 2:55:36 PM,,
49777,19246243,1571402700000,2019,10,18,12,45,0,Friday,545483.41246,4808404.99396,-80.438074,43.427166,At/near private drive,2,P.D. only,Thru lane,unknown,unknown,Angle,Unknown,Daylight,01 - Daylight,Municipal (excl. Twp. Rd.),No control,unknown,0,0,0,False,False,False,Clear,,True,Road 1: 2885 KINGSWAY DR; Vehicle #1     Make: TOYT     Model: CBL     Colour: GRY     Style: 4D; Vehicle #2     Make: CHRY     Model: 2LX     Colour: SIL     Style: 4D,5/3/2021 10:41:25 AM,,