OBJECTID,ACCIDENTNUM,ACCIDENTDATE,ACCIDENT_YEAR,ACCIDENT_MONTH,ACCIDENT_DAY,ACCIDENT_HOUR,ACCIDENT_MINUTE,ACCIDENT_SECOND,ACCIDENT_WEEKDAY,XCOORD,YCOORD,LONGITUDE,LATITUDE,ACCIDENTLOCATION,COLLISIONTYPE,CLASSIFICATIONOFACCIDENT,IMPACTLOCATION,INITIALDIRECTIONOFTRAVELONE,INITIALDIRECTIONOFTRAVELTWO,INITIALIMPACTTYPE,INTTRAFFICCONTROL,LIGHT,LIGHTFORREPORT,ROADJURISDICTION,TRAFFICCONTROL,TRAFFICCONTROLCONDITION,THRULANENO,NORTHBOUNDDISOBEYCOUNT,SOUTHBOUNDDISOBEYCOUNT,PEDESTRIANINVOLVED,CYCLISTINVOLVED,MOTORCYCLISTINVOLVED,ENVIRONMENTCONDITION1,ENVIRONMENTCONDITION2,SELFREPORTED,XMLIMPORTNOTES,LASTEDITEDDATE,CREATE_BY,CREATE_DATE
49929,19269795,1574044200000,2019,11,18,2,30,0,Monday,542209.20178,4814348.43637,-80.478064,43.480872,Non intersection,2,P.D. only,Thru lane,unknown,unknown,SMV other,Unknown,Dark,07 - Dark,Regional municipality,No control,unknown,0,0,0,False,False,False,Clear,,True,Road 1: BLOOMINGDALE RD N; Road 2: BRIDGE ST E; Vehicle #1     Make: NISS     Model: PFI     Colour: SIL     Style: TY,5/3/2021 10:37:58 AM,,
49930,19270045,1574079300000,2019,11,18,12,15,0,Monday,541559.53324,4810927.78236,-80.486358,43.450109,At/near private drive,2,Non-reportable,Thru lane,unknown,unknown,SMV unattended vehicle,Unknown,Daylight,01 - Daylight,Regional municipality,No control,unknown,0,0,0,False,False,False,Clear,,True,Road 1: DUKE ST E; Road 2: FREDERICK ST; Vehicle #1     Make:      Model:      Colour:      Style: ; Vehicle #2     Make: NISS     Model: ROG     Colour: BLK     Style: TY,8/16/2022 2:56:48 PM,,
49931,19270211,1574090400000,2019,11,18,15,20,0,Monday,544514.8004,4808391.0136,-80.450042,43.427098,Intersection related,2,P.D. only,Within intersection,unknown,unknown,Angle,Unknown,Daylight,01 - Daylight,Municipal (excl. Twp. Rd.),Stop sign,Functioning,0,0,1,False,False,False,Clear,,True,Road 1: GREENFIELD AVE; Road 2: 9TH AVE; Vehicle #1     Make: HOND     Model: UDY     Colour: RED     Style: VN; Vehicle #2     Make: CHEV     Model: AVT     Colour: BLK     Style: 4D,5/3/2021 10:39:29 AM,,
49932,19270345,1574005800000,2019,11,17,15,50,0,Sunday,543664.95843,4812460.71254,-80.46021499999999,43.463792,Non intersection,2,P.D. only,Thru lane,unknown,unknown,Other,Unknown,Daylight,01 - Daylight,Municipal (excl. Twp. Rd.),No control,unknown,0,0,0,False,False,False,Clear,,True,Road 1: 68 TURNER AVE; Vehicle #1     Make: MITS     Model: LES     Colour: BLK     Style: 4D; Vehicle #2     Make:      Model:      Colour:      Style:,5/3/2021 10:37:58 AM,,
49933,19270405,1574098200000,2019,11,18,17,30,0,Monday,541149.42571,4810647.8259,-80.49144799999999,43.447610999999995,Intersection related,2,P.D. only,Thru lane,unknown,unknown,Angle,Unknown,Dark,07 - Dark,Municipal (excl. Twp. Rd.),Stop sign,unknown,0,0,0,False,False,False,Clear,,True,Road 1: ST GEORGE ST; Road 2: QUEEN ST S; Vehicle #1     Make: TOYT     Model: MTL     Colour: GRY     Style: 4D; Vehicle #2     Make:      Model:      Colour:      Style:,5/3/2021 10:39:29 AM,,
49934,19270625,1574152800000,2019,11,19,8,40,0,Tuesday,542066.78178,4807089.98523,-80.480385,43.415524999999995,Non intersection,2,P.D. only,Thru lane,unknown,unknown,Rear end,Unknown,Daylight,01 - Daylight,Municipal (excl. Twp. Rd.),No control,unknown,0,0,0,False,False,False,Clear,,True,Road 1: BLOCK LINE RD; Road 2: FALLOWFIELD; Vehicle #1     Make: NISS     Model: ROS     Colour: WHI     Style: 4W; Vehicle #2     Make: HOND     Model: CTU     Colour: GRY     Style: 4D,5/3/2021 10:38:54 AM,,
49935,19270934,1573470000000,2019,11,11,11,0,0,Monday,539546.0627,4811443.35786,-80.51120499999999,43.45486,Non intersection,2,Non-reportable,Thru lane,unknown,unknown,Rear end,Unknown,Daylight,01 - Daylight,Municipal (excl. Twp. Rd.),No control,unknown,0,0,0,False,False,False,Snow,,True,Road 1: PARK ST KITCHENER; Road 2: GLIDNER ST; Vehicle #1     Make: HOND     Model: UDY     Colour: SIL     Style: VN; Vehicle #2     Make: TOYT     Model: RV4     Colour: GRY     Style: TY,5/3/2021 10:37:16 AM,,
49936,19271043,1574184600000,2019,11,19,17,30,0,Tuesday,540145.72268,4810120.9341,-80.503891,43.442921,Intersection related,2,P.D. only,Thru lane,unknown,unknown,Sideswipe,Unknown,Dark,07 - Dark,Municipal (excl. Twp. Rd.),Stop sign,unknown,0,0,0,False,False,False,Clear,,True,Road 1: HOMEWOOD AVE; Road 2: WEST AVE; Vehicle #1     Make: RAM     Model: RTR     Colour: BLU     Style: PK; Vehicle #2     Make: CHEV     Model: SIL     Colour: GRY     Style: PK,5/3/2021 10:39:35 AM,,
49937,19271056,1573463400000,2019,11,11,9,10,0,Monday,539822.35185,4811431.36742,-80.507791,43.454738,Non intersection,2,Non-reportable,Off highway,unknown,unknown,Sideswipe,Unknown,Daylight,01 - Daylight,Municipal (excl. Twp. Rd.),No control,unknown,0,0,0,False,False,False,Snow,,True,Road 1: WALTER ST; Road 2: GRUHN ST; Vehicle #1     Make: TOYT     Model: CHB     Colour: GRN     Style: 4D; Vehicle #2     Make:      Model:      Colour:      Style:,5/3/2021 10:37:16 AM,,
49938,19271058,1573467300000,2019,11,11,10,15,0,Monday,538071.62506,4807547.4835,-80.529701,43.419858,Intersection related,2,P.D. only,Thru lane,unknown,unknown,Rear end,Unknown,Daylight,01 - Daylight,Municipal (excl. Twp. Rd.),unknown,Functioning,0,0,0,False,False,False,Snow,,True,Road 1: WESTHEIGHTS DR; Road 2: MCGARRY DR; Vehicle #1     Make: HOND     Model: UDY     Colour: RED     Style: TY; Vehicle #2     Make:      Model:      Colour:      Style:,5/3/2021 10:39:23 AM,,
49939,19271095,1574188800000,2019,11,19,18,40,0,Tuesday,544620.9833,4808639.98846,-80.44870999999999,43.429334,At intersection,2,P.D. only,Within intersection,unknown,unknown,Angle,Unknown,Dark,07 - Dark,Municipal (excl. Twp. Rd.),Stop sign,Functioning,0,0,1,False,False,False,Clear,,False,Road 1: CONNAUGHT ST (50 km/h); Road 2: EIGHTH AVE (50 km/h); Vehicle #1     Make: CHEV     Model: IMT     Colour: GRY     Style: 4D; Vehicle #2     Make: NOVA     Model: HEV     Colour: WHI     Style: BU,5/3/2021 10:40:16 AM,,
49940,19271135,1574191800000,2019,11,19,19,30,0,Tuesday,542633.17451,4810832.88042,-80.473097,43.449194,At intersection,2,Non-reportable,Within intersection,unknown,unknown,Angle,Unknown,Dark,07 - Dark,Municipal (excl. Twp. Rd.),Stop sign,unknown,0,0,0,False,False,False,Clear,,True,Road 1: PANDORA AVE N; Road 2: LYDIA ST; Vehicle #1     Make: DODG     Model: CAR     Colour: BLU     Style: VN; Vehicle #2     Make:      Model:      Colour:      Style:,5/3/2021 10:40:36 AM,,
49941,19271176,1574195700000,2019,11,19,20,35,0,Tuesday,542633.23711,4810830.54928,-80.473096,43.449172999999995,At intersection,2,P.D. only,Within intersection,unknown,unknown,Angle,Unknown,Dark,07 - Dark,Municipal (excl. Twp. Rd.),Stop sign,Functioning,0,0,0,False,False,False,Clear,,False,Road 1: PANDORA CRES (50 km/h); Road 2: LYDIA ST (50 km/h); Vehicle #1     Make: MAZD     Model: M3S     Colour: GRY     Style: 4D; Vehicle #2     Make:      Model:      Colour:      Style:,5/3/2021 10:40:16 AM,,
49942,19271216,1574090400000,2019,11,18,15,20,0,Monday,542284.80124,4807780.33634,-80.477639,43.421729,Other,2,Non-reportable,Not on roadway - left side,unknown,unknown,SMV unattended vehicle,Unknown,Daylight,01 - Daylight,Municipal (excl. Twp. Rd.),No control,unknown,0,0,0,False,False,False,Clear,,True,Road 1: 214 KINGSWOOD DR; Vehicle #1     Make:      Model:      Colour:      Style: ; Vehicle #2     Make: CHEV     Model: EQU     Colour: RED     Style: TY,5/3/2021 10:41:56 AM,,
49943,19271223,1572632100000,2019,11,1,18,15,0,Friday,544934.2271,4811085.23051,-80.444638,43.451332,Non intersection,2,P.D. only,Thru lane,unknown,unknown,Rear end,Unknown,Dark,07 - Dark,Regional municipality,No control,unknown,0,0,0,False,False,False,Clear,,True,Road 1: RIVER RD E; Road 2: OTTAWA ST N; Vehicle #1     Make:      Model:      Colour:      Style: ; Vehicle #2     Make: CHEV     Model: BLU     Colour: SIL     Style: PK,5/3/2021 10:37:34 AM,,
49944,19271465,1574157600000,2019,11,19,10,0,0,Tuesday,540011.00832,4807360.60317,-80.505758,43.418074,Non intersection,2,P.D. only,Right shoulder,unknown,unknown,SMV unattended vehicle,Unknown,Daylight,01 - Daylight,Municipal (excl. Twp. Rd.),No control,unknown,0,0,0,False,False,False,Clear,,True,Road 1: 79 HILLSBOROUGH CRESCENT KITCHENER; Vehicle #1     Make:      Model:      Colour:      Style: ; Vehicle #2     Make: FORD     Model: COF     Colour: WHI     Style: PK,5/3/2021 10:38:04 AM,,
49945,19271683,1574256600000,2019,11,20,13,30,0,Wednesday,540807.60399,4810879.15623,-80.495655,43.449712999999996,At intersection,2,P.D. only,Left turn lane,unknown,unknown,Turning movement,Unknown,Daylight,01 - Daylight,Regional municipality,Traffic signal,Functioning,0,0,0,False,False,False,Clear,,True,Road 1: WATER ST; Road 2: JOSEPH ST; Vehicle #1     Make: HOND     Model: ULX     Colour: WHI     Style: 4D; Vehicle #2     Make: HOND     Model: ULS     Colour: BLK     Style: 4D,5/3/2021 10:40:31 AM,,
49946,19271696,1574013600000,2019,11,17,18,0,0,Sunday,541647.77116,4805899.9469,-80.48565099999999,43.404832999999996,Non intersection,2,P.D. only,Thru lane,unknown,unknown,SMV other,Unknown,Dark,07 - Dark,Regional municipality,No control,unknown,0,0,0,False,False,False,Clear,,True,Road 1: THISTLEDOWN DR; Road 2: BLEAMS RD; Vehicle #1     Make: BMW     Model: 35X     Colour: BLK     Style: 4D,5/3/2021 10:37:34 AM,,
49947,19271851,1573466400000,2019,11,11,10,0,0,Monday,539080.50093,4811108.84791,-80.516983,43.451873,Intersection related,2,P.D. only,Within intersection,unknown,unknown,Angle,Unknown,Daylight,01 - Daylight,Municipal (excl. Twp. Rd.),Traffic signal,Functioning,0,0,0,False,False,False,Snow,,True,Road 1: BELMONT AVE W; Road 2: GLASGOW ST; Vehicle #1     Make: CHEV     Model: TRV     Colour: WHI     Style: TY; Vehicle #2     Make: AUDI     Model: AQ5     Colour: BLK     Style: TY,5/3/2021 10:40:07 AM,,
49948,19272415,1574167500000,2019,11,19,12,45,0,Tuesday,539077.27409,4811106.57762,-80.517023,43.451853,Intersection related,2,P.D. only,Thru lane,unknown,unknown,Angle,Unknown,Daylight,01 - Daylight,Municipal (excl. Twp. Rd.),Traffic signal,Functioning,0,0,0,False,False,False,Clear,,True,Road 1: GLASGOW ST; Road 2: BELMONT AVE W; Vehicle #1     Make: FORD     Model: VAN     Colour: WHI     Style: FV; Vehicle #2     Make: MAZD     Model: 3TR     Colour: WHI     Style: 4B,5/3/2021 10:39:44 AM,,
49949,19272420,1574270700000,2019,11,20,17,25,0,Wednesday,539730.46628,4810698.89378,-80.50898,43.448147,Non intersection,2,Non-reportable,Thru lane,unknown,unknown,Rear end,Unknown,Dark,07 - Dark,Municipal (excl. Twp. Rd.),No control,unknown,0,0,0,False,False,False,Clear,,True,Road 1: 25 WAVERLY RD; Vehicle #1     Make:      Model:      Colour:      Style: ; Vehicle #2     Make: CHEV     Model: EXP     Colour: WHI     Style: FV,5/3/2021 10:38:29 AM,,
49950,19272529,1574327700000,2019,11,21,9,15,0,Thursday,536105.98752,4809194.41392,-80.553873,43.434784,Non intersection,2,P.D. only,Right shoulder,unknown,unknown,Approaching,Unknown,Daylight,01 - Daylight,Municipal (excl. Twp. Rd.),No control,unknown,0,0,0,False,False,False,Clear,,True,Road 1: COUNTRYSTONE CRESCENT; Road 2: GARDEN PATH PL; Vehicle #1     Make: CHEV     Model: EXP     Colour: WHI     Style: FV; Vehicle #2     Make: FORD     Model: COF     Colour: BLK     Style: PK; Vehicle #3     Make:      Model:      Colour:      Style,5/3/2021 10:38:05 AM,,
49951,19272551,1573577100000,2019,11,12,16,45,0,Tuesday,541979.28654,4810675.78097,-80.48119,43.447817,At intersection,2,P.D. only,Within intersection,unknown,unknown,Angle,Unknown,Dusk,05 - Dusk,Municipal (excl. Twp. Rd.),Stop sign,Functioning,0,0,0,False,False,False,Clear,,True,Road 1: DUKE ST W; Road 2: MADISON; Vehicle #1     Make: MAZD     Model: M3I     Colour: BLK     Style: 4D; Vehicle #2     Make: SUBA     Model: TRI     Colour: BGE     Style: TY,5/3/2021 10:40:32 AM,,
49952,19272558,1573743600000,2019,11,14,15,0,0,Thursday,541941.17707,4810609.2418,-80.48166599999999,43.44722,At/near private drive,2,Non-reportable,Thru lane,unknown,unknown,SMV unattended vehicle,Unknown,Daylight,01 - Daylight,Municipal (excl. Twp. Rd.),No control,unknown,0,0,0,False,False,False,Clear,,True,Road 1: 18 MADISON AVE N; Road 2: MADISON AVE N; Vehicle #1     Make:      Model:      Colour:      Style: ; Vehicle #2     Make: TOYT     Model: MTL     Colour: WHI     Style: 4D,5/3/2021 10:41:51 AM,,
49953,19272603,1574359200000,2019,11,21,18,0,0,Thursday,541182.80194,4810693.85517,-80.49103199999999,43.448024,At intersection,1,Non-fatal injury,Within intersection,unknown,unknown,SMV other,Unknown,Dark,07 - Dark,Regional municipality,Traffic signal,Functioning,0,0,0,True,False,False,Rain,,False,Road 1: QUEEN ST S (50 km/h); Road 2: JOSEPH ST (50 km/h); Distance: 5.0 M W; Vehicle #1     Make: HOND     Model: UDY     Colour: BLK     Style: TY,5/3/2021 10:40:18 AM,,
49954,19272636,1574278800000,2019,11,20,19,40,0,Wednesday,540041.83543,4811533.6602,-80.505071,43.455647,At/near private drive,2,P.D. only,Thru lane,unknown,unknown,SMV unattended vehicle,Unknown,Dark,07 - Dark,Municipal (excl. Twp. Rd.),No control,unknown,0,0,0,False,False,False,Rain,,True,Road 1: 14 SHANLEY ST (IN FRONT OF 14 SHANLEY); Road 2: SHANLEY ST; Vehicle #1     Make: TOYT     Model: RG4     Colour: BRN     Style: TY; Vehicle #2     Make: FORD     Model: FTU     Colour: GRY     Style: 4B,5/3/2021 10:41:29 AM,,
49955,19272637,1573479540000,2019,11,11,13,39,0,Monday,543005.14661,4806161.55744,-80.468868,43.407112,Non intersection,2,P.D. only,Thru lane,unknown,unknown,Approaching,Unknown,Daylight,01 - Daylight,Municipal (excl. Twp. Rd.),No control,unknown,0,0,0,False,False,False,Snow,,True,Road 1: SHOEMAKER ST (IFO 131); Road 2: STRASBURG RD; Vehicle #1     Make: FORD     Model: FSI     Colour: BLK     Style: 4B; Vehicle #2     Make: INTL     Model: 40S     Colour: BLK     Style: CT,5/3/2021 10:37:26 AM,,
49956,19272649,1573548000000,2019,11,12,8,40,0,Tuesday,542126.16005,4810408.72662,-80.479396,43.445403999999996,Non intersection,2,P.D. only,Thru lane,unknown,unknown,Rear end,Unknown,Daylight,01 - Daylight,Regional municipality,No control,unknown,0,0,0,False,False,False,Clear,,True,Road 1: KING ST E; Road 2: BETZNER AVE S; Vehicle #1     Make: NISS     Model: MUR     Colour: RED     Style: TY; Vehicle #2     Make: FORD     Model: -     Colour: WHI     Style: VN,5/3/2021 10:39:03 AM,,
49957,19272651,1573563900000,2019,11,12,13,5,0,Tuesday,541246.71716,4808987.91592,-80.490371,43.43266,Non intersection,2,Non-reportable,Thru lane,unknown,unknown,SMV unattended vehicle,Unknown,Daylight,01 - Daylight,Municipal (excl. Twp. Rd.),No control,unknown,0,0,0,False,False,False,Snow,,True,Road 1: 158 HEIMAN ST; Vehicle #1     Make: FORD     Model: COF     Colour: BLU     Style: CW; Vehicle #2     Make: NISS     Model: FRT     Colour: WHI     Style: PK,5/3/2021 10:37:31 AM,,
49958,19272773,1573483800000,2019,11,11,14,50,0,Monday,546324.03952,4809719.64656,-80.427578,43.438950999999996,At intersection,2,P.D. only,Right turn lane,unknown,unknown,Angle,Unknown,Daylight,01 - Daylight,Municipal (excl. Twp. Rd.),Stop sign,Functioning,0,0,0,False,False,False,Snow,,True,Road 1: VERONICA DR; Road 2: VERONICA CT; Vehicle #1     Make: HYUN     Model: SAN     Colour: BLK     Style: TY; Vehicle #2     Make: HOND     Model: PIL     Colour: RED     Style: TY,5/3/2021 10:40:30 AM,,
49959,19272777,1573495800000,2019,11,11,18,10,0,Monday,541957.36182,4815743.47653,-80.481071,43.493446999999996,At intersection,2,Non-reportable,Within intersection,unknown,unknown,Sideswipe,Unknown,Dark,07 - Dark,Municipal (excl. Twp. Rd.),Stop sign,Functioning,0,0,0,False,False,False,Snow,,True,Road 1: CARRIAGE WAY (ROUNDABOUT); Road 2: WOOLWICH ST; Vehicle #1     Make: MERZ     Model: CSP     Colour: YEL     Style: FV; Vehicle #2     Make:      Model:      Colour:      Style:,5/3/2021 10:40:43 AM,,
49960,19272792,1573462800000,2019,11,11,9,0,0,Monday,537499.03157,4806874.52158,-80.53681999999999,43.413827,Non intersection,2,P.D. only,Thru lane,unknown,unknown,Approaching,Unknown,Daylight,01 - Daylight,Municipal (excl. Twp. Rd.),No control,unknown,0,0,0,False,False,False,Snow,,True,Road 1: PARKLAND CRESCENT; Road 2: DRIFTWOOD DR; Vehicle #1     Make:      Model:      Colour:      Style: ; Vehicle #2     Make: TOYT     Model: TUN     Colour: ONG     Style: PK,5/3/2021 10:38:55 AM,,
49961,19272796,1573482600000,2019,11,11,14,30,0,Monday,538748.03231,4807786.65496,-80.521328,43.421977,Non intersection,2,Non-reportable,Thru lane,unknown,unknown,Rear end,Unknown,Daylight,01 - Daylight,Regional municipality,No control,unknown,0,0,0,False,False,False,Snow,,True,Road 1: MCGARRY DR; Road 2: FORESTWOOD DR; Vehicle #1     Make: HOND     Model: UCD     Colour: BLU     Style: 4D; Vehicle #2     Make:      Model:      Colour:      Style:,5/3/2021 10:37:32 AM,,
49962,19272797,1573463400000,2019,11,11,9,10,0,Monday,538494.41894,4810824.70367,-80.524247,43.449345,Non intersection,2,Non-reportable,Thru lane,unknown,unknown,Rear end,Unknown,Daylight,01 - Daylight,Regional municipality,No control,unknown,0,0,0,False,False,False,Snow,,True,Road 1: GLASGOW ST; Road 2: ORCHARD PARK CRESCENT; Vehicle #1     Make: MAZD     Model: 3TR     Colour: WHI     Style: 4D; Vehicle #2     Make:      Model:      Colour:      Style:,5/3/2021 10:37:32 AM,,
49963,19272809,1573074000000,2019,11,6,21,0,0,Wednesday,539250.97298,4805757.50889,-80.515261,43.40368,Non intersection,2,P.D. only,Thru lane,unknown,unknown,SMV unattended vehicle,Unknown,Dark,07 - Dark,Municipal (excl. Twp. Rd.),No control,unknown,0,0,0,False,False,False,Rain,,True,Road 1: 430 MOUNTAIN LAUREL CRESCENT; Vehicle #1     Make: DODG     Model: RPC     Colour: RED     Style: PK; Vehicle #2     Make: VOLK     Model: TPM     Colour: RED     Style: 4D,5/3/2021 10:37:47 AM,,
49964,19272811,1573636500000,2019,11,13,9,15,0,Wednesday,543047.45872,4807461.47504,-80.468243,43.418814,Intersection related,2,P.D. only,Within intersection,unknown,unknown,Rear end,Unknown,Daylight,01 - Daylight,Regional municipality,Stop sign,Functioning,0,0,0,False,False,False,Snow,,True,Road 1: BLOCK LINE ROAD; Road 2: FALLOWFIELD DR; Vehicle #1     Make: HYUN     Model: SAN     Colour: WHI     Style: TY; Vehicle #2     Make: TOYT     Model: CBA     Colour: BLU     Style: 4D,5/3/2021 10:39:11 AM,,
49965,19272981,1573549200000,2019,11,12,9,0,0,Tuesday,541669.27676,4803584.1474,-80.485562,43.38398,At/near private drive,2,Non-reportable,Thru lane,unknown,unknown,SMV unattended vehicle,Unknown,Daylight,01 - Daylight,Municipal (excl. Twp. Rd.),No control,unknown,0,0,0,False,False,False,Clear,,True,Road 1: 24 FRANKFURT ST; Vehicle #1     Make:      Model:      Colour:      Style: ; Vehicle #2     Make: AUDI     Model: 41Q     Colour: BLK     Style: 4D,5/3/2021 10:41:50 AM,,
49966,19273083,1573543800000,2019,11,12,7,30,0,Tuesday,543569.97805,4804977.67822,-80.461986,43.39642,At intersection,2,Non-reportable,Within intersection,unknown,unknown,Angle,Unknown,Daylight,01 - Daylight,Regional municipality,Traffic signal,Functioning,0,0,0,False,False,False,Clear,,True,Road 1: BATTLER RD; Road 2: HURON RD; Vehicle #1     Make: TOYT     Model: RV4     Colour: GRY     Style: TY; Vehicle #2     Make: CHRY     Model: TWC     Colour: SIL     Style: VN,5/3/2021 10:40:41 AM,,
49967,19273094,1573570800000,2019,11,12,15,0,0,Tuesday,540855.09228,4810786.52482,-80.495075,43.448876,At/near private drive,2,Non-reportable,Thru lane,unknown,unknown,SMV unattended vehicle,Unknown,Daylight,01 - Daylight,Municipal (excl. Twp. Rd.),No control,unknown,0,0,0,False,False,False,Clear,,True,Road 1: 15 RICHMOND AVE; Vehicle #1     Make: BMW     Model: JEG     Colour: BLK     Style: 4D; Vehicle #2     Make: INFI     Model: AWD     Colour: WHI     Style: 4D,5/3/2021 10:41:42 AM,,
49968,19273101,1574415900000,2019,11,22,9,45,0,Friday,544784.06905,4809019.15864,-80.446664,43.432738,At intersection,2,P.D. only,Right shoulder,unknown,unknown,SMV other,Unknown,Daylight,01 - Daylight,Municipal (excl. Twp. Rd.),Stop sign,Functioning,0,0,0,False,False,False,Clear,,False,Road 1: KINGSWAY DR (50 km/h); Road 2: NINTH AVE (50 km/h); Vehicle #1     Make: GMC     Model: CAN     Colour: BRN     Style: CW,5/3/2021 10:40:14 AM,,
49969,19273113,1574418600000,2019,11,22,10,30,0,Friday,538635.03731,4810349.97512,-80.522543,43.445063,Non intersection,2,P.D. only,Thru lane,unknown,unknown,Sideswipe,Unknown,Daylight,01 - Daylight,Municipal (excl. Twp. Rd.),No control,unknown,0,0,0,False,False,False,Clear,,True,Road 1: GAGE AVE; Vehicle #1     Make: DODG     Model: JOU     Colour: BLK     Style: TY; Vehicle #2     Make:      Model:      Colour:      Style:,5/3/2021 10:38:05 AM,,
49970,19273343,1573548300000,2019,11,12,8,45,0,Tuesday,540053.72788,4808163.92816,-80.50517099999999,43.425304999999994,Non intersection,2,Non-reportable,Thru lane,unknown,unknown,SMV other,Unknown,Daylight,01 - Daylight,Regional municipality,No control,unknown,0,0,0,False,False,False,Clear,,True,Road 1: STONYBROOK DR; Road 2: WESTMOUNT RD E; Vehicle #1     Make: DODG     Model: CAR     Colour: SIL     Style: VN,5/3/2021 10:38:51 AM,,
49971,19273352,1573576200000,2019,11,12,16,30,0,Tuesday,538528.12134,4805659.33362,-80.52419499999999,43.402833,Non intersection,2,P.D. only,Right shoulder,unknown,unknown,Rear end,Unknown,Dusk,05 - Dusk,Municipal (excl. Twp. Rd.),No control,unknown,0,0,0,False,False,False,Clear,,True,Road 1: 14 MELINDA ST; Road 2: PRIVATE DRIVE; Vehicle #1     Make:      Model:      Colour:      Style: ; Vehicle #2     Make: HOND     Model: AXL     Colour: BLU     Style: 4D,5/3/2021 10:37:00 AM,,
49972,19273567,1574443800000,2019,11,22,17,30,0,Friday,545269.43211,4804502.58368,-80.441041,43.392041,Non intersection,2,Non-reportable,Thru lane,unknown,unknown,Sideswipe,Unknown,Dark,07 - Dark,Municipal (excl. Twp. Rd.),No control,unknown,0,0,0,False,False,False,Clear,,True,Road 1: DOON VILLAGE RD; Road 2: BECHTEL DR; Vehicle #1     Make:      Model:      Colour:      Style: ; Vehicle #2     Make: TOYT     Model: HIG     Colour: GRY     Style: TY,5/3/2021 10:38:35 AM,,
49973,19273590,1574458200000,2019,11,22,21,30,0,Friday,541633.5246,4811415.32353,-80.485407,43.454495,At intersection,2,P.D. only,Within intersection,unknown,unknown,Rear end,Unknown,Dark,07 - Dark,Regional municipality,Traffic signal,Functioning,0,0,0,False,False,False,Clear,,True,Road 1: QUEEN ST N; Road 2: MARGARET AVE; Vehicle #1     Make: CHEV     Model: EQU     Colour: GRN     Style: TY; Vehicle #2     Make: DODG     Model: CAR     Colour: RED     Style: VN,5/3/2021 10:40:32 AM,,
49974,19273776,1574472600000,2019,11,23,1,30,0,Saturday,543715.39389,4805683.64009,-80.460134,43.402767999999995,At intersection,2,P.D. only,Not on roadway - left side,unknown,unknown,SMV other,Unknown,"Dark, artificial","08 - Dark, artificial",Regional municipality,Traffic signal,Functioning,0,0,0,False,False,False,Clear,,False,Road 1: TRILLIUM DR (50 km/h); Road 2: STECKLE PL (50 km/h); Vehicle #1     Make: TOYT     Model: CBL     Colour: BLK     Style: 4D,5/3/2021 10:40:18 AM,,
49975,19273835,1574492160000,2019,11,23,6,56,0,Saturday,544293.22277,4804538.27884,-80.453091,43.392421,Non intersection,1,Non-fatal injury,Not on roadway - left side,unknown,unknown,SMV unattended vehicle,Unknown,Dawn,03 - Dawn,Municipal (excl. Twp. Rd.),No control,unknown,0,0,0,False,False,False,Clear,,False,Road 1: BLACK WALNUT DR (50 km/h); Road 2: CARLYLE DR; Distance: 71.0 M E; Vehicle #1     Make: JEEP     Model: CMP     Colour: RED     Style: TY; Vehicle #2     Make: CHRY     Model: 43C     Colour: WHI     Style: 4D,5/3/2021 10:38:19 AM,,
49976,19274430,1574548260000,2019,11,23,22,31,0,Saturday,537309.02327,4806949.66004,-80.53916199999999,43.414513,At/near private drive,2,P.D. only,Not on roadway - right side,unknown,unknown,SMV other,Unknown,Dark,07 - Dark,Municipal (excl. Twp. Rd.),No control,unknown,0,0,0,False,False,False,Clear,,False,Road 1: 31 DRIFTWOOD PL (50 km/h); Road 2: DRIFTWOOD PL; Distance: 0.0 M W; Vehicle #1     Make: CHEV     Model: SIL     Colour: GRN     Style: PK,5/3/2021 10:41:02 AM,,
49977,19274496,1574553000000,2019,11,23,23,50,0,Saturday,547610.28404,4808748.79761,-80.41176899999999,43.430129,At/near private drive,2,P.D. only,Thru lane,unknown,unknown,SMV unattended vehicle,Unknown,Dark,07 - Dark,Municipal (excl. Twp. Rd.),No control,unknown,0,0,0,False,False,False,Clear,,True,Road 1: 81 ONEIDA PLACE; Road 2: GRAND RIVER BLV; Vehicle #1     Make: TOYT     Model: AXP     Colour: BLK     Style: 4D; Vehicle #2     Make: VLK     Model: EOS     Colour: BLU     Style: 2D,5/3/2021 10:41:48 AM,,
49978,19274953,1574614500000,2019,11,24,16,55,0,Sunday,539077.53566,4811111.28109,-80.51702,43.451895,At intersection,2,P.D. only,Within intersection,unknown,unknown,Angle,Unknown,Dusk,05 - Dusk,Regional municipality,Traffic signal,Functioning,0,1,0,False,False,False,Clear,,False,Road 1: GLASGOW ST (50 km/h); Road 2: BELMONT AVE W (50 km/h); Vehicle #1     Make: TOYT     Model: CYR     Colour: GRY     Style: 4D; Vehicle #2     Make: DODG     Model: RPC     Colour: RED     Style: CW,5/3/2021 10:40:08 AM,,
49979,19274997,1574618280000,2019,11,24,17,58,0,Sunday,539689.42117,4806564.69802,-80.509788,43.410925,At intersection,1,Non-fatal injury,Within intersection,unknown,unknown,SMV other,Unknown,"Dark, artificial","08 - Dark, artificial",Municipal (excl. Twp. Rd.),Stop sign,Functioning,0,0,0,True,False,False,Clear,,False,Road 1: ACTIVA AVE (50 km/h); Road 2: BUSH CLOVER CRES (50 km/h); Vehicle #1     Make: HOND     Model: PIL     Colour: RED     Style: TY,5/3/2021 10:40:24 AM,,