OBJECTID,ACCIDENTNUM,ACCIDENTDATE,ACCIDENT_YEAR,ACCIDENT_MONTH,ACCIDENT_DAY,ACCIDENT_HOUR,ACCIDENT_MINUTE,ACCIDENT_SECOND,ACCIDENT_WEEKDAY,XCOORD,YCOORD,LONGITUDE,LATITUDE,ACCIDENTLOCATION,COLLISIONTYPE,CLASSIFICATIONOFACCIDENT,IMPACTLOCATION,INITIALDIRECTIONOFTRAVELONE,INITIALDIRECTIONOFTRAVELTWO,INITIALIMPACTTYPE,INTTRAFFICCONTROL,LIGHT,LIGHTFORREPORT,ROADJURISDICTION,TRAFFICCONTROL,TRAFFICCONTROLCONDITION,THRULANENO,NORTHBOUNDDISOBEYCOUNT,SOUTHBOUNDDISOBEYCOUNT,PEDESTRIANINVOLVED,CYCLISTINVOLVED,MOTORCYCLISTINVOLVED,ENVIRONMENTCONDITION1,ENVIRONMENTCONDITION2,SELFREPORTED,XMLIMPORTNOTES,LASTEDITEDDATE,CREATE_BY,CREATE_DATE
50031,19283491,1575555600000,2019,12,5,14,20,0,Thursday,548143.35312,4804535.50702,-80.405554,43.392159,Non intersection,2,Non-reportable,Thru lane,unknown,unknown,Turning movement,Unknown,Daylight,01 - Daylight,Municipal (excl. Twp. Rd.),No control,unknown,0,0,0,False,False,False,Clear,,True,Road 1: 299 DOON VALLEY DR; Vehicle #1     Make: DODG     Model: CXA     Colour: WHI     Style: 4D; Vehicle #2     Make:      Model:      Colour:      Style:,5/3/2021 10:37:45 AM,,
50032,19283496,1575564600000,2019,12,5,16,50,0,Thursday,542108.45981,4807133.40077,-80.479867,43.415914,At intersection,2,P.D. only,Within intersection,unknown,unknown,Angle,Unknown,Dusk,05 - Dusk,Municipal (excl. Twp. Rd.),Traffic signal,Functioning,0,0,0,False,False,False,Clear,,True,Road 1: STRASBURG RD; Road 2: BLOCK LINE RD; Vehicle #1     Make: MAZD     Model: MA5     Colour: GRN     Style: 4B; Vehicle #2     Make: TOYT     Model: HIG     Colour: GRY     Style: TY,5/3/2021 10:40:35 AM,,
50033,19284027,1575394200000,2019,12,3,17,30,0,Tuesday,545679.42349,4808991.56249,-80.435604,43.432435,Non intersection,2,Non-reportable,Thru lane,unknown,unknown,Sideswipe,Unknown,Dark,07 - Dark,Regional municipality,No control,unknown,0,0,0,False,False,False,Clear,,True,Road 1: WALKER ST; Road 2: BRIDE ST; Vehicle #1     Make:      Model:      Colour:      Style: ; Vehicle #2     Make: CHEV     Model: IMP     Colour: RED     Style: 4D,5/3/2021 10:38:46 AM,,
50034,19284229,1575647400000,2019,12,6,15,50,0,Friday,541711.53115,4812093.23493,-80.484391,43.460594,Non intersection,2,P.D. only,Thru lane,unknown,unknown,Turning movement,Unknown,Daylight,01 - Daylight,Municipal (excl. Twp. Rd.),No control,unknown,0,0,0,False,False,False,Clear,,True,Road 1: WELLINGTON ST N; Road 2: MAJOR ST KITCHENER; Vehicle #1     Make: CHEV     Model: AVT     Colour: WHI     Style: 4D; Vehicle #2     Make: HOND     Model: ULX     Colour: SIL     Style: 4D,5/3/2021 10:37:51 AM,,
50035,19284267,1575650100000,2019,12,6,16,35,0,Friday,540746.27082,4808830.31948,-80.496566,43.431267999999996,Intersection related,2,P.D. only,Thru lane,unknown,unknown,Rear end,Unknown,Dusk,05 - Dusk,Regional municipality,Traffic signal,Functioning,0,0,0,False,False,False,Clear,,True,Road 1: HOMER WATSON BLVD; Road 2: STIRLING AVE S; Vehicle #1     Make: CHEV     Model: CZT     Colour: RED     Style: 4D; Vehicle #2     Make: FORD     Model: COF     Colour: BLK     Style: PK,5/3/2021 10:39:45 AM,,
50036,19284486,1575668400000,2019,12,6,21,40,0,Friday,537038.55786,4808500.8341,-80.542397,43.428494,At/near private drive,2,P.D. only,Thru lane,unknown,unknown,SMV unattended vehicle,Unknown,Dark,07 - Dark,Municipal (excl. Twp. Rd.),No control,unknown,0,0,0,False,False,False,Clear,,True,Road 1: 471 HIDDEN CREEK DR; Vehicle #1     Make: MAZD     Model: 3TR     Colour: WHI     Style: 4D; Vehicle #2     Make: FORD     Model: EDG     Colour: BLK     Style: TY; Vehicle #3     Make:      Model:      Colour:      Style:,5/3/2021 10:41:23 AM,,
50037,19284761,1575710100000,2019,12,7,9,15,0,Saturday,540452.26102,4805983.59104,-80.50040899999999,43.405651999999996,At/near private drive,2,Non-reportable,Thru lane,unknown,unknown,Angle,Unknown,Daylight,01 - Daylight,Regional municipality,No control,unknown,0,0,0,False,False,False,Clear,,True,Road 1: MAX BECKER DR; Road 2: FISCHER-HALLMAN RD; Vehicle #1     Make: LEXS     Model: RX5     Colour: BLK     Style: TY; Vehicle #2     Make:      Model:      Colour:      Style:,5/3/2021 10:41:54 AM,,
50038,19284791,1575639000000,2019,12,6,13,30,0,Friday,544403.13056,4808640.43105,-80.45140099999999,43.42935,At/near private drive,2,P.D. only,Thru lane,unknown,unknown,SMV unattended vehicle,Unknown,Daylight,01 - Daylight,Municipal (excl. Twp. Rd.),No control,unknown,0,0,0,False,False,False,Freezing Rain,,True,Road 1: 172 FRANKLIN ST S; Vehicle #1     Make: DODG     Model: CAR     Colour: BGE     Style: VN; Vehicle #2     Make:      Model:      Colour:      Style:,5/3/2021 10:41:23 AM,,
50039,19284918,1575671400000,2019,12,6,22,30,0,Friday,544610.08337,4809093.50052,-80.448807,43.433417999999996,At intersection,2,P.D. only,Within intersection,unknown,unknown,Angle,Unknown,Dark,07 - Dark,Regional municipality,Traffic signal,Functioning,0,0,0,False,False,False,Clear,,True,Road 1: FRANKLIN ST N; Road 2: KINGSWAY DR; Vehicle #1     Make: MITS     Model: LST     Colour: GRY     Style: 4D; Vehicle #2     Make: CHEV     Model: IMT     Colour: WHI     Style: 4D,5/3/2021 10:40:33 AM,,
50040,19285047,1575740400000,2019,12,7,17,40,0,Saturday,545120.54092,4807678.31284,-80.442617,43.420645,At/near private drive,2,P.D. only,Thru lane,unknown,unknown,Turning movement,Unknown,Dark,07 - Dark,Regional municipality,No control,unknown,1,0,0,False,False,False,Clear,,False,Road 1: 385  WILSON AVE (50 km/h); Road 2: FAIRWAY RD S; Distance: 3.0 M E; Vehicle #1     Make: FORD     Model: SPE     Colour: GRY     Style: TY; Vehicle #2     Make: HOND     Model: UAX     Colour: GRY     Style: 4D,5/3/2021 10:40:56 AM,,
50041,19285687,1575820500000,2019,12,8,15,55,0,Sunday,541899.84197,4804187.13789,-80.482669,43.389396999999995,At/near private drive,2,P.D. only,Thru lane,unknown,unknown,SMV unattended vehicle,Unknown,Daylight,01 - Daylight,Municipal (excl. Twp. Rd.),No control,unknown,1,0,0,False,False,False,Clear,,False,Road 1: 308 PARKVALE DR (50 km/h); Road 2: PARKVALE DR; Distance: 1.0 M E; Vehicle #1     Make: MAZD     Model: M3I     Colour: RED     Style: 4D; Vehicle #2     Make: DODG     Model: DUR     Colour: SIL     Style: TY,5/3/2021 10:40:57 AM,,
50042,19285819,1575834960000,2019,12,8,19,56,0,Sunday,540777.58468,4808820.24801,-80.49618,43.431176,Non intersection,2,P.D. only,Right shoulder,unknown,unknown,SMV unattended vehicle,Unknown,Dark,07 - Dark,Regional municipality,No control,unknown,0,0,0,False,False,False,Clear,,False,Road 1: HOMER WATSON BLVD (60 km/h); Road 2: STIRLING AVE S; Distance: 30.0 M E; Charged Driver #1 on page 1: HTA 130 (NA) (NA); Vehicle #1     Make: HOND     Model: UDY     Colour: SIL     Style: VN; Vehicle #2     Make: CHEV     Model: COB     Colour: B,4/27/2022 10:40:20 AM,,
50043,19286262,1575897300000,2019,12,9,13,15,0,Monday,540335.43855,4805885.28092,-80.501859,43.404773,At intersection,2,P.D. only,Within intersection,unknown,unknown,Rear end,Unknown,Daylight,01 - Daylight,Municipal (excl. Twp. Rd.),Stop sign,unknown,0,0,0,False,False,False,Rain,,True,Road 1: MAX BECKER DR; Road 2: HELENA FEASBY ST; Vehicle #1     Make: HYUN     Model: ESM     Colour: BLU     Style: 4D; Vehicle #2     Make: KIA     Model: SOR     Colour: GRY     Style: TY,5/3/2021 10:40:29 AM,,
50044,19286452,1575914220000,2019,12,9,17,57,0,Monday,542806.18393,4810915.6168,-80.470952,43.449929,At intersection,1,Non-fatal injury,Thru lane,unknown,unknown,SMV other,Unknown,"Dark, artificial","08 - Dark, artificial",Municipal (excl. Twp. Rd.),Stop sign,unknown,1,0,0,True,False,False,Clear,,False,Road 1: PANDORA AVE N (40 km/h); Road 2: EAST AVE (40 km/h); Vehicle #1     Make: MAZD     Model: M3S     Colour: WHI     Style: 4D,5/3/2021 10:40:12 AM,,
50045,19286845,1575969600000,2019,12,10,9,20,0,Tuesday,544958.5848,4811037.48447,-80.444341,43.450900000000004,At intersection,2,P.D. only,Thru lane,unknown,unknown,Rear end,Unknown,Daylight,01 - Daylight,Regional municipality,Traffic signal,Functioning,0,0,0,False,False,False,Snow,,True,Road 1: RIVER RD E; Road 2: OTTAWA ST N; Distance:  S; Vehicle #1     Make: HYUN     Model: TUC     Colour: BLK     Style: TY; Vehicle #2     Make: JEEP     Model: WUL     Colour: RED     Style: TY,5/3/2021 10:40:51 AM,,
50046,19286868,1575980100000,2019,12,10,12,15,0,Tuesday,542106.63708,4809212.94628,-80.47972899999999,43.434638,Non intersection,2,P.D. only,Thru lane,unknown,unknown,Sideswipe,Unknown,Daylight,01 - Daylight,Regional municipality,No control,unknown,0,0,0,False,False,False,Snow,,True,Road 1: 415 MILL ST; Road 2: OTTAWA STREET; Vehicle #1     Make: NISS     Model: SML     Colour: BLU     Style: 4D; Vehicle #2     Make: HINO     Model: HIN     Colour: RED     Style: CT,5/3/2021 10:37:55 AM,,
50047,19287031,1575982800000,2019,12,10,13,0,0,Tuesday,539007.93075,4810461.6648,-80.517926,43.446048999999995,At/near private drive,2,P.D. only,Thru lane,unknown,unknown,Rear end,Unknown,Daylight,01 - Daylight,Municipal (excl. Twp. Rd.),No control,unknown,0,0,0,False,False,False,Clear,,True,Road 1: GAGE AVE (IFO 275); Vehicle #1     Make:      Model:      Colour:      Style: ; Vehicle #2     Make: TOYT     Model: RV4     Colour: BLK     Style: TY,5/3/2021 10:41:54 AM,,
50048,19287097,1575990960000,2019,12,10,15,16,0,Tuesday,545274.55736,4806435.8054,-80.440818,43.409448,At intersection,2,P.D. only,Within intersection,unknown,unknown,Turning movement,Stop sign,Daylight,01 - Daylight,Regional municipality,Stop sign,Functioning,0,0,0,False,False,False,Clear,,False,Road 1: WILSON AVE (60 km/h); Road 2: WABANAKI DR (60 km/h); Vehicle #1     Make: CHEV     Model: RAX     Colour: BLU     Style: TY; Vehicle #2     Make: HOND     Model: UCL     Colour: GRY     Style: 4D,5/3/2021 10:40:12 AM,,
50049,19287129,1575898200000,2019,12,9,13,30,0,Monday,539751.39487,4810710.79206,-80.508721,43.448253,At/near private drive,2,Non-reportable,Thru lane,unknown,unknown,SMV unattended vehicle,Unknown,Daylight,01 - Daylight,Municipal (excl. Twp. Rd.),No control,unknown,0,0,0,False,False,False,Clear,,True,Road 1: WAVERLY RD (IFO 17); Road 2: STRANGE ST; Vehicle #1     Make: TOYT     Model: UXS     Colour: RED     Style: 4D; Vehicle #2     Make: TOYT     Model: UCS     Colour: GRY     Style: 4D,5/3/2021 10:41:01 AM,,
50050,19287303,1575987000000,2019,12,10,14,10,0,Tuesday,545272.26047,4806434.65167,-80.440846,43.409438,Intersection related,2,Non-reportable,Left turn lane,unknown,unknown,Rear end,Stop sign,Daylight,01 - Daylight,Municipal (excl. Twp. Rd.),Stop sign,Functioning,0,0,0,False,False,False,Snow,,True,Road 1: WABANAKI DRIVE; Road 2: WILSON AVENUE; Vehicle #1     Make:      Model:      Colour:      Style: ; Vehicle #2     Make: VOLK     Model: JES     Colour: GRY     Style: 4D,5/3/2021 10:39:26 AM,,
50051,19287757,1575050400000,2019,11,29,18,0,0,Friday,542823.42762,4814315.75514,-80.470472,43.480543,Non intersection,2,P.D. only,Thru lane,unknown,unknown,SMV unattended vehicle,Unknown,Dark,07 - Dark,Municipal (excl. Twp. Rd.),No control,unknown,0,0,0,False,False,False,Clear,,True,Road 1: SCHWEITZER ST (IFO 62); Vehicle #1     Make:      Model:      Colour:      Style: ; Vehicle #2     Make: HOND     Model: UDY     Colour: GRY     Style: TY,5/3/2021 10:38:10 AM,,
50052,19287845,1575552300000,2019,12,5,13,25,0,Thursday,539920.37961,4811047.56196,-80.506608,43.451277,At railway crossing,2,P.D. only,Thru lane,unknown,unknown,SMV other,Unknown,Daylight,01 - Daylight,Municipal (excl. Twp. Rd.),No control,unknown,0,0,0,False,False,False,Clear,,True,Road 1: PARK ST; Road 2: STEWART ST; Vehicle #1     Make: SUBA     Model: FOR     Colour: BRZ     Style: TY; Vehicle #2     Make:      Model:      Colour:      Style:,5/3/2021 10:41:55 AM,,
50053,19287955,1576070100000,2019,12,11,13,15,0,Wednesday,541094.42278,4813143.39877,-80.491939,43.470084,Non intersection,2,P.D. only,Thru lane,unknown,unknown,Sideswipe,Unknown,Daylight,01 - Daylight,Municipal (excl. Twp. Rd.),No control,unknown,0,0,0,False,False,False,Snow,,True,Road 1: 893 UNION ST; Vehicle #1     Make: HOND     Model: USE     Colour: BLK     Style: 4D; Vehicle #2     Make: HYUN     Model: SAN     Colour: WHI     Style: TY,5/3/2021 10:37:59 AM,,
50054,19288055,1576011600000,2019,12,10,21,0,0,Tuesday,539292.22507,4806730.23156,-80.514682,43.412436,At/near private drive,2,Non-reportable,Thru lane,unknown,unknown,SMV unattended vehicle,Unknown,"Dark, artificial","08 - Dark, artificial",Municipal (excl. Twp. Rd.),No control,unknown,0,0,0,False,False,False,Snow,,True,Road 1: 257 GREY FOX DR; Vehicle #1     Make:      Model:      Colour:      Style: ; Vehicle #2     Make: TOYT     Model: FJC     Colour: GRY     Style: TY,5/3/2021 10:41:21 AM,,
50055,19288269,1576129200000,2019,12,12,5,40,0,Thursday,545033.93864,4807867.17086,-80.44367199999999,43.42235,Intersection related,2,P.D. only,Left turn lane,unknown,unknown,SMV other,Unknown,"Dark, artificial","08 - Dark, artificial",Municipal (excl. Twp. Rd.),Traffic signal,Functioning,0,0,0,True,False,False,Clear,,False,Road 1: WILSON AVE (50 km/h); Road 2: KINGSWAY DR (50 km/h); Vehicle #1     Make: DODG     Model: RPC     Colour: BLK     Style: CW,5/3/2021 10:39:41 AM,,
50056,19288428,1575972000000,2019,12,10,10,0,0,Tuesday,545760.31174,4803959.43528,-80.435026,43.387121,Intersection related,2,P.D. only,Thru lane,unknown,unknown,Other,Unknown,Daylight,01 - Daylight,Municipal (excl. Twp. Rd.),unknown,Functioning,0,0,0,False,False,False,Snow,,True,Road 1: 3 APPLE RIDGE DR; Road 2: DOON MILLS; Vehicle #1     Make: FORD     Model: FE     Colour: GRY     Style: 4D; Vehicle #2     Make: MERZ     Model: C4A     Colour: BLK     Style: 4D,5/3/2021 10:39:34 AM,,
50057,19288431,1576138800000,2019,12,12,8,20,0,Thursday,539563.01415,4811427.98251,-80.510997,43.454721,Non intersection,2,P.D. only,Thru lane,unknown,unknown,Rear end,Unknown,Daylight,01 - Daylight,Municipal (excl. Twp. Rd.),No control,unknown,0,0,0,False,False,False,Clear,,True,Road 1: PARK ST; Road 2: GLASGOW ST; Distance: 75.0 M; Vehicle #1     Make: GMC     Model: TER     Colour: BRN     Style: TY; Vehicle #2     Make: HYUN     Model: CFE     Colour: BLK     Style: TY,5/3/2021 10:37:59 AM,,
50058,19288604,1576090800000,2019,12,11,19,0,0,Wednesday,539144.58903,4808361.25447,-80.51638799999999,43.42713,Non intersection,2,P.D. only,Thru lane,unknown,unknown,Sideswipe,Unknown,Dark,07 - Dark,Municipal (excl. Twp. Rd.),No control,unknown,0,0,0,False,False,False,Clear,,True,Road 1: CYPRESS  DR KITCHENER; Road 2: BIRCHMOUNT; Vehicle #1     Make: SUBA     Model: BP9     Colour: BLK     Style: 4W; Vehicle #2     Make: VOLK     Model: JES     Colour: BLK     Style: 4D,5/3/2021 10:38:12 AM,,
50059,19289315,1576162800000,2019,12,12,15,0,0,Thursday,542051.17645,4807199.575,-80.480569,43.416512999999995,Non intersection,2,Non-reportable,Thru lane,unknown,unknown,Rear end,Unknown,Daylight,01 - Daylight,Municipal (excl. Twp. Rd.),No control,unknown,0,0,0,False,False,False,Clear,,True,Road 1: STRASBURG RD; Road 2: BLACKHORNE DR; Vehicle #1     Make: NISS     Model: QST     Colour: SIL     Style: VN; Vehicle #2     Make: TOYT     Model: CBA     Colour: GRY     Style: 4D,5/3/2021 10:37:45 AM,,
50060,19289958,1576318920000,2019,12,14,10,22,0,Saturday,538065.30559,4807540.22447,-80.52977899999999,43.419793,Non intersection,2,P.D. only,Thru lane,unknown,unknown,SMV other,Unknown,Daylight,01 - Daylight,Municipal (excl. Twp. Rd.),No control,unknown,1,0,0,False,False,False,Snow,,False,Road 1: WESTHEIGHTS DR (50 km/h); Road 2: MCGARRY DR; Distance: 10.0 M W; Vehicle #1     Make: HYUN     Model: SAN     Colour: BLK     Style: TY,5/3/2021 10:37:14 AM,,
50061,19289962,1576318440000,2019,12,14,10,14,0,Saturday,545183.56253,4804732.66621,-80.442082,43.394118,Non intersection,2,P.D. only,Thru lane,unknown,unknown,SMV unattended vehicle,Unknown,Daylight,01 - Daylight,Municipal (excl. Twp. Rd.),No control,unknown,1,0,0,False,False,False,Snow,,False,Road 1: 366 PIONEER DR (50 km/h); Road 2: PIONEER DR; Distance: 10.0 M E; Vehicle #1     Make: FORD     Model: SPE     Colour: BLU     Style: TY; Vehicle #2     Make: DODG     Model: JOU     Colour: SIL     Style: TY,5/3/2021 10:37:03 AM,,
50062,19289974,1576318200000,2019,12,14,10,10,0,Saturday,547776.34306,4811478.11121,-80.40947899999999,43.454693,Non intersection,2,P.D. only,Thru lane,unknown,unknown,Sideswipe,Unknown,Daylight,01 - Daylight,Municipal (excl. Twp. Rd.),No control,unknown,0,0,0,False,False,False,Clear,,True,Road 1: 1274 OLD ZELLER DR; Vehicle #1     Make: TOYT     Model: RV4     Colour: GRY     Style: TY; Vehicle #2     Make: FORD     Model: EDG     Colour: BLK     Style: TY,5/3/2021 10:39:05 AM,,
50063,19289978,1576317600000,2019,12,14,10,0,0,Saturday,544560.19566,4811740.2811,-80.449208,43.457252,At intersection,2,Non-reportable,Within intersection,unknown,unknown,SMV other,Unknown,Daylight,01 - Daylight,Regional municipality,Traffic signal,Functioning,0,0,0,False,False,False,Snow,,True,Road 1: LORRAINE AVE; Road 2: RIVER RD E; Vehicle #1     Make: FORD     Model: SPE     Colour: BLK     Style: TY,5/3/2021 10:40:26 AM,,
50064,19289988,1576321200000,2019,12,14,11,0,0,Saturday,545253.76305,4805151.73277,-80.441181,43.397887,At/near private drive,2,P.D. only,Thru lane,unknown,unknown,SMV unattended vehicle,Unknown,Daylight,01 - Daylight,Municipal (excl. Twp. Rd.),No control,unknown,0,0,0,False,False,False,Snow,,True,Road 1: 116 UPPER CANADA DR; Vehicle #1     Make: FORD     Model: RNG     Colour: BLK     Style: PK; Vehicle #2     Make: TOYT     Model: URS     Colour: GRY     Style: 4D,5/3/2021 10:41:54 AM,,
50065,19290000,1576323000000,2019,12,14,11,30,0,Saturday,542447.21605,4807282.18564,-80.47567099999999,43.417234,Intersection related,2,P.D. only,Thru lane,unknown,unknown,Angle,Unknown,Daylight,01 - Daylight,Municipal (excl. Twp. Rd.),Stop sign,unknown,0,0,0,False,False,False,Snow,,True,Road 1: BLOCK LINE RD; Road 2: COUNTRY HILL DR; Vehicle #1     Make: NISS     Model: ROG     Colour: GRY     Style: TY; Vehicle #2     Make: DODG     Model: CAR     Colour: SIL     Style: VN,5/3/2021 10:39:46 AM,,
50066,19290001,1576321500000,2019,12,14,11,5,0,Saturday,536832.36485,4807843.6137,-80.544989,43.422585999999995,Non intersection,2,P.D. only,Off highway,unknown,unknown,SMV other,Unknown,Daylight,01 - Daylight,Municipal (excl. Twp. Rd.),No control,unknown,0,0,0,False,False,False,Snow,,False,Road 1: ROLLING MEADOWS DR (50 km/h); Road 2: CONNELLY DR; Distance: 10.0 M W; Vehicle #1     Make: HOND     Model: ULX     Colour: ONG     Style: 4D,5/3/2021 10:37:30 AM,,
50067,19290005,1576321200000,2019,12,14,11,0,0,Saturday,543985.92773,4803532.65804,-80.456966,43.383384,Non intersection,2,Non-reportable,Thru lane,unknown,unknown,Other,Unknown,Daylight,01 - Daylight,Municipal (excl. Twp. Rd.),No control,unknown,0,0,0,False,False,False,Clear,,True,Road 1: 380 HEARTHWOOD DR; Vehicle #1     Make: GMC     Model: SIE     Colour: GRY     Style: PK; Vehicle #2     Make:      Model:      Colour:      Style:,5/3/2021 10:37:43 AM,,
50068,19290010,1576322100000,2019,12,14,11,15,0,Saturday,542471.42883,4812923.13033,-80.474933,43.468024,At intersection,2,P.D. only,Within intersection,unknown,unknown,Angle,Unknown,Daylight,01 - Daylight,Municipal (excl. Twp. Rd.),Stop sign,Functioning,0,0,0,False,False,False,Snow,,True,Road 1: SPRING VALLEY RD; Road 2: GUELPH ST; Vehicle #1     Make: HINO     Model: CIN     Colour: GRN     Style: CT; Vehicle #2     Make: SUBA     Model: 2IP     Colour: SIL     Style: 4D,5/3/2021 10:40:37 AM,,
50069,19290024,1576322400000,2019,12,14,11,20,0,Saturday,540457.05506,4809696.65461,-80.500075,43.439084,Non intersection,2,Non-reportable,Thru lane,unknown,unknown,Rear end,Unknown,Daylight,01 - Daylight,Regional municipality,No control,unknown,0,0,0,False,False,False,Clear,,True,Road 1: QUEEN'S BLVD; Road 2: SPADINA RD W; Vehicle #1     Make: DODG     Model: CAR     Colour: SIL     Style: VN; Vehicle #2     Make: VOLK     Model: JES     Colour: WHI     Style: 4D,5/3/2021 10:37:43 AM,,
50070,19290058,1576323000000,2019,12,14,11,30,0,Saturday,538578.95868,4811190.24188,-80.52317599999999,43.452632,Non intersection,2,P.D. only,Right shoulder,unknown,unknown,SMV unattended vehicle,Unknown,Daylight,01 - Daylight,Municipal (excl. Twp. Rd.),No control,unknown,0,0,0,False,False,False,Clear,,True,Road 1: 269 UNION BLVD; Vehicle #1     Make: KIA     Model: FLG     Colour: BLK     Style: 4D; Vehicle #2     Make: MERZ     Model: C4A     Colour: SIL     Style: 2D,5/3/2021 10:39:02 AM,,
50071,19290088,1576328580000,2019,12,14,13,3,0,Saturday,545034.97693,4807868.10103,-80.443659,43.422359,Intersection related,1,Non-fatal injury,Thru lane,unknown,unknown,Turning movement,Unknown,Daylight,01 - Daylight,Municipal (excl. Twp. Rd.),Traffic signal,unknown,2,0,0,False,False,False,Snow,,False,Road 1: WILSON AVE (50 km/h); Road 2: 450 WILSON AVE (50 km/h); Vehicle #1     Make: CHEV     Model: EQU     Colour: GRY     Style: TY; Vehicle #2     Make: TOYT     Model: CXL     Colour: GRY     Style: 4D,5/3/2021 10:39:10 AM,,
50072,19290303,1576348620000,2019,12,14,18,37,0,Saturday,539395.25612,4808472.93765,-80.513283,43.428121999999995,Non intersection,2,P.D. only,Thru lane,unknown,unknown,SMV unattended vehicle,Unknown,Dark,07 - Dark,Municipal (excl. Twp. Rd.),No control,unknown,1,0,0,False,False,False,Snow,,False,Road 1: 377 FOREST HILL DR (50 km/h); Road 2: FOREST HILL DR; Distance: 5.0 M W; Vehicle #1     Make: HOND     Model: AST     Colour: SIL     Style: 4D; Vehicle #2     Make: CHEV     Model: SIL     Colour: BLK     Style: PK,5/3/2021 10:37:06 AM,,
50073,19290475,1576364400000,2019,12,14,23,0,0,Saturday,543475.01247,4807311.80751,-80.46297299999999,43.417442,Non intersection,2,P.D. only,Right shoulder,unknown,unknown,SMV unattended vehicle,Unknown,"Dark, artificial","08 - Dark, artificial",Municipal (excl. Twp. Rd.),No control,unknown,0,0,0,False,False,False,Snow,,False,Road 1: 141 FALLOWFIELD DR (50 km/h); Road 2: FALLOWFIELD DR; Distance: 0.0 M N; Vehicle #1     Make:      Model:      Colour:      Style: ; Vehicle #2     Make: DODG     Model: RAM     Colour:      Style:,5/3/2021 10:37:36 AM,,
50074,19290477,1576366560000,2019,12,14,23,36,0,Saturday,538425.21557,4806631.12873,-80.525397,43.411589,Intersection related,2,P.D. only,Not on roadway - right side,unknown,unknown,SMV other,Unknown,Dark,07 - Dark,Municipal (excl. Twp. Rd.),Stop sign,Functioning,0,0,0,False,False,False,Snow,,False,Road 1: FOXGLOVE CRESCENT (50 km/h); Road 2: PROSPERITY DR (50 km/h); Vehicle #1     Make: ACUR     Model: MDX     Colour: GRY     Style: TY,5/3/2021 10:38:44 AM,,
50075,19290945,1576425600000,2019,12,15,16,0,0,Sunday,545219.28431,4806416.66916,-80.441502,43.409279,Non intersection,2,P.D. only,Thru lane,unknown,unknown,Approaching,Unknown,Dusk,05 - Dusk,Municipal (excl. Twp. Rd.),No control,unknown,0,0,0,False,False,False,Clear,,True,Road 1: WABANAKI DR; Road 2: KEVCO PL; Vehicle #1     Make: DODG     Model: CAR     Colour: GRY     Style: VN; Vehicle #2     Make: NISS     Model: PFI     Colour: BLK     Style: TY; Vehicle #3     Make:      Model:      Colour:      Style:,5/3/2021 10:38:24 AM,,
50076,19290958,1576422000000,2019,12,15,15,0,0,Sunday,540230.3784,4809502.18503,-80.50289,43.437345,Intersection related,2,Non-reportable,Thru lane,unknown,unknown,Sideswipe,Unknown,Daylight,01 - Daylight,Municipal (excl. Twp. Rd.),Stop sign,Functioning,0,0,0,False,False,False,Clear,,True,Road 1: QUEEN'S BLVD; Road 2: NORTH DR; Vehicle #1     Make: TOYT     Model: CTX     Colour: GRY     Style: 4B; Vehicle #2     Make:      Model:      Colour:      Style:,5/3/2021 10:39:25 AM,,
50077,19290970,1576429200000,2019,12,15,17,0,0,Sunday,545432.65101,4808344.86966,-80.438707,43.426628,Intersection related,2,P.D. only,Thru lane,unknown,unknown,Rear end,Unknown,Dark,07 - Dark,Municipal (excl. Twp. Rd.),Stop sign,Functioning,0,0,0,False,False,False,Clear,,True,Road 1: CEDARWOODS CRES; Road 2: KINGS WAY DR; Vehicle #1     Make: TOYT     Model: RV4     Colour: GRY     Style: TY; Vehicle #2     Make: GMC     Model: TER     Colour: GRN     Style: TY,5/3/2021 10:39:44 AM,,
50078,19291625,1576332900000,2019,12,14,14,15,0,Saturday,536288.13578,4808320.88289,-80.55167999999999,43.42691,At/near private drive,2,Non-reportable,Thru lane,unknown,unknown,SMV unattended vehicle,Unknown,Daylight,01 - Daylight,Municipal (excl. Twp. Rd.),No control,unknown,0,0,0,False,False,False,Snow,,True,Road 1: 192 WESTMEADOW DR; Vehicle #1     Make:      Model:      Colour:      Style: ; Vehicle #2     Make: HYUN     Model: TUC     Colour: GRY     Style: TY,5/3/2021 10:41:19 AM,,
50079,19291679,1576447200000,2019,12,15,22,0,0,Sunday,536410.03649,4808443.47581,-80.55016599999999,43.428008,Non intersection,2,P.D. only,Thru lane,unknown,unknown,SMV unattended vehicle,Unknown,Dark,07 - Dark,Municipal (excl. Twp. Rd.),No control,unknown,0,0,0,False,False,False,Clear,,True,Road 1: WESTMEADOW DR; Road 2: IVY LN CT; Distance: 25.0 M S; Vehicle #1     Make:      Model:      Colour:      Style: ; Vehicle #2     Make: TOYT     Model: TIM     Colour: BLK     Style: 4B,5/3/2021 10:38:06 AM,,
50080,19292093,1576483200000,2019,12,16,8,0,0,Monday,536511.2227,4809039.87194,-80.54887599999999,43.433372999999996,Intersection related,2,P.D. only,Thru lane,unknown,unknown,Rear end,Unknown,Daylight,01 - Daylight,Municipal (excl. Twp. Rd.),Stop sign,Functioning,0,0,0,False,False,False,Clear,,True,Road 1: HIGHGATE RD; Road 2: WESTFOREST TRAIL; Vehicle #1     Make: GMC     Model: TER     Colour: GRY     Style: TY; Vehicle #2     Make: TOYT     Model: RUN     Colour: BLK     Style: TY,5/3/2021 10:39:48 AM,,