OBJECTID,ACCIDENTNUM,ACCIDENTDATE,ACCIDENT_YEAR,ACCIDENT_MONTH,ACCIDENT_DAY,ACCIDENT_HOUR,ACCIDENT_MINUTE,ACCIDENT_SECOND,ACCIDENT_WEEKDAY,XCOORD,YCOORD,LONGITUDE,LATITUDE,ACCIDENTLOCATION,COLLISIONTYPE,CLASSIFICATIONOFACCIDENT,IMPACTLOCATION,INITIALDIRECTIONOFTRAVELONE,INITIALDIRECTIONOFTRAVELTWO,INITIALIMPACTTYPE,INTTRAFFICCONTROL,LIGHT,LIGHTFORREPORT,ROADJURISDICTION,TRAFFICCONTROL,TRAFFICCONTROLCONDITION,THRULANENO,NORTHBOUNDDISOBEYCOUNT,SOUTHBOUNDDISOBEYCOUNT,PEDESTRIANINVOLVED,CYCLISTINVOLVED,MOTORCYCLISTINVOLVED,ENVIRONMENTCONDITION1,ENVIRONMENTCONDITION2,SELFREPORTED,XMLIMPORTNOTES,LASTEDITEDDATE,CREATE_BY,CREATE_DATE
50081,19292215,1576510200000,2019,12,16,15,30,0,Monday,537589.79044,4810079.94063,-80.535478,43.442685,At/near private drive,2,P.D. only,Thru lane,unknown,unknown,SMV unattended vehicle,Unknown,Daylight,01 - Daylight,Municipal (excl. Twp. Rd.),No control,unknown,0,0,0,False,False,False,Clear,,True,Road 1: GALLARNO COURT (IFO 2); Road 2: WESTWOOD DR; Vehicle #1     Make: NISS     Model: ATS     Colour: GRY     Style: 4D; Vehicle #2     Make: NISS     Model: SML     Colour: WHI     Style: 4D,5/3/2021 10:41:34 AM,,
50082,19292278,1576321200000,2019,12,14,11,0,0,Saturday,540347.14972,4805475.81658,-80.501745,43.401084999999995,Non intersection,2,P.D. only,Thru lane,unknown,unknown,SMV unattended vehicle,Unknown,Daylight,01 - Daylight,Regional municipality,No control,unknown,0,0,0,False,False,False,Snow,,True,Road 1: COMMONWEALTH ST; Road 2: BLEAMS RD; Vehicle #1     Make: GMC     Model: SIE     Colour: WHI     Style: PK; Vehicle #2     Make: CHEV     Model: EXP     Colour: WHI     Style: FV,5/3/2021 10:38:27 AM,,
50083,19292287,1576315800000,2019,12,14,9,30,0,Saturday,538072.69008,4807547.70737,-80.529687,43.41986,At intersection,2,P.D. only,Within intersection,unknown,unknown,Turning movement,Unknown,Daylight,01 - Daylight,Municipal (excl. Twp. Rd.),unknown,Functioning,0,0,0,False,False,False,Snow,,True,Road 1: WESTHEIGHTS DR; Road 2: MCGARRY DR; Vehicle #1     Make: HOND     Model: ACC     Colour: GRN     Style: 4D; Vehicle #2     Make: VOLK     Model: TIG     Colour: ONG     Style: TY,5/3/2021 10:40:51 AM,,
50084,19292349,1576321200000,2019,12,14,11,0,0,Saturday,542320.70281,4806857.64887,-80.477267,43.413419,At/near private drive,2,Non-reportable,Thru lane,unknown,unknown,Angle,Unknown,Daylight,01 - Daylight,Municipal (excl. Twp. Rd.),No control,unknown,0,0,0,False,False,False,Snow,,True,Road 1: 700 STRASBURG RD; Vehicle #1     Make: HYUN     Model: TUC     Colour: BLK     Style: TY; Vehicle #2     Make:      Model:      Colour:      Style:,5/3/2021 10:41:19 AM,,
50085,19292427,1576325400000,2019,12,14,12,10,0,Saturday,546588.64032,4802846.81235,-80.424894,43.377052,Non intersection,2,P.D. only,Right shoulder,unknown,unknown,SMV unattended vehicle,Unknown,Daylight,01 - Daylight,Municipal (excl. Twp. Rd.),No control,unknown,0,0,0,False,False,False,Clear,,True,Road 1: 335 ROBERT FERRIE DR; Vehicle #1     Make:      Model:      Colour:      Style: ; Vehicle #2     Make: HYUN     Model: TUC     Colour: GRY     Style: TY,5/3/2021 10:39:02 AM,,
50086,19292431,1576322100000,2019,12,14,11,15,0,Saturday,542638.60083,4803772.64233,-80.473581,43.385622999999995,Non intersection,2,P.D. only,Thru lane,unknown,unknown,SMV other,Unknown,Daylight,01 - Daylight,Municipal (excl. Twp. Rd.),No control,unknown,0,0,0,False,False,False,Snow,,True,Road 1: BANFFSHIRE ST; Road 2: BANFSHIRE CRES; Vehicle #1     Make: TOYT     Model: C4E     Colour: GRY     Style: 4D; Vehicle #2     Make:      Model:      Colour:      Style:,5/3/2021 10:38:24 AM,,
50087,19292575,1576605600000,2019,12,17,18,0,0,Tuesday,542396.38124,4811083.43033,-80.476004,43.451464,At intersection,1,Non-fatal injury,Within intersection,unknown,unknown,Angle,Unknown,Dark,07 - Dark,Municipal (excl. Twp. Rd.),Stop sign,Functioning,0,1,0,False,False,False,Clear,,False,Road 1: SIMEON ST (50 km/h); Road 2: KRUG ST (50 km/h); Vehicle #1     Make: TOYT     Model: RV4     Colour: BLK     Style: TY; Vehicle #2     Make: ACUR     Model: IPT     Colour: WHI     Style: 4D,5/3/2021 10:40:14 AM,,
50088,19292596,1576586700000,2019,12,17,12,45,0,Tuesday,541251.40098,4810939.04849,-80.490166,43.450227999999996,At/near private drive,2,P.D. only,Not on roadway - right side,unknown,unknown,SMV unattended vehicle,Unknown,Daylight,01 - Daylight,Municipal (excl. Twp. Rd.),No control,unknown,0,0,0,False,False,False,Clear,,True,Road 1: KING ST W (IFO 55 KING ST W); Road 2: QUEEN ST; Distance: 60.0 M W; Vehicle #1     Make:      Model:      Colour:      Style: ; Vehicle #2     Make: HOND     Model: CRV     Colour: GRN     Style: TY,5/3/2021 10:41:36 AM,,
50089,19292675,1576617060000,2019,12,17,21,11,0,Tuesday,546022.92242,4803257.86971,-80.431843,43.380787999999995,At/near private drive,2,P.D. only,Thru lane,unknown,unknown,Sideswipe,Unknown,Dark,07 - Dark,Regional municipality,No control,unknown,1,0,0,False,False,False,Clear,,False,Road 1: DOON SOUTH DR (50 km/h); Road 2: ROBERT FERRIE DR; Distance: 350.0 M W; Vehicle #1     Make: FORD     Model: FE     Colour: GRY     Style: 4D; Vehicle #2     Make: FORD     Model: FSA     Colour: GRY     Style: 4D,5/3/2021 10:40:59 AM,,
50090,19292965,1576530000000,2019,12,16,21,0,0,Monday,542751.05059,4806085.76675,-80.47201199999999,43.406444,At/near private drive,2,P.D. only,Thru lane,unknown,unknown,SMV unattended vehicle,Unknown,Dark,07 - Dark,Municipal (excl. Twp. Rd.),No control,unknown,0,0,0,False,False,False,Clear,,True,Road 1: 59 SHOEMAKER ST; Vehicle #1     Make:      Model:      Colour:      Style: ; Vehicle #2     Make: VOLK     Model: JSA     Colour: WHI     Style: 4D,5/3/2021 10:41:43 AM,,
50091,19293143,1576674000000,2019,12,18,13,0,0,Wednesday,541801.49644,4810390.95854,-80.483409,43.445262,Non intersection,2,Non-reportable,Thru lane,unknown,unknown,SMV other,Unknown,Daylight,01 - Daylight,Municipal (excl. Twp. Rd.),No control,unknown,0,0,0,False,False,False,Clear,,True,Road 1: MADISON AVE S; Road 2: CHARLES ST E; Vehicle #1     Make: PONT     Model: MON     Colour: GRY     Style: VN,5/3/2021 10:37:41 AM,,
50092,19293163,1576680000000,2019,12,18,14,40,0,Wednesday,541881.21324,4813881.61017,-80.482156,43.476687,Non intersection,2,P.D. only,Off highway,unknown,unknown,SMV other,Unknown,Daylight,01 - Daylight,Municipal (excl. Twp. Rd.),No control,unknown,0,0,0,False,False,False,Clear,,False,Road 1: BRIDGEPORT RD E (50 km/h); Road 2: RIVERBEND DR; Distance: 2.0 M W; Vehicle #1     Make: NISS     Model: VSL     Colour: GRY     Style: 4B,4/27/2022 10:40:34 AM,,
50093,19293221,1576683900000,2019,12,18,15,45,0,Wednesday,542741.77471,4811601.40727,-80.471694,43.456108,Non intersection,2,P.D. only,Thru lane,unknown,unknown,Turning movement,Unknown,Daylight,01 - Daylight,Regional municipality,No control,unknown,0,0,0,False,False,False,Snow,,True,Road 1: 222 DUMFRIES AVE (FREDERICK ST MALL); Vehicle #1     Make: CHEV     Model: SIL     Colour: BLK     Style: PK; Vehicle #2     Make: KIA     Model: SOU     Colour: BLK     Style: 4B,5/3/2021 10:38:30 AM,,
50094,19293286,1576689540000,2019,12,18,17,19,0,Wednesday,538304.09925,4810398.40582,-80.526629,43.445516,Non intersection,1,Non-fatal injury,Thru lane,unknown,unknown,Turning movement,Unknown,"Dark, artificial","08 - Dark, artificial",Municipal (excl. Twp. Rd.),No control,unknown,1,0,0,False,False,False,Clear,,False,Road 1: 81 WESTWOOD DR (50 km/h); Road 2: WESTWOOD DR; Distance: 1.0 M N; Vehicle #1     Make: HOND     Model: UDY     Colour: GRN     Style: VN; Vehicle #2     Make: HOND     Model: PIL     Colour: SIL     Style: TY,5/3/2021 10:37:04 AM,,
50095,19293316,1576690800000,2019,12,18,17,40,0,Wednesday,542337.20396,4813574.98552,-80.476542,43.473901,Non intersection,2,Non-reportable,Thru lane,unknown,unknown,SMV other,Unknown,Dark,07 - Dark,Regional municipality,No control,unknown,0,0,0,False,False,False,Snow,,True,Road 1: 487 RIVERBEND DR; Vehicle #1     Make: CHEV     Model: ML     Colour: GRY     Style: 4D,5/3/2021 10:37:25 AM,,
50096,19293346,1576607400000,2019,12,17,18,30,0,Tuesday,543295.58296,4811508.25965,-80.464857,43.455237,At/near private drive,2,Non-reportable,Off highway,unknown,unknown,SMV unattended vehicle,Unknown,Dark,07 - Dark,Municipal (excl. Twp. Rd.),No control,unknown,0,0,0,False,False,False,Clear,,True,Road 1: 426 KRUG ST; Vehicle #1     Make:      Model:      Colour:      Style: ; Vehicle #2     Make: CHEV     Model: CAL     Colour: WHI     Style: PK,5/3/2021 10:41:17 AM,,
50097,19293351,1576690200000,2019,12,18,17,30,0,Wednesday,541360.40042,4808642.13437,-80.488993,43.429539999999996,Intersection related,2,P.D. only,Thru lane,unknown,unknown,Sideswipe,Unknown,Dark,07 - Dark,Regional municipality,Traffic signal,unknown,0,0,0,False,False,False,Clear,,True,Road 1: HOMER WATSON BLVD; Road 2: HOFFMAN ST; Vehicle #1     Make: FORD     Model: FTU     Colour: BLU     Style: 4D; Vehicle #2     Make: CHEV     Model: ETV     Colour: WHI     Style: CB,5/3/2021 10:39:56 AM,,
50098,19293728,1576752780000,2019,12,19,10,53,0,Thursday,547742.14633,4804279.4222,-80.41053,43.389879,Non intersection,2,P.D. only,Not on roadway - right side,unknown,unknown,SMV other,Unknown,Daylight,01 - Daylight,Regional municipality,No control,unknown,0,0,0,False,False,False,Clear,,False,Road 1: CONESTOGA COLLEGE BLVD (50 km/h); Road 2: HOMER WATSON BLVD; Distance: 350.0 M N; Vehicle #1     Make: TOYT     Model: UCS     Colour: BRN     Style: 4D,4/27/2022 10:40:37 AM,,
50099,19293762,1576658700000,2019,12,18,8,45,0,Wednesday,539318.27376,4808374.93707,-80.514242,43.427243999999995,Non intersection,2,P.D. only,Thru lane,unknown,unknown,SMV unattended vehicle,Unknown,Daylight,01 - Daylight,Municipal (excl. Twp. Rd.),No control,unknown,0,0,0,False,False,False,Snow,,True,Road 1: CYPRUS DR; Road 2: BIRCHCLIFF; Vehicle #1     Make:      Model:      Colour:      Style: ; Vehicle #2     Make: DODG     Model: CAR     Colour: SIL     Style: VN,5/3/2021 10:38:33 AM,,
50100,19293763,1576689300000,2019,12,18,17,15,0,Wednesday,545316.95086,4810291.7912,-80.43997399999999,43.444165,Non intersection,2,Non-reportable,Thru lane,unknown,unknown,Sideswipe,Unknown,Dark,07 - Dark,Regional municipality,No control,unknown,0,0,0,False,False,False,Snow,,True,Road 1: RIVER RD E; Road 2: OTTAWA ST; Vehicle #1     Make:      Model:      Colour:      Style: ; Vehicle #2     Make: TOYT     Model: RV4     Colour: GRY     Style: TY,5/3/2021 10:37:25 AM,,
50101,19293776,1576689600000,2019,12,18,17,20,0,Wednesday,540922.27219,4810569.19414,-80.494261,43.446915,Intersection related,2,Non-reportable,Thru lane,unknown,unknown,Rear end,Unknown,Dark,07 - Dark,Regional municipality,unknown,Functioning,0,0,0,False,False,False,Snow,,True,Road 1: COURTLAND AVE W; Road 2: DAVID ST; Vehicle #1     Make: TOYT     Model: RV4     Colour: GRY     Style: TY; Vehicle #2     Make: HOND     Model: FLX     Colour: GRY     Style: 4B,5/3/2021 10:39:18 AM,,
50102,19296519,1575115200000,2019,11,30,12,0,0,Saturday,541250.78407,4810983.02926,-80.49016999999999,43.450624,At/near private drive,2,Non-reportable,Not on roadway - left side,unknown,unknown,SMV unattended vehicle,Unknown,Daylight,01 - Daylight,Municipal (excl. Twp. Rd.),No control,unknown,0,0,0,False,False,False,Clear,,True,Road 1: 18 ONTARIO ST N; Vehicle #1     Make:      Model:      Colour:      Style: ; Vehicle #2     Make: SUBA     Model: GTG     Colour: WHI     Style: 4W,5/3/2021 10:41:16 AM,,
50103,20000091,1577842140000,2020,1,1,1,29,0,Wednesday,539827.20915,4808329.1412,-80.50795699999999,43.426804999999995,At/near private drive,2,P.D. only,Thru lane,unknown,unknown,Approaching,Unknown,Dark,07 - Dark,Municipal (excl. Twp. Rd.),No control,unknown,1,0,0,False,False,False,Snow,,False,Road 1: 237 VILLAGE RD (50 km/h); Road 2: VILLAGE RD; Distance: 3.0 M W; Vehicle #1     Make:      Model:      Colour:      Style: ; Vehicle #2     Make: NISS     Model: VSL     Colour: GRY     Style: 4B,5/3/2021 10:41:08 AM,,
50104,20000228,1577867400000,2020,1,1,8,30,0,Wednesday,541693.247,4812219.44658,-80.484607,43.461732,Intersection related,2,P.D. only,Not on roadway - right side,unknown,unknown,SMV other,Unknown,Daylight,01 - Daylight,Municipal (excl. Twp. Rd.),Stop sign,Functioning,0,0,0,False,False,False,Snow,,False,Road 1: LOUISA ST (50 km/h); Road 2: ST VINCENT ST (50 km/h); Distance: 3.0 M S; Vehicle #1     Make: PONT     Model: G5     Colour: RED     Style: 2D,5/3/2021 10:39:18 AM,,
50105,20000424,1577894400000,2020,1,1,16,0,0,Wednesday,542805.48462,4803969.75669,-80.471505,43.387388,Non intersection,2,P.D. only,Thru lane,unknown,unknown,Rear end,Unknown,Daylight,01 - Daylight,Municipal (excl. Twp. Rd.),No control,unknown,0,0,0,False,False,False,Clear,,True,Road 1: 38 BANFFSHIRE ST; Vehicle #1     Make: KIA     Model: SOR     Colour: BLK     Style: TY; Vehicle #2     Make: CHEV     Model: SIL     Colour: WHI     Style: CW,5/3/2021 10:38:51 AM,,
50106,20001241,1577988000000,2020,1,2,18,0,0,Thursday,544383.24687,4808337.00984,-80.45167099999999,43.42662,Non intersection,2,P.D. only,Thru lane,unknown,unknown,SMV unattended vehicle,Unknown,Dark,07 - Dark,Municipal (excl. Twp. Rd.),No control,unknown,1,0,0,False,False,False,Clear,,False,Road 1: 261 EIGHTH AVE (50 km/h); Road 2: EIGHTH AVE; Distance: 5.0 M S; Vehicle #1     Make: BMW     Model: C3I     Colour: BLU     Style: 4D; Vehicle #2     Make: CHEV     Model: SIL     Colour: BLK     Style: PK,5/3/2021 10:37:27 AM,,
50107,20001638,1578044400000,2020,1,3,9,40,0,Friday,542843.67169,4809871.7736,-80.47057099999999,43.440528,At intersection,2,P.D. only,Within intersection,unknown,unknown,Angle,Unknown,Daylight,01 - Daylight,Regional municipality,Stop sign,Functioning,0,0,0,False,False,False,Clear,,True,Road 1: CHARLES ST E; Road 2: SYDNEY ST S; Vehicle #1     Make: FORD     Model: EDG     Colour: WHI     Style: TY; Vehicle #2     Make: VOLK     Model: TIG     Colour: GRY     Style: TY,5/3/2021 10:40:34 AM,,
50108,20001918,1577962800000,2020,1,2,11,0,0,Thursday,540550.37471,4812312.91234,-80.498727,43.462635999999996,At/near private drive,2,Non-reportable,Thru lane,unknown,unknown,SMV unattended vehicle,Unknown,Daylight,01 - Daylight,Municipal (excl. Twp. Rd.),No control,unknown,0,0,0,False,False,False,Clear,,True,Road 1: ELLIS AVE (IFO 56); Vehicle #1     Make:      Model:      Colour:      Style: ; Vehicle #2     Make: BUIC     Model: LAC     Colour: BLU     Style: 4D,5/3/2021 10:41:52 AM,,
50109,20002265,1578145320000,2020,1,4,13,42,0,Saturday,543576.06549,4812969.75712,-80.46127299999999,43.468379999999996,Non intersection,2,P.D. only,Not on roadway - right side,unknown,unknown,SMV other,Unknown,Daylight,01 - Daylight,Municipal (excl. Twp. Rd.),No control,unknown,0,0,0,False,False,False,Clear,,False,Road 1: 100 SHIRLEY AVE (50 km/h); Road 2: SHIRLEY AVE; Distance: 8.0 M W; Vehicle #1     Make: TOYT     Model: MTL     Colour: GRY     Style: 4D,5/3/2021 10:37:03 AM,,
50110,20002525,1578133800000,2020,1,4,10,30,0,Saturday,543855.64424,4805115.1677,-80.45844799999999,43.397641,Intersection related,2,Non-reportable,Thru lane,unknown,unknown,Rear end,Unknown,Daylight,01 - Daylight,Municipal (excl. Twp. Rd.),Traffic signal,Functioning,0,0,0,False,False,False,Clear,,True,Road 1: OLD HURON RD; Road 2: HURON RD (TRILLIUM DR); Vehicle #1     Make:      Model:      Colour:      Style: ; Vehicle #2     Make: TOYT     Model: CTX     Colour: GRY     Style: 4B,5/3/2021 10:39:21 AM,,
50111,20002925,1578232800000,2020,1,5,14,0,0,Sunday,538541.76833,4810510.63692,-80.523684,43.446514,Non intersection,2,P.D. only,Thru lane,unknown,unknown,Angle,Unknown,Daylight,01 - Daylight,Regional municipality,No control,unknown,0,0,0,False,False,False,Clear,,True,Road 1: WESTWOOD DR; Road 2: WESTMOUNT RD W; Vehicle #1     Make: HYUN     Model: AGG     Colour: GRY     Style: 4D; Vehicle #2     Make: LEXS     Model: IS3     Colour: GRY     Style: 4D,5/3/2021 10:38:56 AM,,
50112,20002947,1578236340000,2020,1,5,14,59,0,Sunday,540796.16972,4809183.20658,-80.49592299999999,43.434442999999995,Intersection related,2,P.D. only,Right shoulder,unknown,unknown,SMV other,Stop sign,"Daylight, artificial","02 - Daylight, artificial",Municipal (excl. Twp. Rd.),Stop sign,unknown,0,0,0,False,False,False,Snow,,False,Road 1: STIRLING AVE S (50 km/h); Road 2: PLEASANT AVE (50 km/h); Vehicle #1     Make: MERZ     Model: C4A     Colour: BLU     Style: CV,5/3/2021 10:39:16 AM,,
50113,20003042,1578217800000,2020,1,5,9,50,0,Sunday,538087.36377,4809906.57485,-80.529342,43.441099,Non intersection,2,P.D. only,Thru lane,unknown,unknown,SMV other,Unknown,Daylight,01 - Daylight,Regional municipality,No control,unknown,0,0,0,False,False,False,Clear,,True,Road 1: 48 DALEGROVE DR; Road 2: HAZELGLEN DR; Vehicle #1     Make: SUBA     Model: CRO     Colour: WHI     Style: TY,5/3/2021 10:38:06 AM,,
50114,20003103,1578222000000,2020,1,5,11,0,0,Sunday,536655.70065,4807429.70258,-80.54719899999999,43.418867999999996,At/near private drive,2,P.D. only,Thru lane,unknown,unknown,SMV unattended vehicle,Unknown,Daylight,01 - Daylight,Municipal (excl. Twp. Rd.),No control,unknown,0,0,0,False,False,False,Clear,,True,Road 1: ROLLING MEADOWS DR (IFO 151); Vehicle #1     Make: DODG     Model: CAR     Colour: WHI     Style: VN; Vehicle #2     Make: NISS     Model: FRT     Colour: BLK     Style: CW,5/3/2021 10:41:50 AM,,
50115,20003259,1578240000000,2020,1,5,16,0,0,Sunday,538259.39735,4810711.92935,-80.527159,43.448341,At/near private drive,2,P.D. only,Thru lane,unknown,unknown,Other,Unknown,Daylight,01 - Daylight,Municipal (excl. Twp. Rd.),No control,unknown,2,0,0,False,False,False,Snow,,False,Road 1: GLASGOW ST (40 km/h); Road 2: ABERDEEN RD; Distance: 25.0 M W; Vehicle #1     Make: TOYT     Model: UTS     Colour: BLK     Style: 4D; Vehicle #2     Make: LEXS     Model: GX7     Colour: GRY     Style: TY,5/3/2021 10:41:10 AM,,
50116,20003297,1578171600000,2020,1,4,21,0,0,Saturday,546196.28997,4812476.72908,-80.428923,43.463784,At/near private drive,2,Non-reportable,Thru lane,unknown,unknown,SMV unattended vehicle,Unknown,Dark,07 - Dark,Municipal (excl. Twp. Rd.),No control,unknown,0,0,0,False,False,False,Clear,,True,Road 1: 46 STANMORE AVE; Vehicle #1     Make:      Model:      Colour:      Style: ; Vehicle #2     Make: TOYT     Model: COR     Colour: BGE     Style: 4D,5/3/2021 10:41:15 AM,,
50117,20003366,1578248520000,2020,1,5,18,22,0,Sunday,546696.82656,4802283.38964,-80.42360699999999,43.371972,Non intersection,2,P.D. only,Not on roadway - right side,unknown,unknown,SMV other,Unknown,Dark,07 - Dark,Municipal (excl. Twp. Rd.),No control,unknown,0,0,0,False,False,False,Snow,,False,Road 1: REICHERT DR (80 km/h); Road 2: NEW DUNDEE RD; Distance: 100.0 M S; Vehicle #1     Make: INFI     Model: GAW     Colour: WHI     Style: 4D,5/3/2021 10:37:38 AM,,
50118,20003457,1578255840000,2020,1,5,20,24,0,Sunday,539845.52802,4809606.78477,-80.507638,43.438308,At intersection,2,P.D. only,Within intersection,unknown,unknown,Angle,Unknown,Dark,07 - Dark,Municipal (excl. Twp. Rd.),Stop sign,Functioning,0,0,0,False,False,False,Snow,,False,Road 1: MARLBOROUGH AVE (50 km/h); Road 2: ROXBOROUGH AVE (50 km/h); Vehicle #1     Make: HYUN     Model: ASP     Colour: WHI     Style: 4B; Vehicle #2     Make: GMC     Model: TER     Colour: BLK     Style: TY,5/3/2021 10:40:10 AM,,
50119,20003678,1578294900000,2020,1,6,7,15,0,Monday,544058.26628,4805080.67555,-80.45594899999999,43.397318999999996,Intersection related,2,P.D. only,Thru lane,unknown,unknown,Rear end,Unknown,Dawn,03 - Dawn,Municipal (excl. Twp. Rd.),Stop sign,unknown,0,0,0,False,False,False,Clear,,True,Road 1: OLD HURON RD; Road 2: BEIHN DRIVE; Vehicle #1     Make: TOYT     Model: TUN     Colour: GRY     Style: CW; Vehicle #2     Make:      Model:      Colour:      Style:,5/3/2021 10:39:37 AM,,
50120,20003900,1578306600000,2020,1,6,10,30,0,Monday,540183.24018,4805492.83407,-80.503768,43.401247,Non intersection,2,P.D. only,Thru lane,unknown,unknown,Other,Unknown,Daylight,01 - Daylight,Municipal (excl. Twp. Rd.),No control,unknown,0,0,0,False,False,False,Clear,,True,Road 1: 559 COMMONWEALTH CRESCENT; Vehicle #1     Make: HOND     Model: CRV     Colour: BLU     Style: TY; Vehicle #2     Make: MAZD     Model: CX5     Colour: BLK     Style: TY,5/3/2021 10:38:56 AM,,
50121,20003969,1578297000000,2020,1,6,7,50,0,Monday,541938.21941,4816313.94972,-80.481264,43.498585,At intersection,2,P.D. only,Within intersection,unknown,unknown,Angle,Unknown,Dawn,03 - Dawn,Municipal (excl. Twp. Rd.),Stop sign,Functioning,0,0,0,False,False,False,Clear,,True,Road 1: FALCONRIDGE DR; Road 2: WOOLWICH ST; Vehicle #1     Make: HOND     Model: UCL     Colour: SIL     Style: 4D; Vehicle #2     Make: GMC     Model: SAV     Colour: WHI     Style: VN,5/3/2021 10:40:38 AM,,
50122,20003989,1578263400000,2020,1,5,22,30,0,Sunday,539302.29675,4810333.48709,-80.514298,43.44488,Intersection related,2,P.D. only,Thru lane,unknown,unknown,Angle,Unknown,Dark,07 - Dark,Municipal (excl. Twp. Rd.),Stop sign,Functioning,0,0,0,False,False,False,Clear,,True,Road 1: KARN ST; Road 2: BRYBECK CRESCENT; Vehicle #1     Make: NISS     Model: ROG     Colour: SIL     Style: TY; Vehicle #2     Make: TOYT     Model: CH4     Colour: BLU     Style: 4D,5/3/2021 10:39:53 AM,,
50123,20004028,1578322800000,2020,1,6,15,0,0,Monday,546839.11303,4804257.60285,-80.42168199999999,43.389739,Intersection related,2,P.D. only,Thru lane,unknown,unknown,Angle,Unknown,Daylight,01 - Daylight,Municipal (excl. Twp. Rd.),Traffic signal,unknown,0,0,0,False,False,False,Clear,,True,Road 1: DOON S DR; Road 2: HOMER WATSON BLVD; Vehicle #1     Make: CHEV     Model: TRV     Colour: GRY     Style: TY; Vehicle #2     Make:      Model:      Colour:      Style:,5/3/2021 10:39:38 AM,,
50124,20004087,1578303000000,2020,1,6,9,30,0,Monday,536346.21491,4808389.81767,-80.550958,43.427527999999995,Non intersection,2,Non-reportable,Thru lane,unknown,unknown,Other,Unknown,Daylight,01 - Daylight,Municipal (excl. Twp. Rd.),No control,unknown,0,0,0,False,False,False,Clear,,True,Road 1: WESTMEADOW DR (IFO 147); Vehicle #1     Make: HOND     Model: UCL     Colour: BLU     Style: 4D; Vehicle #2     Make:      Model:      Colour:      Style:,5/3/2021 10:39:00 AM,,
50125,20004092,1578328200000,2020,1,6,16,30,0,Monday,544528.44578,4808680.39377,-80.44985,43.429702999999996,At intersection,2,P.D. only,Thru lane,unknown,unknown,Angle,Unknown,Daylight,01 - Daylight,Municipal (excl. Twp. Rd.),Stop sign,Functioning,0,0,0,False,False,False,Clear,,True,Road 1: 8TH AVE; Road 2: CONNAUGHT ST; Vehicle #1     Make: CHEV     Model: EQU     Colour: BRN     Style: TY; Vehicle #2     Make: FORD     Model: TRN     Colour: WHI     Style: FV,5/3/2021 10:40:39 AM,,
50126,20004139,1578331800000,2020,1,6,17,30,0,Monday,545303.45798,4808184.49263,-80.440316,43.425191,At/near private drive,2,Non-reportable,Thru lane,unknown,unknown,Other,Unknown,Dusk,05 - Dusk,Municipal (excl. Twp. Rd.),No control,unknown,0,0,0,False,False,False,Clear,,True,Road 1: 2960 KINGSWAY DR; Vehicle #1     Make: HYUN     Model: SFT     Colour: WHI     Style: TY; Vehicle #2     Make:      Model:      Colour:      Style:,5/3/2021 10:41:15 AM,,
50127,20004245,1578326580000,2020,1,6,16,3,0,Monday,545119.71582,4812301.76308,-80.442245,43.462274,At/near private drive,2,P.D. only,Thru lane,unknown,unknown,SMV unattended vehicle,Unknown,Daylight,01 - Daylight,Municipal (excl. Twp. Rd.),No control,unknown,0,0,0,False,False,False,Clear,,True,Road 1: 104 TUPPER CRESCENT; Vehicle #1     Make: NISS     Model: VSL     Colour: RED     Style: 4B; Vehicle #2     Make:      Model:      Colour:      Style:,5/3/2021 10:41:51 AM,,
50128,20004279,1578338100000,2020,1,6,19,15,0,Monday,539617.92862,4811375.40382,-80.510322,43.454245,Intersection related,1,Non-fatal injury,Left turn lane,unknown,unknown,SMV other,Unknown,Dark,07 - Dark,Regional municipality,Traffic signal,Functioning,0,0,0,True,False,False,Clear,,True,Road 1: GLASGOW ST; Road 2: PARK ST; Vehicle #1     Make: INFI     Model: AWD     Colour: BGE     Style: 4D,5/3/2021 10:40:07 AM,,
50129,20004497,1578420600000,2020,1,7,18,10,0,Tuesday,547381.60065,4810145.68622,-80.414473,43.442721,Non intersection,2,P.D. only,Thru lane,unknown,unknown,Angle,Unknown,Dark,07 - Dark,Municipal (excl. Twp. Rd.),No control,unknown,0,0,0,False,False,False,Clear,,True,Road 1: 900 FAIRWAY CRESCENT  KITCHENER; Vehicle #1     Make: LEXS     Model: RX5     Colour: WHI     Style: TY; Vehicle #2     Make: HOND     Model: ULX     Colour: BLK     Style: 4D,5/3/2021 10:38:59 AM,,
50130,20005262,1578469500000,2020,1,8,7,45,0,Wednesday,545049.30223,4810838.3447,-80.443237,43.449101999999996,Intersection related,2,P.D. only,Thru lane,unknown,unknown,Rear end,Unknown,Dawn,03 - Dawn,Regional municipality,Traffic signal,Functioning,0,0,0,False,False,False,Clear,,True,Road 1: RIVER RD E; Road 2: HOLBORN DR; Vehicle #1     Make: HYUN     Model: ELA     Colour: GRY     Style: 4D; Vehicle #2     Make: FORD     Model: SPE     Colour: BRN     Style: TY,5/3/2021 10:40:04 AM,,
50131,20005305,1578474000000,2020,1,8,9,0,0,Wednesday,543100.37193,4807372.73644,-80.467596,43.418012,Non intersection,2,P.D. only,Thru lane,unknown,unknown,Rear end,Unknown,Daylight,01 - Daylight,Municipal (excl. Twp. Rd.),No control,unknown,0,0,0,False,False,False,Clear,,True,Road 1: 12 FALLOWFIELD DR; Vehicle #1     Make: TOYT     Model: RG4     Colour: GRY     Style: TY; Vehicle #2     Make: KIA     Model: SOR     Colour: RED     Style: TY,5/3/2021 10:39:01 AM,,