OBJECTID,ACCIDENTNUM,ACCIDENTDATE,ACCIDENT_YEAR,ACCIDENT_MONTH,ACCIDENT_DAY,ACCIDENT_HOUR,ACCIDENT_MINUTE,ACCIDENT_SECOND,ACCIDENT_WEEKDAY,XCOORD,YCOORD,LONGITUDE,LATITUDE,ACCIDENTLOCATION,COLLISIONTYPE,CLASSIFICATIONOFACCIDENT,IMPACTLOCATION,INITIALDIRECTIONOFTRAVELONE,INITIALDIRECTIONOFTRAVELTWO,INITIALIMPACTTYPE,INTTRAFFICCONTROL,LIGHT,LIGHTFORREPORT,ROADJURISDICTION,TRAFFICCONTROL,TRAFFICCONTROLCONDITION,THRULANENO,NORTHBOUNDDISOBEYCOUNT,SOUTHBOUNDDISOBEYCOUNT,PEDESTRIANINVOLVED,CYCLISTINVOLVED,MOTORCYCLISTINVOLVED,ENVIRONMENTCONDITION1,ENVIRONMENTCONDITION2,SELFREPORTED,XMLIMPORTNOTES,LASTEDITEDDATE,CREATE_BY,CREATE_DATE
50132,20005316,1578474000000,2020,1,8,9,0,0,Wednesday,545314.39908,4804471.235,-80.440489,43.391756,At intersection,2,P.D. only,Within intersection,unknown,unknown,Angle,Unknown,Daylight,01 - Daylight,Municipal (excl. Twp. Rd.),unknown,Functioning,0,0,0,False,False,False,Clear,,True,Road 1: DOON VILLAGE; Road 2: BECHTEL; Vehicle #1     Make: FORD     Model: DRW     Colour: WHI     Style: CB; Vehicle #2     Make: VOLK     Model: JSI     Colour: RED     Style: 4D,5/3/2021 10:40:46 AM,,
50133,20005329,1578472200000,2020,1,8,8,30,0,Wednesday,538283.89433,4809971.69393,-80.52690799999999,43.441675,At/near private drive,2,P.D. only,Thru lane,unknown,unknown,SMV unattended vehicle,Unknown,Daylight,01 - Daylight,Municipal (excl. Twp. Rd.),No control,unknown,0,0,0,False,False,False,"Fog, mist, smoke, dust",,True,Road 1: 15 MARKWOOD DR; Road 2: CHOPIN DR; Vehicle #1     Make: CHEV     Model: EQU     Colour: BLK     Style: TY; Vehicle #2     Make: CADI     Model: XT5     Colour: BLK     Style: TY,5/3/2021 10:41:51 AM,,
50134,20005455,1578485880000,2020,1,8,12,18,0,Wednesday,539077.53289,4811111.76014,-80.51702,43.451899,At intersection,2,P.D. only,Within intersection,unknown,unknown,Angle,Unknown,Daylight,01 - Daylight,Regional municipality,Traffic signal,Functioning,0,0,0,False,False,False,Clear,,False,Road 1: BELMONT AVE W (60 km/h); Road 2: GLASGOW ST (60 km/h); Vehicle #1     Make: SUZI     Model: CXS     Colour: GRY     Style: 4D; Vehicle #2     Make: FORD     Model: COF     Colour: BLU     Style: PK,5/3/2021 10:40:08 AM,,
50135,20005594,1578468900000,2020,1,8,7,35,0,Wednesday,539489.81275,4808594.28586,-80.512106,43.42921,At intersection,2,Non-reportable,Within intersection,unknown,unknown,Angle,Unknown,Dawn,03 - Dawn,Municipal (excl. Twp. Rd.),unknown,Functioning,0,0,0,False,False,False,Clear,,True,Road 1: FOREST HILL DR; Road 2: WARREN RD; Vehicle #1     Make: TOYT     Model: VEN     Colour: BLK     Style: TY; Vehicle #2     Make: TOYT     Model: RV4     Colour: WHI     Style: TY,5/3/2021 10:40:46 AM,,
50136,20005643,1578497880000,2020,1,8,15,38,0,Wednesday,541927.08811,4808854.18576,-80.48197499999999,43.431418,At/near private drive,2,P.D. only,Off highway,unknown,unknown,SMV other,Unknown,Daylight,01 - Daylight,Municipal (excl. Twp. Rd.),No control,unknown,0,0,0,False,False,False,Clear,,False,Road 1: 16 KELVIN AVE (50 km/h); Road 2: KELVIN AVE; Distance: 10.0 M E; Vehicle #1     Make: KIA     Model: OEX     Colour: SIL     Style: 4D,5/3/2021 10:41:06 AM,,
50137,20005667,1578499200000,2020,1,8,16,0,0,Wednesday,542957.35841,4807451.70573,-80.46935599999999,43.418731,At/near private drive,2,P.D. only,Thru lane,unknown,unknown,Angle,Unknown,Daylight,01 - Daylight,Regional municipality,No control,unknown,2,0,0,False,False,False,Clear,,False,Road 1: 158 BLOCK LINE RD (50 km/h); Road 2: BLOCK LINE RD; Distance: 5.0 M W; Vehicle #1     Make: CHRY     Model: TWC     Colour: SIL     Style: VN; Vehicle #2     Make: HOND     Model: CVL     Colour: SIL     Style: 4D,5/3/2021 10:40:58 AM,,
50138,20006063,1578517200000,2020,1,8,21,0,0,Wednesday,536965.94123,4806519.7578,-80.54342799999999,43.41066,Non intersection,2,Non-reportable,Thru lane,unknown,unknown,SMV unattended vehicle,Unknown,Dark,07 - Dark,Municipal (excl. Twp. Rd.),No control,unknown,0,0,0,False,False,False,Clear,,True,Road 1: 39 STONEHENGE PLACE; Vehicle #1     Make: TOYT     Model: RG4     Colour: BRN     Style: TY; Vehicle #2     Make:      Model:      Colour:      Style:,5/3/2021 10:39:04 AM,,
50139,20006351,1578505800000,2020,1,8,17,50,0,Wednesday,539869.36539,4810632.2171,-80.507268,43.44754,Intersection related,2,P.D. only,Thru lane,unknown,unknown,Other,Unknown,Dark,07 - Dark,Municipal (excl. Twp. Rd.),Stop sign,unknown,0,0,0,False,False,False,Clear,,True,Road 1: STRANGE ST; Road 2: CHERRY ST; Vehicle #1     Make: FORD     Model: RNG     Colour: GRY     Style: PK; Vehicle #2     Make: CHEV     Model: ML1     Colour: WHI     Style: 4D,5/3/2021 10:40:06 AM,,
50140,20006596,1578579000000,2020,1,9,14,10,0,Thursday,541853.18195,4810586.11617,-80.482755,43.447016,Non intersection,2,P.D. only,Thru lane,unknown,unknown,SMV unattended vehicle,Unknown,Daylight,01 - Daylight,Regional municipality,No control,unknown,0,0,0,False,False,False,Clear,,True,Road 1: KING ST E; Road 2: CEDAR ST N; Vehicle #1     Make: KIA     Model: SOU     Colour: RED     Style: TY; Vehicle #2     Make: WORK     Model: W31     Colour: BRN     Style: PD,8/16/2022 3:00:24 PM,,
50141,20006636,1578596820000,2020,1,9,19,7,0,Thursday,540297.88267,4811902.12313,-80.501879,43.458951,Non intersection,2,P.D. only,Thru lane,unknown,unknown,Other,Unknown,"Dark, artificial","08 - Dark, artificial",Municipal (excl. Twp. Rd.),No control,unknown,1,0,0,False,False,False,Clear,,False,Road 1: 151 WATERLOO ST (50 km/h); Road 2: WATERLOO ST; Distance: 0.0 M S; Vehicle #1     Make: TOYT     Model: CTR     Colour: GRY     Style: 4B; Vehicle #2     Make: DODG     Model: CTX     Colour: GRN     Style: 2D,5/3/2021 10:37:35 AM,,
50142,20006642,1578556800000,2020,1,9,8,0,0,Thursday,539404.01565,4810382.81195,-80.513037,43.445319,Intersection related,2,Non-reportable,Thru lane,unknown,unknown,Rear end,Unknown,Daylight,01 - Daylight,Municipal (excl. Twp. Rd.),Stop sign,Functioning,0,0,0,False,False,False,Clear,,True,Road 1: KARN ST; Road 2: BELMONT AVE W; Vehicle #1     Make: HOND     Model: UDY     Colour: BLU     Style: VN; Vehicle #2     Make: NISS     Model: ATS     Colour: WHI     Style: 4D,5/3/2021 10:39:20 AM,,
50143,20006907,1578643800000,2020,1,10,8,10,0,Friday,540485.21695,4809734.98883,-80.499724,43.439428,At intersection,2,P.D. only,Within intersection,unknown,unknown,Angle,Unknown,Dawn,03 - Dawn,Municipal (excl. Twp. Rd.),Stop sign,Functioning,0,0,0,False,False,False,Rain,,False,Road 1: QUEENS BLVD (50 km/h); Road 2: SPADINA RD E (50 km/h); Vehicle #1     Make: HOND     Model: CCL     Colour: WHI     Style: 4D; Vehicle #2     Make: CHEV     Model: ORL     Colour: BRN     Style: TY,5/3/2021 10:40:17 AM,,
50144,20007159,1578662100000,2020,1,10,13,15,0,Friday,545047.75072,4810839.63222,-80.44325599999999,43.449114,At intersection,1,Non-fatal injury,Within intersection,unknown,unknown,SMV other,Unknown,Daylight,01 - Daylight,Regional municipality,Traffic signal,Functioning,0,0,0,True,False,False,Rain,,False,Road 1: RIVER RD E (50 km/h); Road 2: HOLBORN DR (50 km/h); Vehicle #1     Make:      Model:      Colour:      Style:,5/3/2021 10:40:05 AM,,
50145,20007559,1578687840000,2020,1,10,20,24,0,Friday,542463.80704,4812073.92146,-80.475093,43.460378,Non intersection,2,P.D. only,Thru lane,unknown,unknown,Rear end,Unknown,Dark,07 - Dark,Regional municipality,No control,unknown,0,0,0,False,False,False,"Fog, mist, smoke, dust",,True,Road 1: EDNA ST; Road 2: VICTORIA ST N; Vehicle #1     Make: DODG     Model: CAR     Colour: WHI     Style: VN; Vehicle #2     Make: VOLK     Model: RAB     Colour: GRN     Style: 4D,5/3/2021 10:39:04 AM,,
50146,20007813,1578312000000,2020,1,6,12,0,0,Monday,539728.45581,4806863.01367,-80.509284,43.413609,At/near private drive,2,Non-reportable,Thru lane,unknown,unknown,SMV unattended vehicle,Unknown,Daylight,01 - Daylight,Municipal (excl. Twp. Rd.),No control,unknown,0,0,0,False,False,False,Clear,,True,Road 1: 148 WOODPOPPY COURT; Vehicle #1     Make:      Model:      Colour:      Style: ; Vehicle #2     Make: HOND     Model: UCL     Colour: GRY     Style: 4D,5/3/2021 10:41:39 AM,,
50147,20007814,1578221100000,2020,1,5,10,45,0,Sunday,542870.44037,4803878.90701,-80.47071,43.386567,At/near private drive,2,Non-reportable,Thru lane,unknown,unknown,SMV unattended vehicle,Unknown,Daylight,01 - Daylight,Municipal (excl. Twp. Rd.),No control,unknown,0,0,0,False,False,False,Snow,,True,Road 1: 30 TUDOR ST; Vehicle #1     Make:      Model:      Colour:      Style: ; Vehicle #2     Make: JEEP     Model: WUL     Colour: SIL     Style: TY,5/3/2021 10:41:53 AM,,
50148,20007815,1578661200000,2020,1,10,13,0,0,Friday,543655.42878,4809212.8633,-80.460593,43.434549,At/near private drive,2,P.D. only,Thru lane,unknown,unknown,SMV unattended vehicle,Unknown,Daylight,01 - Daylight,Municipal (excl. Twp. Rd.),No control,unknown,0,0,0,False,False,False,"Fog, mist, smoke, dust",,True,Road 1: 105 PLYMOUTH RD; Vehicle #1     Make:      Model:      Colour:      Style: ; Vehicle #2     Make: VOLK     Model: JES     Colour: GRY     Style: 4D,5/3/2021 10:41:53 AM,,
50149,20007846,1578671100000,2020,1,10,15,45,0,Friday,544202.52634,4803648.88387,-80.45428299999999,43.384418,Non intersection,2,Non-reportable,Thru lane,unknown,unknown,Rear end,Unknown,Daylight,01 - Daylight,Regional municipality,No control,unknown,0,0,0,False,False,False,Rain,,True,Road 1: CARYNDALE DR (IFO 429); Road 2: HEARTHWOOD DR; Vehicle #1     Make: HYUN     Model: ESE     Colour: BLU     Style: 4D; Vehicle #2     Make:      Model:      Colour:      Style:,5/3/2021 10:37:39 AM,,
50150,20008010,1578747600000,2020,1,11,13,0,0,Saturday,545831.82956,4802616.68542,-80.434255,43.375026999999996,At intersection,2,P.D. only,Within intersection,unknown,unknown,Angle,Unknown,Daylight,01 - Daylight,Municipal (excl. Twp. Rd.),unknown,Functioning,0,0,0,False,False,False,Rain,,True,Road 1: THOMAS SLEE DR; Road 2: DOON S DR; Vehicle #1     Make: KIA     Model: FLG     Colour: GRN     Style: 4D; Vehicle #2     Make: BMW     Model: BX5     Colour: BLK     Style: 4W,5/3/2021 10:40:47 AM,,
50151,20008176,1578764040000,2020,1,11,17,34,0,Saturday,541847.64657,4806853.50963,-80.48311,43.413408,At/near private drive,2,P.D. only,Right shoulder,unknown,unknown,SMV unattended vehicle,Unknown,Dusk,05 - Dusk,Municipal (excl. Twp. Rd.),No control,unknown,0,0,0,False,False,False,Rain,,False,Road 1: RITTENHOUSE RD (50 km/h); Road 2: BLOCK LINE RD; Distance: 60.0 M E; Vehicle #1     Make: NISS     Model: MUR     Colour: GRY     Style: TY; Vehicle #2     Make: TOYT     Model: CBS     Colour: BLK     Style: 4D,5/3/2021 10:41:07 AM,,
50152,20008977,1578852600000,2020,1,12,18,10,0,Sunday,547147.65489,4808436.67953,-80.417512,43.427347999999995,At/near private drive,2,Non-reportable,Thru lane,unknown,unknown,SMV unattended vehicle,Unknown,Dark,07 - Dark,Municipal (excl. Twp. Rd.),No control,unknown,0,0,0,False,False,False,Clear,,True,Road 1: 49 GRAND RIVER BLVD; Vehicle #1     Make:      Model:      Colour:      Style: ; Vehicle #2     Make: FORD     Model: SPE     Colour: GRY     Style: TY,5/3/2021 10:41:02 AM,,
50153,20009433,1578866400000,2020,1,12,22,0,0,Sunday,540929.09457,4808395.88427,-80.49434,43.427346,At/near private drive,2,Non-reportable,Thru lane,unknown,unknown,SMV unattended vehicle,Unknown,Dark,07 - Dark,Municipal (excl. Twp. Rd.),No control,unknown,0,0,0,False,False,False,Clear,,True,Road 1: 38 YAGER AVE; Vehicle #1     Make:      Model:      Colour:      Style: ; Vehicle #2     Make: SUBA     Model: IPR     Colour: WHI     Style: SW,5/3/2021 10:41:22 AM,,
50154,20010067,1589471400000,2020,5,14,15,50,0,Thursday,539079.73825,4811109.15801,-80.516993,43.451876,At intersection,2,P.D. only,Within intersection,unknown,unknown,Angle,Unknown,Daylight,01 - Daylight,Municipal (excl. Twp. Rd.),Traffic signal,Functioning,0,0,1,False,False,False,Rain,,True,Road 1: BELMONT AVE W; Road 2: GLASGOW ST; Vehicle #1     Make: RAM     Model: RTR     Colour: BLK     Style: CW; Vehicle #2     Make: AUDI     Model: Q5     Colour: BLU     Style: TY,5/13/2021 11:30:09 AM,,
50155,20010125,1578992400000,2020,1,14,9,0,0,Tuesday,549201.06315,4806303.60037,-80.392336,43.40801,At/near private drive,2,Non-reportable,Thru lane,unknown,unknown,Rear end,Unknown,Daylight,01 - Daylight,Regional municipality,No control,unknown,0,0,0,False,False,False,Clear,,True,Road 1: 50 GATEWAY PARK DR; Road 2: SPORTSWORLD DRIVE; Vehicle #1     Make: TOYT     Model: RG4     Colour: WHI     Style: TY; Vehicle #2     Make: MAZD     Model: 3TR     Colour: BLK     Style: 4D,5/3/2021 10:41:06 AM,,
50156,20010428,1579018500000,2020,1,14,16,15,0,Tuesday,542544.14272,4810065.59622,-80.474257,43.442291,Non intersection,2,P.D. only,Thru lane,unknown,unknown,Sideswipe,Unknown,Daylight,01 - Daylight,Municipal (excl. Twp. Rd.),No control,unknown,1,0,0,False,False,False,Clear,,False,Road 1: KING ST E (50 km/h); Road 2: BORDEN AVE N (50 km/h); Distance: 20.0 M W; Vehicle #1     Make: HOND     Model: UCL     Colour: GRY     Style: 4D; Vehicle #2     Make: DODG     Model: CJO     Colour: GRY     Style: TY,5/3/2021 10:37:17 AM,,
50157,20010478,1579017600000,2020,1,14,16,0,0,Tuesday,540031.68688,4809302.11095,-80.50536,43.435555,At/near private drive,2,Non-reportable,Thru lane,unknown,unknown,SMV unattended vehicle,Unknown,Daylight,01 - Daylight,Municipal (excl. Twp. Rd.),No control,unknown,0,0,0,False,False,False,Clear,,True,Road 1: 1097 QUEEN'S BLVD; Vehicle #1     Make: PONT     Model: CMO     Colour: RED     Style: VN; Vehicle #2     Make: CHEV     Model: CZT     Colour: WHI     Style: 4D,5/3/2021 10:41:07 AM,,
50158,20011183,1579102800000,2020,1,15,15,40,0,Wednesday,540417.30257,4805790.38629,-80.500855,43.403914,Non intersection,2,P.D. only,Thru lane,unknown,unknown,Sideswipe,Unknown,Daylight,01 - Daylight,Municipal (excl. Twp. Rd.),No control,unknown,0,0,0,False,False,False,Clear,,True,Road 1: 124 HELENA FEASBY ST; Vehicle #1     Make: HYUN     Model: ETG     Colour: BLU     Style: 4B; Vehicle #2     Make: HOND     Model: UEX     Colour: WHI     Style: 4D,5/3/2021 10:38:37 AM,,
50159,20011687,1579165140000,2020,1,16,8,59,0,Thursday,541648.84142,4813715.55113,-80.48504199999999,43.475204999999995,Non intersection,2,P.D. only,Thru lane,unknown,unknown,Angle,Unknown,Daylight,01 - Daylight,Regional municipality,No control,unknown,0,0,0,False,False,False,Clear,,True,Road 1: HAMEL AVE; Road 2: LANCASTER ST W; Vehicle #1     Make: SUBA     Model: O2L     Colour: BRN     Style: SW; Vehicle #2     Make: VOLK     Model: CIG     Colour: GRN     Style: TY,5/3/2021 10:38:23 AM,,
50160,20012015,1579190220000,2020,1,16,15,57,0,Thursday,540626.38502,4811589.24626,-80.49784199999999,43.456116,Non intersection,2,P.D. only,Not on roadway - right side,unknown,unknown,SMV other,Unknown,Daylight,01 - Daylight,Regional municipality,No control,unknown,0,0,0,False,False,False,Clear,,False,Road 1: 109 WELLINGTON ST N (50 km/h); Road 2: DUKE ST E; Distance: 100.0 M W; Vehicle #1     Make: KIA     Model: SLE     Colour: RED     Style: 4D,5/3/2021 10:37:10 AM,,
50161,20012073,1590757200000,2020,5,29,13,0,0,Friday,540024.602,4810932.76046,-80.50532799999999,43.450237,Non intersection,2,P.D. only,Thru lane,unknown,unknown,Rear end,Unknown,Daylight,01 - Daylight,Municipal (excl. Twp. Rd.),No control,unknown,0,0,0,False,False,False,Clear,,True,Road 1: 166 PARK ST; Vehicle #1     Make: HYUN     Model: CTO     Colour: BLU     Style: SW; Vehicle #2     Make: JEEP     Model: WUL     Colour: BRN     Style: TY,5/13/2021 11:33:12 AM,,
50162,20012084,1579194240000,2020,1,16,17,4,0,Thursday,537191.3044,4807270.61911,-80.540594,43.417409,Intersection related,2,P.D. only,Not on roadway - right side,unknown,unknown,Other,Unknown,Dusk,05 - Dusk,Municipal (excl. Twp. Rd.),Stop sign,Functioning,0,0,0,False,False,False,Clear,,False,Road 1: ROLLING MEADOWS DR (50 km/h); Road 2: DRIFTWOOD DR (50 km/h); Distance: 2.0 M W; Vehicle #1     Make: KIA     Model: FLX     Colour: BLK     Style: 4D; Vehicle #2     Make:      Model:      Colour:      Style:,5/3/2021 10:39:20 AM,,
50163,20012504,1579014900000,2020,1,14,15,15,0,Tuesday,542313.03507,4810287.71046,-80.477096,43.444303999999995,Intersection related,2,P.D. only,Thru lane,unknown,unknown,Rear end,Unknown,Daylight,01 - Daylight,Municipal (excl. Twp. Rd.),Traffic signal,Functioning,0,0,0,False,False,False,Clear,,True,Road 1: STIRLING AVE S; Road 2: KING ST KITCHENER; Vehicle #1     Make: TOYT     Model: SIE     Colour: GRY     Style: VN; Vehicle #2     Make: CHEV     Model: BEG     Colour: GRY     Style: 4B,5/3/2021 10:39:45 AM,,
50164,20012546,1579250700000,2020,1,17,8,45,0,Friday,544058.43923,4804732.24282,-80.455975,43.394180999999996,Non intersection,2,P.D. only,Thru lane,unknown,unknown,SMV unattended vehicle,Unknown,Daylight,01 - Daylight,Municipal (excl. Twp. Rd.),No control,unknown,0,0,0,False,False,False,Clear,,True,Road 1: MAXWELL DR (IFO 95 MAXWELL DR); Vehicle #1     Make: HOND     Model: CCL     Colour: WHI     Style: 4D; Vehicle #2     Make: HYUN     Model: SAN     Colour: SIL     Style: TY,5/3/2021 10:38:26 AM,,
50165,20012702,1579167000000,2020,1,16,9,30,0,Thursday,539317.28385,4810614.60854,-80.51409199999999,43.44741,Intersection related,2,P.D. only,Within intersection,unknown,unknown,Angle,Unknown,Daylight,01 - Daylight,Regional municipality,Traffic signal,Functioning,0,0,0,False,False,False,Clear,,True,Road 1: BELMONT AVE W; Road 2: GAGE AVE; Vehicle #1     Make: HOND     Model: CRV     Colour: BLU     Style: TY; Vehicle #2     Make: HOND     Model: PIL     Colour: BLU     Style: TY,5/3/2021 10:39:46 AM,,
50166,20012869,1579277400000,2020,1,17,16,10,0,Friday,543362.74073,4807655.46952,-80.464333,43.420542999999995,Intersection related,2,P.D. only,Left turn lane,unknown,unknown,Angle,Unknown,Daylight,01 - Daylight,Municipal (excl. Twp. Rd.),Stop sign,Functioning,0,0,0,False,False,False,Clear,,True,Road 1: LENNOX LEWIS WAY; Road 2: BLOCKLINE RD; Vehicle #1     Make: HYUN     Model: ESS     Colour: WHI     Style: 4D; Vehicle #2     Make: PONT     Model: GPG     Colour: GRY     Style: 4D,5/3/2021 10:39:47 AM,,
50167,20013042,1578938400000,2020,1,13,18,0,0,Monday,539211.30508,4809090.7078,-80.515512,43.433695,At/near private drive,2,Non-reportable,Thru lane,unknown,unknown,SMV unattended vehicle,Unknown,Dark,07 - Dark,Municipal (excl. Twp. Rd.),No control,unknown,0,0,0,False,False,False,Clear,,True,Road 1: 92 OVERLEA DR (ALLEY); Vehicle #1     Make:      Model:      Colour:      Style: ; Vehicle #2     Make: HOND     Model: UCL     Colour: SIL     Style: 4D,5/3/2021 10:41:15 AM,,
50168,20013325,1579317660000,2020,1,18,3,21,0,Saturday,543070.92956,4812801.08792,-80.467531,43.466891,At intersection,2,P.D. only,Other,unknown,unknown,SMV other,Unknown,"Dark, artificial","08 - Dark, artificial",Regional municipality,unknown,Functioning,0,0,0,False,False,False,Clear,,False,Road 1: WELLINGTON ST N (50 km/h); Road 2: RIVERBEND DR (50 km/h); Vehicle #1     Make: KIA     Model: FNG     Colour: BLU     Style: 4D,5/3/2021 10:40:02 AM,,
50169,20013414,1579249800000,2020,1,17,8,30,0,Friday,541553.27776,4812644.49071,-80.486305,43.465567,Non intersection,2,Non-reportable,Thru lane,unknown,unknown,Sideswipe,Unknown,Daylight,01 - Daylight,Municipal (excl. Twp. Rd.),No control,unknown,0,0,0,False,False,False,Clear,,True,Road 1: GUELPH ST; Road 2: ST VINCENT ST; Vehicle #1     Make: INTL     Model: PB1     Colour: YEL     Style: BU; Vehicle #2     Make:      Model:      Colour:      Style:,5/3/2021 10:37:39 AM,,
50170,20013551,1579203000000,2020,1,16,19,30,0,Thursday,542155.06303,4804205.06719,-80.479517,43.389544,Non intersection,2,P.D. only,Thru lane,unknown,unknown,Sideswipe,Unknown,Dark,07 - Dark,Municipal (excl. Twp. Rd.),No control,unknown,0,0,0,False,False,False,Snow,,True,Road 1: PARKVALE DR; Road 2: BIANCA CT; Vehicle #1     Make: KIA     Model: SEV     Colour: WHI     Style: TY; Vehicle #2     Make: VOLK     Model: JTD     Colour: BLK     Style: 4D,5/3/2021 10:38:27 AM,,
50171,20014046,1579400940000,2020,1,19,2,29,0,Sunday,544022.48606,4812311.82172,-80.45580799999999,43.46243,Intersection related,2,P.D. only,Not on roadway - right side,unknown,unknown,SMV other,Unknown,Dark,07 - Dark,Municipal (excl. Twp. Rd.),Stop sign,unknown,0,0,0,False,False,False,Snow,,False,Road 1: AVON RD (50 km/h); Road 2: BURLINGTON DR (50 km/h); Distance: 15.0 M S; Vehicle #1     Make: HOND     Model: UCL     Colour: WHI     Style: 4D,5/3/2021 10:39:16 AM,,
50172,20014196,1579516200000,2020,1,20,10,30,0,Monday,544064.8993,4805071.73697,-80.455868,43.397238,Non intersection,2,P.D. only,Thru lane,unknown,unknown,Approaching,Unknown,Daylight,01 - Daylight,Municipal (excl. Twp. Rd.),No control,unknown,0,0,0,False,False,False,Clear,,True,Road 1: BIEHN DR; Road 2: OLD HURON PL; Vehicle #1     Make: TOYT     Model: CTR     Colour: BLU     Style: 4B; Vehicle #2     Make: PONT     Model: CMO     Colour: RED     Style: VN,5/3/2021 10:38:54 AM,,
50173,20014232,1579433400000,2020,1,19,11,30,0,Sunday,540586.47183,4812891.31732,-80.498238,43.467842,Non intersection,2,P.D. only,Not on roadway - right side,unknown,unknown,SMV other,Unknown,Daylight,01 - Daylight,Municipal (excl. Twp. Rd.),No control,unknown,0,0,0,False,False,False,Clear,,False,Road 1: UNION ST (50 km/h); Road 2: MARGARET AVE; Distance: 200.0 K E; Vehicle #1     Make:      Model:      Colour:      Style:,5/3/2021 10:37:39 AM,,
50174,20014238,1579434600000,2020,1,19,11,50,0,Sunday,542992.17769,4809894.40121,-80.468734,43.440723999999996,Intersection related,2,P.D. only,Thru lane,unknown,unknown,Rear end,Unknown,Daylight,01 - Daylight,Regional municipality,unknown,Functioning,0,0,0,False,False,False,Snow,,True,Road 1: KING ST E; Road 2: SHELDON AVE N; Distance:  S; Vehicle #1     Make: FORD     Model: SPE     Colour: BLK     Style: TY; Vehicle #2     Make: FORD     Model: SPE     Colour: RED     Style: TY,8/16/2022 3:03:59 PM,,
50175,20014264,1579432500000,2020,1,19,11,15,0,Sunday,541141.84781,4806764.18915,-80.491834,43.412642999999996,Intersection related,2,P.D. only,Thru lane,unknown,unknown,Rear end,Unknown,Daylight,01 - Daylight,Regional municipality,unknown,Functioning,0,0,0,False,False,False,Clear,,True,Road 1: BLOCK LINE RD; Road 2: LAURENTIAN DR; Vehicle #1     Make: KIA     Model: SOR     Colour: GRY     Style: TY; Vehicle #2     Make: DODG     Model: CAR     Colour: SIL     Style: VN,5/3/2021 10:39:41 AM,,
50176,20014748,1579505040000,2020,1,20,7,24,0,Monday,537363.77384,4810274.48013,-80.538258,43.444448,Non intersection,2,P.D. only,Thru lane,unknown,unknown,Approaching,Unknown,Dawn,03 - Dawn,Regional municipality,No control,unknown,1,0,0,False,False,False,Clear,,False,Road 1: GLASGOW ST (40 km/h); Road 2: FISCHER HALLMAN RD; Distance: 400.0 M E; Vehicle #1     Make: TOYT     Model: UVS     Colour: WHI     Style: 4D; Vehicle #2     Make: PONT     Model: G5T     Colour: RED     Style: 4D,5/3/2021 10:37:01 AM,,
50177,20014849,1579512600000,2020,1,20,9,30,0,Monday,542638.76817,4807384.78302,-80.473297,43.418147,Non intersection,2,P.D. only,Thru lane,unknown,unknown,Rear end,Unknown,Daylight,01 - Daylight,Regional municipality,No control,unknown,0,0,0,False,False,False,Clear,,True,Road 1: 488 KINGSWOOD DR; Vehicle #1     Make: NISS     Model: A3L     Colour: SIL     Style: 4D; Vehicle #2     Make: DODG     Model: CAR     Colour: SIL     Style: VN,5/3/2021 10:38:57 AM,,
50178,20014859,1579514400000,2020,1,20,10,0,0,Monday,544062.765,4804468.01279,-80.45594299999999,43.391802,At intersection,2,P.D. only,Within intersection,unknown,unknown,Angle,Unknown,Daylight,01 - Daylight,Municipal (excl. Twp. Rd.),Stop sign,Functioning,0,0,0,False,False,False,Clear,,True,Road 1: BIEHN DR; Road 2: MARL MEADOW DR; Vehicle #1     Make:      Model:      Colour:      Style: ; Vehicle #2     Make: LINC     Model: MSA     Colour: WHI     Style: 4D,5/3/2021 10:40:43 AM,,
50179,20015097,1579532580000,2020,1,20,15,3,0,Monday,538483.413,4808073.3465,-80.524577,43.424572,Non intersection,2,P.D. only,Thru lane,unknown,unknown,Angle,Unknown,Daylight,01 - Daylight,Municipal (excl. Twp. Rd.),No control,unknown,1,0,0,False,False,False,Clear,,False,Road 1: HICKORY HEIGHTS CRESCENT (50 km/h); Road 2: ELM RIDGE DR; Distance: 80.0 M E; Vehicle #1     Make: VOLK     Model: JSA     Colour: BLK     Style: 4D; Vehicle #2     Make: HYUN     Model: SFT     Colour: SIL     Style: TY,5/3/2021 10:37:33 AM,,
50180,20015189,1579539300000,2020,1,20,16,55,0,Monday,543568.23227,4804978.71424,-80.462008,43.396429,At intersection,2,P.D. only,Within intersection,unknown,unknown,Sideswipe,Unknown,Dusk,05 - Dusk,Regional municipality,Traffic signal,Functioning,0,0,0,False,False,False,Clear,,False,Road 1: HURON RD (60 km/h); Road 2: BATTLER RD (50 km/h); Vehicle #1     Make: TOYT     Model: RV4     Colour: RED     Style: TY; Vehicle #2     Make: AUDI     Model: C4G     Colour: BLK     Style: 4D,5/3/2021 10:40:10 AM,,
50181,20015225,1579534200000,2020,1,20,15,30,0,Monday,542728.422,4811538.09789,-80.471864,43.455538,Non intersection,2,Non-reportable,Right shoulder,unknown,unknown,SMV unattended vehicle,Unknown,Daylight,01 - Daylight,Municipal (excl. Twp. Rd.),No control,unknown,0,0,0,False,False,False,Clear,,True,Road 1: 240 CHAPEL ST KITCHENER; Vehicle #1     Make:      Model:      Colour:      Style: ; Vehicle #2     Make: TOYT     Model: CEP     Colour: BLU     Style: 4D,5/3/2021 10:37:41 AM,,