OBJECTID,ACCIDENTNUM,ACCIDENTDATE,ACCIDENT_YEAR,ACCIDENT_MONTH,ACCIDENT_DAY,ACCIDENT_HOUR,ACCIDENT_MINUTE,ACCIDENT_SECOND,ACCIDENT_WEEKDAY,XCOORD,YCOORD,LONGITUDE,LATITUDE,ACCIDENTLOCATION,COLLISIONTYPE,CLASSIFICATIONOFACCIDENT,IMPACTLOCATION,INITIALDIRECTIONOFTRAVELONE,INITIALDIRECTIONOFTRAVELTWO,INITIALIMPACTTYPE,INTTRAFFICCONTROL,LIGHT,LIGHTFORREPORT,ROADJURISDICTION,TRAFFICCONTROL,TRAFFICCONTROLCONDITION,THRULANENO,NORTHBOUNDDISOBEYCOUNT,SOUTHBOUNDDISOBEYCOUNT,PEDESTRIANINVOLVED,CYCLISTINVOLVED,MOTORCYCLISTINVOLVED,ENVIRONMENTCONDITION1,ENVIRONMENTCONDITION2,SELFREPORTED,XMLIMPORTNOTES,LASTEDITEDDATE,CREATE_BY,CREATE_DATE
50232,20024984,1580584500000,2020,2,1,19,15,0,Saturday,538136.05992,4809506.01822,-80.528768,43.43749,Non intersection,1,Non-fatal injury,Thru lane,unknown,unknown,Angle,Unknown,Dark,07 - Dark,Municipal (excl. Twp. Rd.),No control,unknown,1,0,0,False,False,False,Snow,,False,Road 1: 97 FENWICK CRT (50 km/h); Road 2: FENWICK CRT; Distance: 1.0 K S; Vehicle #1     Make: HOND     Model: UEX     Colour: WHI     Style: 4D; Vehicle #2     Make: HYUN     Model: EGM     Colour: SIL     Style: 4D,5/3/2021 10:37:10 AM,,
50233,20024992,1580584260000,2020,2,1,19,11,0,Saturday,538535.52055,4809041.29782,-80.523865,43.433285,Non intersection,2,P.D. only,Thru lane,unknown,unknown,SMV unattended vehicle,Unknown,Dark,07 - Dark,Municipal (excl. Twp. Rd.),No control,unknown,1,0,0,False,False,False,Snow,,False,Road 1: 210 HIGHLAND CRES (50 km/h); Road 2: HIGHLAND CRES; Distance: 4.0 K W; Vehicle #1     Make: HYUN     Model: ESM     Colour: WHI     Style: 4D; Vehicle #2     Make: GMC     Model: SIE     Colour: WHI     Style: CW,4/27/2022 10:40:40 AM,,
50234,20025011,1580581800000,2020,2,1,18,30,0,Saturday,540352.13152,4807000.63603,-80.501571,43.414815,Non intersection,2,P.D. only,Thru lane,unknown,unknown,Approaching,Unknown,Dark,07 - Dark,Municipal (excl. Twp. Rd.),No control,unknown,0,0,0,False,False,False,Clear,,True,Road 1: LITTLEFIELD CRESCENT; Road 2: WILLIAMSBURG RD; Vehicle #1     Make: LNDR     Model: EQU     Colour: WHI     Style: TY; Vehicle #2     Make: DODG     Model: CXT     Colour: SIL     Style: 4D,5/3/2021 10:38:48 AM,,
50235,20025033,1580588100000,2020,2,1,20,15,0,Saturday,543755.56415,4807863.0967,-80.459464,43.422388999999995,Non intersection,2,P.D. only,Not on roadway - right side,unknown,unknown,SMV other,Unknown,Dark,07 - Dark,Municipal (excl. Twp. Rd.),No control,unknown,0,0,0,False,False,False,Snow,,False,Road 1: 1144 SHELLEY DR (50 km/h); Road 2: COURTLAND AVE E; Distance: 200.0 K N; Vehicle #1     Make: CHRY     Model: 2LX     Colour: BLU     Style: 4D,5/3/2021 10:37:18 AM,,
50236,20025451,1580643300000,2020,2,2,11,35,0,Sunday,544560.19249,4811740.76011,-80.449208,43.457256,At intersection,2,P.D. only,Right turn lane,unknown,unknown,Angle,Unknown,Daylight,01 - Daylight,Regional municipality,Traffic signal,Functioning,0,0,0,False,False,False,Snow,,True,Road 1: RIVER RD E; Road 2: LORRAINE AVE; Vehicle #1     Make: CHEV     Model: CDL     Colour: BLK     Style: 4D; Vehicle #2     Make: HYUN     Model: ESS     Colour: BLK     Style: 4D,5/3/2021 10:40:27 AM,,
50237,20025491,1580642400000,2020,2,2,11,20,0,Sunday,540919.68208,4807861.63272,-80.494496,43.422536,Non intersection,2,P.D. only,Off highway,unknown,unknown,SMV other,Unknown,Daylight,01 - Daylight,Regional municipality,No control,unknown,0,0,0,False,False,False,Snow,,False,Road 1: ELMSDALE DR (50 km/h); Road 2: OTTAWA ST S; Distance: 100.0 M N; Vehicle #1     Make: MAZD     Model: MA2     Colour: WHI     Style: 4B,5/3/2021 10:37:28 AM,,
50238,20025542,1580650500000,2020,2,2,13,35,0,Sunday,539974.93632,4810478.26655,-80.50597499999999,43.446148,At/near private drive,2,P.D. only,Thru lane,unknown,unknown,Sideswipe,Unknown,Daylight,01 - Daylight,Municipal (excl. Twp. Rd.),No control,unknown,0,0,0,False,False,False,Clear,,True,Road 1: 11 STRANGE ST; Vehicle #1     Make: LEXS     Model: NXT     Colour: RED     Style: TY; Vehicle #2     Make: HYUN     Model: EGM     Colour: BLK     Style: 4D,5/3/2021 10:41:48 AM,,
50239,20025755,1580671800000,2020,2,2,19,30,0,Sunday,547901.3449,4804475.63432,-80.408548,43.391635,Non intersection,2,P.D. only,Thru lane,unknown,unknown,Approaching,Unknown,Dark,07 - Dark,Municipal (excl. Twp. Rd.),No control,unknown,0,0,0,False,False,False,Clear,,True,Road 1: 218 DOON VALLEY DR; Vehicle #1     Make: HOND     Model: UAX     Colour: RED     Style: 4D; Vehicle #2     Make: CHEV     Model: CZT     Colour: BLK     Style: 4D,5/3/2021 10:38:50 AM,,
50240,20026137,1580725800000,2020,2,3,10,30,0,Monday,545409.76801,4810850.20209,-80.43878099999999,43.449186999999995,Non intersection,2,P.D. only,Thru lane,unknown,unknown,Angle,Unknown,Daylight,01 - Daylight,Municipal (excl. Twp. Rd.),No control,unknown,0,0,0,False,False,False,Clear,,True,Road 1: 105 CONWAY DR; Vehicle #1     Make: MARA     Model: 480     Colour: SIL     Style: TY; Vehicle #2     Make: FORD     Model: EDG     Colour: CRM     Style: TY,5/3/2021 10:38:49 AM,,
50241,20026340,1580580000000,2020,2,1,18,0,0,Saturday,537038.7618,4807886.18881,-80.542436,43.422959,Intersection related,2,Non-reportable,Right turn lane,unknown,unknown,Rear end,Unknown,Dark,07 - Dark,Municipal (excl. Twp. Rd.),Stop sign,unknown,0,0,0,False,False,False,Snow,,True,Road 1: ROLLING MEADOWS DR; Road 2: WESTHEIGHTS DR; Vehicle #1     Make: MERZ     Model: B20     Colour: SIL     Style: 4B; Vehicle #2     Make: HYUN     Model: SGL     Colour: BLK     Style: 4D; Vehicle #3     Make:      Model:      Colour:      Style:,5/3/2021 10:39:23 AM,,
50242,20026345,1580744220000,2020,2,3,15,37,0,Monday,542107.98176,4807132.91843,-80.479873,43.415909,Intersection related,2,P.D. only,Thru lane,unknown,unknown,Sideswipe,Unknown,Daylight,01 - Daylight,Regional municipality,Traffic signal,Functioning,1,0,0,False,False,False,Clear,,False,Road 1: BLOCK LINE RD (50 km/h); Road 2: STRASBURG RD (50 km/h); Distance: 3.0 M S; Vehicle #1     Make:      Model: -     Colour:      Style: ; Vehicle #2     Make: ICRP     Model: BUD     Colour: YEL     Style: BU,5/3/2021 10:39:19 AM,,
50243,20026436,1580750460000,2020,2,3,17,21,0,Monday,542244.01615,4814368.94956,-80.477632,43.481055,Intersection related,2,P.D. only,Thru lane,unknown,unknown,Rear end,Unknown,Dusk,05 - Dusk,Regional municipality,Stop sign,unknown,1,0,0,False,False,False,Clear,,False,Road 1: BLOOMINGDALE RD N (50 km/h); Road 2: HORNING DR (50 km/h); Vehicle #1     Make: TOYT     Model: CBL     Colour: WHI     Style: 4D; Vehicle #2     Make: FORD     Model: TIA     Colour: BRN     Style: 4D,5/3/2021 10:39:17 AM,,
50244,20026477,1580637600000,2020,2,2,10,0,0,Sunday,547236.45999,4808842.19091,-80.41637899999999,43.430994,Non intersection,2,P.D. only,Thru lane,unknown,unknown,Turning movement,Unknown,Daylight,01 - Daylight,Municipal (excl. Twp. Rd.),No control,unknown,0,0,0,False,False,False,Snow,,True,Road 1: MORRISON RD; Road 2: QUINTE CRESCENT; Vehicle #1     Make: HOND     Model: UDY     Colour: RED     Style: VN; Vehicle #2     Make: SUBA     Model: CRO     Colour: BLU     Style: TY,5/3/2021 10:38:51 AM,,
50245,20026478,1580719200000,2020,2,3,8,40,0,Monday,541359.92537,4808641.17295,-80.488998,43.429531,At intersection,2,P.D. only,Thru lane,unknown,unknown,Rear end,Unknown,Daylight,01 - Daylight,Regional municipality,Traffic signal,Functioning,0,0,0,False,False,False,Clear,,True,Road 1: HOMER WATSON BLVD; Road 2: HOFFMAN ST; Vehicle #1     Make: NISS     Model: ROG     Colour: SIL     Style: TY; Vehicle #2     Make: TOYT     Model: VEN     Colour: GRY     Style: TY,5/3/2021 10:40:41 AM,,
50246,20026487,1580648400000,2020,2,2,13,0,0,Sunday,539011.92145,4805457.57699,-80.51823499999999,43.400991999999995,Non intersection,2,Non-reportable,Thru lane,unknown,unknown,SMV unattended vehicle,Unknown,Daylight,01 - Daylight,Municipal (excl. Twp. Rd.),No control,unknown,0,0,0,False,False,False,Clear,,True,Road 1: 167 SNOWDROP CRESCENT (INFO 167 SNOWDROP CRES); Vehicle #1     Make: RAM     Model: RTR     Colour: RED     Style: PK; Vehicle #2     Make: TOYT     Model: CSM     Colour: BLK     Style: 4B,5/3/2021 10:37:44 AM,,
50247,20026514,1580236200000,2020,1,28,18,30,0,Tuesday,536518.77934,4807918.07264,-80.548858,43.423272,At/near private drive,2,Non-reportable,Thru lane,unknown,unknown,SMV unattended vehicle,Unknown,Dark,07 - Dark,Municipal (excl. Twp. Rd.),No control,unknown,0,0,0,False,False,False,Clear,,True,Road 1: NEWBURY DR (IFO 220); Vehicle #1     Make: CHEV     Model: IMT     Colour: BRN     Style: 4D; Vehicle #2     Make: DODG     Model: CAR     Colour: BLK     Style: VN,5/3/2021 10:41:19 AM,,
50248,20026867,1580804100000,2020,2,4,8,15,0,Tuesday,538492.01778,4810824.21086,-80.524277,43.44934,Non intersection,2,P.D. only,Left turn lane,unknown,unknown,Sideswipe,Unknown,Daylight,01 - Daylight,Regional municipality,No control,unknown,0,0,0,False,False,False,Clear,,True,Road 1: GLASGOW ST; Road 2: WESTMOUNT RD; Vehicle #1     Make: HYUN     Model: HEL     Colour: BLU     Style: SW; Vehicle #2     Make: VOLK     Model: GTD     Colour: WHI     Style: 4B,5/3/2021 10:38:52 AM,,
50249,20027640,1580889000000,2020,2,5,7,50,0,Wednesday,544275.63665,4809234.83426,-80.452928,43.434709999999995,Non intersection,2,P.D. only,Thru lane,unknown,unknown,Rear end,Unknown,Daylight,01 - Daylight,Municipal (excl. Twp. Rd.),No control,unknown,0,0,0,False,False,False,Clear,,True,Road 1: 2153 KINGSWAY DR; Vehicle #1     Make: HYUN     Model: ACC     Colour: GRY     Style: 2D; Vehicle #2     Make: SUBA     Model: 25B     Colour: WHI     Style: 4D,5/3/2021 10:38:02 AM,,
50250,20027758,1580747400000,2020,2,3,16,30,0,Monday,547832.13384,4811237.43562,-80.40881,43.452523,At/near private drive,2,Non-reportable,Thru lane,unknown,unknown,SMV unattended vehicle,Unknown,Daylight,01 - Daylight,Municipal (excl. Twp. Rd.),No control,unknown,0,0,0,False,False,False,Clear,,True,Road 1: 966 PEBBLECREEK COURT; Vehicle #1     Make: MAZD     Model: MCX     Colour: BLK     Style: TY; Vehicle #2     Make:      Model:      Colour:      Style:,5/3/2021 10:41:14 AM,,
50251,20028098,1580508000000,2020,1,31,22,0,0,Friday,543201.51133,4811016.62907,-80.46605799999999,43.450815999999996,At/near private drive,2,P.D. only,Thru lane,unknown,unknown,SMV unattended vehicle,Unknown,Dark,07 - Dark,Municipal (excl. Twp. Rd.),No control,unknown,0,0,0,False,False,False,Clear,,True,Road 1: DUMFRIES AVE (IFO 457); Road 2: STIRLING AVE N; Vehicle #1     Make:      Model:      Colour:      Style: ; Vehicle #2     Make: HOND     Model: ULS     Colour: SIL     Style: 4D,5/3/2021 10:41:31 AM,,
50252,20028191,1580928000000,2020,2,5,18,40,0,Wednesday,545093.24076,4807781.84813,-80.44294599999999,43.421579,Non intersection,2,P.D. only,Thru lane,unknown,unknown,Sideswipe,Unknown,Dark,07 - Dark,Regional municipality,No control,unknown,0,0,0,False,False,False,Clear,,True,Road 1: WILSON AVE; Road 2: FAIRWAY RD KITCHENER; Vehicle #1     Make: HOND     Model: CCL     Colour: RED     Style: 4D; Vehicle #2     Make: CHEV     Model: SIL     Colour: GRY     Style: PK,5/3/2021 10:38:01 AM,,
50253,20028511,1580976000000,2020,2,6,8,0,0,Thursday,542532.10889,4809425.72523,-80.47445599999999,43.43653,At intersection,2,P.D. only,Within intersection,unknown,unknown,Angle,Unknown,Daylight,01 - Daylight,Municipal (excl. Twp. Rd.),Stop sign,Functioning,0,0,0,False,False,False,Snow,,True,Road 1: BEDFORD RD; Road 2: SYDNEY ST S; Vehicle #1     Make: MITS     Model: LES     Colour: BLK     Style: 4D; Vehicle #2     Make: JEEP     Model: CMP     Colour: WHI     Style: TY,5/3/2021 10:40:31 AM,,
50254,20028515,1580977140000,2020,2,6,8,19,0,Thursday,541818.26396,4812148.0053,-80.48306699999999,43.461082,Non intersection,2,P.D. only,Not on roadway - right side,unknown,unknown,SMV other,Unknown,Daylight,01 - Daylight,Regional municipality,No control,unknown,0,0,0,False,False,False,Snow,,False,Road 1: WELLINGTON ST N (50 km/h); Road 2: LANCASTER ST W; Distance: 25.0 M E; Vehicle #1     Make: STRG     Model: STE     Colour: WHI     Style: CT,5/3/2021 10:37:36 AM,,
50255,20028712,1580990400000,2020,2,6,12,0,0,Thursday,545134.79242,4807610.52856,-80.442447,43.420034,Non intersection,2,P.D. only,Thru lane,unknown,unknown,Angle,Unknown,Daylight,01 - Daylight,Regional municipality,No control,unknown,0,0,0,False,False,False,Clear,,True,Road 1: WILSON AVE; Road 2: FAIRWAY RD S; Vehicle #1     Make: TOYT     Model: TIM     Colour: BLU     Style: 4B; Vehicle #2     Make: FORD     Model: EPR     Colour: RED     Style: TY,8/16/2022 3:06:48 PM,,
50256,20029091,1581018000000,2020,2,6,19,40,0,Thursday,542581.7566,4810126.20195,-80.473787,43.442834,Intersection related,2,P.D. only,Thru lane,unknown,unknown,Rear end,Unknown,"Dark, artificial","08 - Dark, artificial",Regional municipality,Traffic signal,Functioning,1,0,0,False,False,False,Snow,,False,Road 1: KING ST E (50 km/h); Road 2: BORDEN AVE N (50 km/h); Vehicle #1     Make: HYUN     Model: ESM     Colour: WHI     Style: 4D; Vehicle #2     Make: HYUN     Model: TUC     Colour: GRY     Style: TY,5/3/2021 10:39:18 AM,,
50257,20029130,1581020640000,2020,2,6,20,24,0,Thursday,541557.28839,4811280.70427,-80.486359,43.453286999999996,Intersection related,2,P.D. only,Within intersection,unknown,unknown,Turning movement,Unknown,Dark,07 - Dark,Township,Stop sign,Functioning,0,0,0,False,False,False,Snow,,False,Road 1: AHRENS QUEEN ST N (40 km/h); Road 2: ST (40 km/h); Vehicle #1     Make: DODG     Model: DAK     Colour: WHI     Style: PK; Vehicle #2     Make: TOYT     Model: ECH     Colour: GRN     Style: 4D,5/3/2021 10:38:44 AM,,
50258,20029715,1581087240000,2020,2,7,14,54,0,Friday,539113.04694,4811657.61353,-80.516542,43.456812,Intersection related,2,P.D. only,Thru lane,unknown,unknown,Rear end,Unknown,Daylight,01 - Daylight,Municipal (excl. Twp. Rd.),Traffic signal,Functioning,0,0,0,False,False,False,Snow,,True,Road 1: PARK ST; Road 2: UNION BLVD; Vehicle #1     Make: MAZD     Model: CX5     Colour: SIL     Style: TY; Vehicle #2     Make: GMC     Model: SAV     Colour: WHI     Style: FV,5/3/2021 10:39:57 AM,,
50259,20029784,1581093360000,2020,2,7,16,36,0,Friday,539785.55908,4802994.28776,-80.50886,43.378771,Non intersection,2,P.D. only,Thru lane,unknown,unknown,Approaching,Unknown,Daylight,01 - Daylight,Regional municipality,No control,unknown,1,0,0,False,False,False,Drifting Snow,,False,Road 1: 1876 HURON RD (80 km/h); Road 2: HURON RD; Distance: 5.0 M W; Vehicle #1     Make: FORD     Model: FMS     Colour: BRN     Style: 4D; Vehicle #2     Make: JEEP     Model: WUL     Colour: GRN     Style: TY,5/3/2021 10:37:13 AM,,
50260,20029818,1581095460000,2020,2,7,17,11,0,Friday,542903.8395,4812719.07172,-80.46960299999999,43.466162,Intersection related,2,P.D. only,Thru lane,unknown,unknown,Rear end,Unknown,Daylight,01 - Daylight,Regional municipality,Stop sign,Functioning,1,0,0,False,False,False,Clear,,False,Road 1: WELLINGTON ST N (50 km/h); Road 2: 85 N OFF TO WELLINGTON ST N  N (60 km/h); Distance: 60.0 M E; Vehicle #1     Make: HYUN     Model: SAN     Colour: BLK     Style: TY; Vehicle #2     Make: HOND     Model: UDY     Colour: BLU     Style: TY; Vehicl,5/3/2021 10:39:15 AM,,
50261,20029999,1581096000000,2020,2,7,17,20,0,Friday,543073.94959,4812801.03361,-80.467494,43.46689,Intersection related,2,P.D. only,Thru lane,unknown,unknown,Rear end,Unknown,Dusk,05 - Dusk,Municipal (excl. Twp. Rd.),unknown,Functioning,0,0,0,False,False,False,Clear,,True,Road 1: SHIRLEY AVE; Road 2: RIVERBEND DR; Vehicle #1     Make: DODG     Model: CAR     Colour: GRY     Style: VN; Vehicle #2     Make: STRN     Model: ASR     Colour: RED     Style: 4B,5/3/2021 10:39:39 AM,,
50262,20030148,1581123000000,2020,2,8,0,50,0,Saturday,540198.061,4811379.42536,-80.503151,43.454249999999995,Non intersection,2,P.D. only,Not on roadway - right side,unknown,unknown,SMV other,Unknown,"Dark, artificial","08 - Dark, artificial",Regional municipality,No control,unknown,0,0,0,False,False,False,Snow,,False,Road 1: WELLINGTON ST S (50 km/h); Road 2: KING ST W; Distance: 20.0 K S; Vehicle #1     Make: MITS     Model: COT     Colour: BLK     Style: TY,5/3/2021 10:38:12 AM,,
50263,20030295,1581154200000,2020,2,8,9,30,0,Saturday,543512.5786,4812238.17873,-80.46211699999999,43.461797,Non intersection,2,P.D. only,Thru lane,unknown,unknown,Sideswipe,Unknown,Daylight,01 - Daylight,Regional municipality,No control,unknown,0,0,0,False,False,False,Clear,,True,Road 1: FREDERICK ST; Road 2: RIVER RD E; Vehicle #1     Make: FORD     Model: VAN     Colour: WHI     Style: FV; Vehicle #2     Make:      Model:      Colour:      Style:,5/3/2021 10:38:07 AM,,
50264,20031191,1581254520000,2020,2,9,13,22,0,Sunday,540104.86728,4810846.78332,-80.504342,43.449459,Underpass or tunnel,2,P.D. only,Thru lane,unknown,unknown,SMV other,Unknown,Daylight,01 - Daylight,Municipal (excl. Twp. Rd.),No control,unknown,1,0,0,False,False,False,Clear,,False,Road 1: PARK ST (50 km/h); Road 2: CN RAIL; Distance: 0.0 M N; Vehicle #1     Make:      Model: TRAC     Colour:      Style:,5/3/2021 10:41:56 AM,,
50265,20031417,1581276000000,2020,2,9,19,20,0,Sunday,541971.96376,4808675.80136,-80.481434,43.429809,Non intersection,2,P.D. only,Thru lane,unknown,unknown,Approaching,Unknown,Dark,07 - Dark,Regional municipality,No control,unknown,1,0,0,False,False,False,Snow,,False,Road 1: KEHL ST (50 km/h); Road 2: OTTAWA ST S; Distance: 30.0 M N; Vehicle #1     Make: HYUN     Model: ALS     Colour: GRY     Style: 4D; Vehicle #2     Make: HOND     Model: UDV     Colour: GRY     Style: 4D,5/3/2021 10:37:19 AM,,
50266,20031916,1581188400000,2020,2,8,19,0,0,Saturday,541388.12507,4803851.19339,-80.489013,43.3864,At/near private drive,2,Non-reportable,Thru lane,unknown,unknown,SMV unattended vehicle,Unknown,Dark,07 - Dark,Municipal (excl. Twp. Rd.),unknown,unknown,0,0,0,False,False,False,Clear,,True,Road 1: SOPHIA CRESCENT (IFO 198); Road 2: WOODBINE CT; Vehicle #1     Make: FORD     Model: COF     Colour: GRY     Style: PK; Vehicle #2     Make: TOYT     Model: MTL     Colour: GRY     Style: 4D,5/3/2021 10:41:45 AM,,
50267,20032135,1581179400000,2020,2,8,16,30,0,Saturday,542877.31333,4807238.02307,-80.470362,43.416812,At/near private drive,2,Non-reportable,Thru lane,unknown,unknown,SMV unattended vehicle,Unknown,Daylight,01 - Daylight,Municipal (excl. Twp. Rd.),No control,unknown,0,0,0,False,False,False,Clear,,True,Road 1: 122 COACH HILL DR; Vehicle #1     Make:      Model:      Colour:      Style: ; Vehicle #2     Make: SUBA     Model: SWL     Colour: SIL     Style: 4D,5/3/2021 10:41:45 AM,,
50268,20032390,1581402600000,2020,2,11,6,30,0,Tuesday,541276.49517,4803356.2225,-80.490428,43.381949999999996,Non intersection,2,P.D. only,Thru lane,unknown,unknown,Angle,Unknown,Dark,07 - Dark,Regional municipality,No control,unknown,0,0,0,False,False,False,Clear,,True,Road 1: HURON RD; Road 2: FISCHERHALLMAN RD; Distance: 120.0 M; Vehicle #1     Make: BMW     Model: X12     Colour: BLK     Style: SW; Vehicle #2     Make: TOYT     Model: RV4     Colour: GRY     Style: TY,5/3/2021 10:38:11 AM,,
50269,20032625,1581421500000,2020,2,11,11,45,0,Tuesday,543528.43973,4804929.59967,-80.462503,43.395989,Non intersection,2,P.D. only,Thru lane,unknown,unknown,Angle,Unknown,Daylight,01 - Daylight,Regional municipality,No control,unknown,0,0,0,False,False,False,Clear,,True,Road 1: HURON RD (IFO MAC'S CONVIENCE); Vehicle #1     Make: DODG     Model: CAR     Colour: BLK     Style: VN; Vehicle #2     Make: GMC     Model: SIE     Colour: GRY     Style: CW,5/3/2021 10:38:13 AM,,
50270,20032798,1581435120000,2020,2,11,15,32,0,Tuesday,539077.53011,4811112.2392,-80.51702,43.451904,At intersection,2,P.D. only,Within intersection,unknown,unknown,Angle,Unknown,Daylight,01 - Daylight,Regional municipality,Traffic signal,Functioning,0,0,1,False,False,False,Clear,,False,Road 1: BELMONT AVE W (50 km/h); Road 2: GLASGOW ST (50 km/h); Vehicle #1     Make: FORD     Model: FE     Colour: GRY     Style: 4D; Vehicle #2     Make: FORD     Model: COF     Colour: WHI     Style: PK,5/3/2021 10:40:08 AM,,
50271,20032812,1581436320000,2020,2,11,15,52,0,Tuesday,543441.28848,4808304.44318,-80.46331099999999,43.426382,Non intersection,1,Non-fatal injury,Not on roadway - left side,unknown,unknown,SMV other,Unknown,Daylight,01 - Daylight,Municipal (excl. Twp. Rd.),No control,unknown,0,0,0,False,False,False,Clear,,False,Road 1: 190 KIPLING AVE (50 km/h); Road 2: KIPLING AVE; Distance: 1.0 K N; Vehicle #1     Make: FORD     Model: SPE     Colour: GRY     Style: TY,5/3/2021 10:38:23 AM,,
50272,20032845,1581109200000,2020,2,7,21,0,0,Friday,541606.42193,4810797.937,-80.485789,43.448937,At/near private drive,2,P.D. only,Off highway,unknown,unknown,SMV other,Unknown,"Dark, artificial","08 - Dark, artificial",Municipal (excl. Twp. Rd.),No control,unknown,0,0,0,False,False,False,Snow,,False,Road 1: 15 SCOTT ST (40 km/h); Road 2: SCOTT ST; Distance: 1.0 M E; Vehicle #1     Make: HOND     Model: ULX     Colour: GRY     Style: 4D,5/3/2021 10:40:54 AM,,
50273,20033002,1581451200000,2020,2,11,20,0,0,Tuesday,541582.05787,4810749.19729,-80.486094,43.4485,Intersection related,2,P.D. only,Within intersection,unknown,unknown,Turning movement,Unknown,Dark,07 - Dark,Regional municipality,Traffic signal,Functioning,0,0,1,False,False,False,Clear,,True,Road 1: KING ST E; Road 2: SCOTT ST; Vehicle #1     Make: TOYT     Model: RV4     Colour: BLK     Style: TY; Vehicle #2     Make: TOYT     Model: CBS     Colour: BLU     Style: 4D,5/3/2021 10:39:54 AM,,
50274,20033217,1581493800000,2020,2,12,7,50,0,Wednesday,543074.36063,4812799.64008,-80.467489,43.466878,Intersection related,2,P.D. only,Thru lane,unknown,unknown,Sideswipe,Unknown,Daylight,01 - Daylight,Municipal (excl. Twp. Rd.),unknown,Functioning,0,0,0,False,False,False,Clear,,True,Road 1: WELLINGTON ST; Road 2: RIVERBEND DR; Vehicle #1     Make:      Model:      Colour:      Style: ; Vehicle #2     Make: HOND     Model: UEX     Colour: SIL     Style: 2D,5/3/2021 10:40:01 AM,,
50275,20033273,1581498600000,2020,2,12,9,10,0,Wednesday,542841.92577,4809873.173,-80.470592,43.440540999999996,At intersection,2,P.D. only,Within intersection,unknown,unknown,Angle,Unknown,Daylight,01 - Daylight,Regional municipality,Stop sign,Functioning,0,0,0,False,False,False,Clear,,True,Road 1: 16 SYDNEY ST S; Road 2: CHARLES ST; Vehicle #1     Make: TOYT     Model: RV4     Colour: RED     Style: TY; Vehicle #2     Make: TOYT     Model: YAR     Colour: BLU     Style: 4B,5/3/2021 10:40:34 AM,,
50276,20033410,1581510780000,2020,2,12,12,33,0,Wednesday,543845.23905,4808104.07397,-80.458337,43.424554,Non intersection,2,P.D. only,Right shoulder,unknown,unknown,SMV other,Unknown,Daylight,01 - Daylight,Municipal (excl. Twp. Rd.),No control,unknown,0,0,0,False,False,False,Clear,,False,Road 1: CLARK AVE (40 km/h); Road 2: SIEBERT AVE; Distance: 1.0 M W; Vehicle #1     Make: KIA     Model: SED     Colour: BLK     Style: VN,5/3/2021 10:37:02 AM,,
50277,20033468,1581248400000,2020,2,9,11,40,0,Sunday,542139.91443,4807091.74011,-80.47948199999999,43.415537,At/near private drive,1,Non-fatal injury,Not on roadway - right side,unknown,unknown,SMV other,Unknown,Daylight,01 - Daylight,Municipal (excl. Twp. Rd.),No control,unknown,0,0,0,True,False,False,Clear,,False,Road 1: STRASBURG RD (50 km/h); Road 2: BLOCK LINE RD; Distance: 7.0 M W; Vehicle #1     Make: HYUN     Model: ESM     Colour: RED     Style: 4D,5/3/2021 10:40:52 AM,,
50278,20033472,1581515280000,2020,2,12,13,48,0,Wednesday,541246.93044,4810769.74657,-80.490234,43.448702999999995,At/near private drive,2,P.D. only,Not on roadway - right side,unknown,unknown,Sideswipe,Unknown,Daylight,01 - Daylight,Municipal (excl. Twp. Rd.),No control,unknown,0,0,0,False,False,False,Clear,,False,Road 1: QUEEN ST S (50 km/h); Road 2: CHARLES ST E; Distance: 30.0 M W; Vehicle #1     Make: NISS     Model: ATS     Colour: BRN     Style: 4D; Vehicle #2     Make: DODG     Model: LRT     Colour:      Style: LRT,5/3/2021 10:40:52 AM,,
50279,20033474,1581505200000,2020,2,12,11,0,0,Wednesday,544960.02071,4811038.45222,-80.444323,43.450908999999996,Intersection related,1,Non-fatal injury,Left turn lane,unknown,unknown,Angle,Unknown,Daylight,01 - Daylight,Regional municipality,Traffic signal,Functioning,0,0,0,False,False,False,Clear,,True,Road 1: RIVER RD E (IFO GAS STATION); Road 2: OTTAWA ST N; Vehicle #1     Make: FORD     Model: FSE     Colour: YEL     Style: 4D; Vehicle #2     Make:      Model:      Colour:      Style: ; Vehicle #3     Make: VOLK     Model: PTL     Colour: SIL     Sty,5/3/2021 10:39:40 AM,,
50280,20033929,1581555900000,2020,2,13,1,5,0,Thursday,545400.07994,4808302.27367,-80.439112,43.426246,Non intersection,2,P.D. only,Right shoulder,unknown,unknown,SMV other,Unknown,Dark,07 - Dark,Regional municipality,No control,unknown,0,0,0,False,False,False,Snow,,False,Road 1: KINGSWAY DR (50 km/h); Road 2: CEDARWOODS CRESCENT; Distance: 50.0 M W; Vehicle #1     Make: HOND     Model: ULS     Colour: BLU     Style: 4D,5/3/2021 10:37:27 AM,,
50281,20033990,1581572700000,2020,2,13,5,45,0,Thursday,543099.88373,4808892.20676,-80.46748199999999,43.431694,Non intersection,2,P.D. only,Thru lane,unknown,unknown,Approaching,Unknown,Dark,07 - Dark,Municipal (excl. Twp. Rd.),No control,unknown,0,0,0,False,False,False,Clear,,True,Road 1: CARWOOD AVE; Road 2: DIXON ST; Vehicle #1     Make: BUIC     Model: ACX     Colour: RED     Style: 4D; Vehicle #2     Make: CADI     Model: ALA     Colour: BLK     Style: 4D,5/3/2021 10:38:18 AM,,