OBJECTID,ACCIDENTNUM,ACCIDENTDATE,ACCIDENT_YEAR,ACCIDENT_MONTH,ACCIDENT_DAY,ACCIDENT_HOUR,ACCIDENT_MINUTE,ACCIDENT_SECOND,ACCIDENT_WEEKDAY,XCOORD,YCOORD,LONGITUDE,LATITUDE,ACCIDENTLOCATION,COLLISIONTYPE,CLASSIFICATIONOFACCIDENT,IMPACTLOCATION,INITIALDIRECTIONOFTRAVELONE,INITIALDIRECTIONOFTRAVELTWO,INITIALIMPACTTYPE,INTTRAFFICCONTROL,LIGHT,LIGHTFORREPORT,ROADJURISDICTION,TRAFFICCONTROL,TRAFFICCONTROLCONDITION,THRULANENO,NORTHBOUNDDISOBEYCOUNT,SOUTHBOUNDDISOBEYCOUNT,PEDESTRIANINVOLVED,CYCLISTINVOLVED,MOTORCYCLISTINVOLVED,ENVIRONMENTCONDITION1,ENVIRONMENTCONDITION2,SELFREPORTED,XMLIMPORTNOTES,LASTEDITEDDATE,CREATE_BY,CREATE_DATE
50282,20034052,1581582000000,2020,2,13,8,20,0,Thursday,542721.9631,4808220.54355,-80.47220399999999,43.425667999999995,Non intersection,2,P.D. only,Thru lane,unknown,unknown,Angle,Unknown,Daylight,01 - Daylight,Regional municipality,No control,unknown,0,0,0,False,False,False,Clear,,True,Road 1: HANSON AVE; Road 2: HAYWARD AVE KITCHENER; Vehicle #1     Make: STRN     Model: VUE     Colour: RED     Style: TY; Vehicle #2     Make: HYUN     Model: K3G     Colour: BLK     Style: TY,5/3/2021 10:38:18 AM,,
50283,20034144,1581589140000,2020,2,13,10,19,0,Thursday,541498.2115,4813363.36712,-80.486931,43.472041999999995,At intersection,2,P.D. only,Not on roadway - right side,unknown,unknown,SMV other,Unknown,Daylight,01 - Daylight,Municipal (excl. Twp. Rd.),Stop sign,unknown,0,0,0,False,False,False,Snow,,False,Road 1: OXFORD ST (50 km/h); Road 2: DOWNEY ST (50 km/h); Distance: 5.0 M W; Vehicle #1     Make:      Model:      Colour:      Style: PIC,5/3/2021 10:40:19 AM,,
50284,20034279,1581583500000,2020,2,13,8,45,0,Thursday,542482.53615,4812870.49782,-80.4748,43.467549,Non intersection,2,P.D. only,Not on roadway - right side,unknown,unknown,SMV other,Unknown,Daylight,01 - Daylight,Municipal (excl. Twp. Rd.),No control,unknown,0,0,0,False,False,False,Snow,,True,Road 1: 220 SPRING VALLEY RD; Road 2: GUELPH STREET; Vehicle #1     Make: FORD     Model: FE     Colour: BLU     Style: 4D; Vehicle #2     Make:      Model:      Colour:      Style:,5/3/2021 10:38:19 AM,,
50285,20034921,1581667800000,2020,2,14,8,10,0,Friday,547652.42303,4804029.38999,-80.41166,43.387633,Non intersection,2,P.D. only,Thru lane,unknown,unknown,Rear end,Unknown,Daylight,01 - Daylight,Municipal (excl. Twp. Rd.),No control,unknown,0,0,0,False,False,False,Clear,,True,Road 1: DOON VALLEY DR; Road 2: CONESTOGA COLLEGE BLVD; Vehicle #1     Make:      Model:      Colour:      Style: ; Vehicle #2     Make: ACUR     Model: ATL     Colour: BGE     Style: 4D; Vehicle #3     Make:      Model:      Colour:      Style:,5/3/2021 10:39:06 AM,,
50286,20035080,1581610800000,2020,2,13,16,20,0,Thursday,547756.76157,4804394.37822,-80.41033999999999,43.390913,Non intersection,2,P.D. only,Thru lane,unknown,unknown,Rear end,Unknown,Daylight,01 - Daylight,Regional municipality,No control,unknown,0,0,0,False,False,False,Snow,,True,Road 1: DOON VALLEY DR; Road 2: CONESTOGA COLLEGE BLVD; Vehicle #1     Make: JEEP     Model: PRT     Colour: WHI     Style: TY; Vehicle #2     Make: BMW     Model: 2XS     Colour: BLK     Style: 4D,5/3/2021 10:38:39 AM,,
50287,20035230,1581697800000,2020,2,14,16,30,0,Friday,544348.58675,4807744.605,-80.452148,43.421288,At/near private drive,2,P.D. only,Off highway,unknown,unknown,Angle,Unknown,Daylight,01 - Daylight,Municipal (excl. Twp. Rd.),No control,unknown,0,0,0,False,False,False,Clear,,True,Road 1: TRAYNOR AVE; Road 2: REYBURN AVE; Vehicle #1     Make: FORD     Model: RNG     Colour: BLK     Style: PK; Vehicle #2     Make: HOND     Model: USE     Colour: SIL     Style: 4D,5/3/2021 10:41:33 AM,,
50288,20035233,1581537600000,2020,2,12,20,0,0,Wednesday,541983.99472,4807714.926,-80.48136,43.421157,Non intersection,2,Non-reportable,Thru lane,unknown,unknown,SMV unattended vehicle,Unknown,Dark,07 - Dark,Municipal (excl. Twp. Rd.),No control,unknown,0,0,0,False,False,False,Clear,,True,Road 1: 140 APPALACHIAN CRESCENT; Vehicle #1     Make:      Model:      Colour:      Style: ; Vehicle #2     Make: HYUN     Model: AGG     Colour: BLK     Style: 4D,5/3/2021 10:38:46 AM,,
50289,20035337,1581685800000,2020,2,14,13,10,0,Friday,539014.50639,4811254.49886,-80.517788,43.453188,Non intersection,2,P.D. only,Thru lane,unknown,unknown,Rear end,Unknown,Daylight,01 - Daylight,Regional municipality,No control,unknown,0,0,0,False,False,False,Clear,,True,Road 1: 690 BELMONT LANE E (IFO CROSSWALK); Vehicle #1     Make: TOYO     Model: YAR     Colour: RED     Style: 2W; Vehicle #2     Make: TOYT     Model: VEN     Colour: BRN     Style: TY,5/3/2021 10:38:21 AM,,
50290,20036627,1581864600000,2020,2,16,14,50,0,Sunday,544560.19249,4811740.76011,-80.449208,43.457256,Intersection related,2,P.D. only,Left turn lane,unknown,unknown,Sideswipe,Unknown,Daylight,01 - Daylight,Regional municipality,Traffic signal,unknown,0,0,0,False,False,False,Clear,,True,Road 1: RIVER RD E; Road 2: LORRAINE AVE; Vehicle #1     Make: TOYT     Model: CBA     Colour: BRN     Style: 4D; Vehicle #2     Make: CHEV     Model: MZ     Colour: GRY     Style: 4D,5/3/2021 10:39:42 AM,,
50291,20037352,1581946200000,2020,2,17,13,30,0,Monday,545994.8632,4812032.01742,-80.43145,43.459792,Non intersection,2,Non-reportable,Thru lane,unknown,unknown,SMV unattended vehicle,Unknown,Daylight,01 - Daylight,Municipal (excl. Twp. Rd.),No control,unknown,0,0,0,False,False,False,Clear,,True,Road 1: 70 BREMBEL ST; Vehicle #1     Make:      Model:      Colour:      Style: ; Vehicle #2     Make: LNDR     Model: RVE     Colour: BLU     Style: TY,5/3/2021 10:38:47 AM,,
50292,20037964,1581850800000,2020,2,16,11,0,0,Sunday,545596.01294,4809162.26168,-80.43661999999999,43.433977,Non intersection,2,P.D. only,Not on roadway - left side,unknown,unknown,SMV unattended vehicle,Unknown,Daylight,01 - Daylight,Municipal (excl. Twp. Rd.),No control,unknown,0,0,0,False,False,False,Clear,,True,Road 1: 165 KRAFT AVE; Vehicle #1     Make:      Model:      Colour:      Style: ; Vehicle #2     Make: GMC     Model: CJM     Colour: BLK     Style: TY,5/3/2021 10:38:21 AM,,
50293,20037988,1582012800000,2020,2,18,8,0,0,Tuesday,542074.96018,4816168.32716,-80.47958299999999,43.497265999999996,At/near private drive,2,P.D. only,Thru lane,unknown,unknown,SMV unattended vehicle,Unknown,Daylight,01 - Daylight,Municipal (excl. Twp. Rd.),No control,unknown,1,0,0,False,False,False,Clear,,False,Road 1: 48 REDTAIL ST (50 km/h); Road 2: REDTAIL ST; Distance: 12.0 M S; Vehicle #1     Make: MAZD     Model: M6     Colour: GRY     Style: 4D; Vehicle #2     Make: FORD     Model: TST     Colour: WHI     Style: FV,5/3/2021 10:41:08 AM,,
50294,20038235,1581955200000,2020,2,17,16,0,0,Monday,538772.66022,4806900.93768,-80.521087,43.414,At/near private drive,2,Non-reportable,Thru lane,unknown,unknown,SMV unattended vehicle,Unknown,Daylight,01 - Daylight,Municipal (excl. Twp. Rd.),No control,unknown,0,0,0,False,False,False,Clear,,True,Road 1: WINDFLOWER CRESCENT (IFO 714); Road 2: WINDFLOWER DR; Vehicle #1     Make: TOYT     Model: MTL     Colour: GRY     Style: 4D; Vehicle #2     Make: CHRY     Model: C30     Colour:      Style:,5/3/2021 10:41:20 AM,,
50295,20038265,1581933600000,2020,2,17,10,0,0,Monday,540994.9095,4807504.21776,-80.49359299999999,43.419314,Non intersection,2,Non-reportable,Not on roadway - right side,unknown,unknown,SMV unattended vehicle,Unknown,Daylight,01 - Daylight,Municipal (excl. Twp. Rd.),No control,unknown,0,0,0,False,False,False,Clear,,True,Road 1: 106 SHEA CRESCENT; Vehicle #1     Make:      Model:      Colour:      Style: ; Vehicle #2     Make: TOYT     Model: CBS     Colour: RED     Style: 4D,5/3/2021 10:37:46 AM,,
50296,20038590,1582100400000,2020,2,19,8,20,0,Wednesday,547805.89293,4804425.09041,-80.409731,43.391186,Non intersection,2,P.D. only,Right turn lane,unknown,unknown,Rear end,Unknown,Daylight,01 - Daylight,Regional municipality,No control,unknown,0,0,0,False,False,False,Clear,,True,Road 1: DOON VALLEY DR; Road 2: CONESTOGA COLLEGE; Vehicle #1     Make:      Model:      Colour:      Style: ; Vehicle #2     Make: MERZ     Model: ML3     Colour: BLU     Style: TY,5/3/2021 10:38:39 AM,,
50297,20038659,1582020600000,2020,2,18,10,10,0,Tuesday,542562.18444,4812551.1127,-80.47384,43.464669,Intersection related,2,Non-reportable,Thru lane,unknown,unknown,Angle,Unknown,Daylight,01 - Daylight,Regional municipality,Stop sign,Functioning,0,0,0,False,False,False,Clear,,True,Road 1: WELLINGTON ST N; Road 2: HIGHWAY 85; Vehicle #1     Make: KENW     Model: CON     Colour:      Style: ; Vehicle #2     Make: FORD     Model: DRW     Colour: WHI     Style: CT,5/3/2021 10:39:38 AM,,
50298,20038664,1582032600000,2020,2,18,13,30,0,Tuesday,545147.71263,4807182.69896,-80.442323,43.416180999999995,Non intersection,2,P.D. only,Thru lane,unknown,unknown,Sideswipe,Unknown,Daylight,01 - Daylight,Municipal (excl. Twp. Rd.),No control,unknown,0,0,0,False,False,False,Clear,,True,Road 1: WILSON AVE; Road 2: GOODRICH DR; Vehicle #1     Make: HOND     Model: PIL     Colour: GRY     Style: TY; Vehicle #2     Make: TOYT     Model: HV4     Colour: BLU     Style: TY,5/3/2021 10:38:03 AM,,
50299,20038739,1582021800000,2020,2,18,10,30,0,Tuesday,546437.32682,4811246.06409,-80.426048,43.452687999999995,Non intersection,1,Non-fatal injury,Right shoulder,unknown,unknown,SMV other,Unknown,Daylight,01 - Daylight,Municipal (excl. Twp. Rd.),No control,unknown,0,0,0,True,False,False,Snow,,False,Road 1: 184 GRAY ST (50 km/h); Road 2: GRAY ST; Distance: 2.0 M S; Vehicle #1     Make: TOYT     Model: VEN     Colour: GRY     Style: TY,5/3/2021 10:37:21 AM,,
50300,20038942,1582126200000,2020,2,19,15,30,0,Wednesday,545295.53408,4808174.1976,-80.440415,43.425098999999996,Other,1,Non-fatal injury,Thru lane,unknown,unknown,SMV other,Unknown,Daylight,01 - Daylight,Municipal (excl. Twp. Rd.),No control,unknown,1,0,0,True,False,False,Clear,,False,Road 1: 2960 KINGSWAY DR (50 km/h); Road 2: KINGSWAY DR; Distance: 1.0 M N; Vehicle #1     Make:      Model:      Colour:      Style: SUV,5/3/2021 10:41:56 AM,,
50301,20039100,1582133400000,2020,2,19,17,30,0,Wednesday,538587.69039,4808551.55655,-80.52325499999999,43.428872,At/near private drive,2,P.D. only,Thru lane,unknown,unknown,Angle,Unknown,Dusk,05 - Dusk,Regional municipality,No control,unknown,0,0,0,False,False,False,Clear,,True,Road 1: 1526 QUEEN'S BLVD (IFO 1526 QUEENS BLVD); Road 2: FISCHER-HALLMAN RD; Vehicle #1     Make: DODG     Model: CAR     Colour: BLK     Style: VN; Vehicle #2     Make: JEEP     Model: WRA     Colour: SIL     Style: TY,5/3/2021 10:41:36 AM,,
50302,20039362,1582184700000,2020,2,20,7,45,0,Thursday,542658.76,4811832.52246,-80.472702,43.458193,At/near private drive,2,P.D. only,Thru lane,unknown,unknown,Rear end,Unknown,Daylight,01 - Daylight,Regional municipality,No control,unknown,0,0,0,False,False,False,Clear,,True,Road 1: EDNA ST (IFO TIM HORTONS); Road 2: FREDRICK ST; Vehicle #1     Make: CHEV     Model: CZT     Colour: BLK     Style: 4D; Vehicle #2     Make: CHEV     Model: IMT     Colour: WHI     Style: 4D,5/3/2021 10:41:40 AM,,
50303,20039626,1582206300000,2020,2,20,13,45,0,Thursday,540293.59209,4811982.00752,-80.501926,43.459671,At/near private drive,2,P.D. only,Thru lane,unknown,unknown,SMV unattended vehicle,Unknown,Daylight,01 - Daylight,Municipal (excl. Twp. Rd.),No control,unknown,0,0,0,False,False,False,Clear,,True,Road 1: 532 DUKE ST W; Vehicle #1     Make:      Model:      Colour:      Style: ; Vehicle #2     Make: CHEV     Model: ML2     Colour: GRY     Style: 4D,5/3/2021 10:41:41 AM,,
50304,20039718,1582209420000,2020,2,20,14,37,0,Thursday,541684.80972,4814659.86174,-80.48452499999999,43.483706,At/near private drive,2,Non-reportable,Thru lane,unknown,unknown,Other,Unknown,Daylight,01 - Daylight,Municipal (excl. Twp. Rd.),No control,unknown,0,0,0,False,False,False,Clear,,True,Road 1: WOOLWICH ST (IFO 50); Road 2: HILLCREST LN; Vehicle #1     Make:      Model:      Colour:      Style: ; Vehicle #2     Make: CHEV     Model: SIL     Colour: BLK     Style: PK,5/3/2021 10:41:20 AM,,
50305,20039830,1582216200000,2020,2,20,16,30,0,Thursday,544824.02966,4804822.98679,-80.446514,43.394953,At/near private drive,2,P.D. only,Thru lane,unknown,unknown,Turning movement,Unknown,Daylight,01 - Daylight,Municipal (excl. Twp. Rd.),No control,unknown,0,0,0,False,False,False,Clear,,True,Road 1: 479 PIONEER DR; Vehicle #1     Make: FORD     Model: EPR     Colour: BLK     Style: TY; Vehicle #2     Make: VOLK     Model: GLF     Colour: GRY     Style: 4B,5/3/2021 10:41:40 AM,,
50306,20040417,1582272900000,2020,2,21,8,15,0,Friday,543534.41908,4804406.52785,-80.462471,43.391279,Intersection related,2,P.D. only,Thru lane,unknown,unknown,Other,Unknown,Daylight,01 - Daylight,Municipal (excl. Twp. Rd.),Stop sign,Functioning,0,0,0,False,False,False,Clear,,True,Road 1: MARL MEADOW DR; Road 2: TEMPLEWOOD DR; Vehicle #1     Make: HOND     Model: UAX     Colour: BLK     Style: 2D; Vehicle #2     Make:      Model:      Colour:      Style:,5/3/2021 10:39:53 AM,,
50307,20040486,1582272000000,2020,2,21,8,0,0,Friday,540485.22318,4809641.59905,-80.499731,43.438587,Non intersection,2,Non-reportable,Thru lane,unknown,unknown,SMV unattended vehicle,Unknown,Daylight,01 - Daylight,Municipal (excl. Twp. Rd.),No control,unknown,0,0,0,False,False,False,Clear,,True,Road 1: REX DR; Road 2: QUEEN'S BLVD; Vehicle #1     Make:      Model:      Colour:      Style: ; Vehicle #2     Make: HYUN     Model: EGM     Colour: RED     Style: 4D,5/3/2021 10:37:10 AM,,
50308,20040528,1582218000000,2020,2,20,17,0,0,Thursday,544744.26085,4810004.42149,-80.447075,43.441612,Intersection related,2,Non-reportable,Thru lane,unknown,unknown,Other,Stop sign,Daylight,01 - Daylight,Regional municipality,Stop sign,Functioning,0,0,0,False,False,False,Clear,,True,Road 1: KENNETH AVE; Road 2: FRANKLIN ST N; Vehicle #1     Make: HOND     Model: UAX     Colour: WHI     Style: 4D; Vehicle #2     Make: TOYT     Model: CBS     Colour: BLU     Style: 4D,5/3/2021 10:39:14 AM,,
50309,20040531,1582293600000,2020,2,21,14,0,0,Friday,543337.23062,4812475.56589,-80.464265,43.463944,Non intersection,2,P.D. only,Thru lane,unknown,unknown,Angle,Unknown,Daylight,01 - Daylight,Regional municipality,No control,unknown,0,0,0,False,False,False,Clear,,True,Road 1: RIVER RD E; Road 2: VICTORIA ST N; Vehicle #1     Make: SUZI     Model: GVT     Colour: SIL     Style: TY; Vehicle #2     Make: LEXS     Model: C2H     Colour: WHI     Style: 4B,5/3/2021 10:38:31 AM,,
50310,20040542,1582305300000,2020,2,21,17,15,0,Friday,543303.78472,4812518.9381,-80.464675,43.464337,At/near private drive,2,P.D. only,Thru lane,unknown,unknown,Angle,Unknown,Dusk,05 - Dusk,Regional municipality,No control,unknown,0,0,0,False,False,False,Clear,,True,Road 1: VICTORIA ST N; Road 2: RIVER RD E; Vehicle #1     Make: GMC     Model: SIE     Colour: GRY     Style: PK; Vehicle #2     Make: NISS     Model: MSV     Colour: GRY     Style: 4D,8/16/2022 3:03:45 PM,,
50311,20040905,1582347300000,2020,2,22,4,55,0,Saturday,538166.35689,4809837.39751,-80.52837,43.440472,Non intersection,2,P.D. only,Off highway,unknown,unknown,SMV other,Unknown,Dark,07 - Dark,Municipal (excl. Twp. Rd.),No control,unknown,0,0,0,False,False,False,Clear,,False,Road 1: DALEGROVE DR (50 km/h); Road 2: HAZELGLEN DR; Distance: 50.0 M E; Vehicle #1     Make: HOND     Model: PEC     Colour: SIL     Style: 2D,5/3/2021 10:37:28 AM,,
50312,20040923,1582351740000,2020,2,22,6,9,0,Saturday,538752.53084,4807790.37891,-80.521272,43.42201,At/near private drive,2,P.D. only,Thru lane,unknown,unknown,SMV other,Unknown,Dark,07 - Dark,Municipal (excl. Twp. Rd.),No control,unknown,1,0,0,False,False,False,Clear,,False,Road 1: 59  MCGARRY DR (40 km/h); Road 2: MCGARRY DR; Distance: 1.0 M N; Vehicle #1     Make: HYUN     Model: ESM     Colour: BLK     Style: 4D,5/3/2021 10:41:09 AM,,
50313,20041133,1582362300000,2020,2,22,9,5,0,Saturday,546157.12261,4811194.2344,-80.429515,43.452239,At/near private drive,2,P.D. only,Thru lane,unknown,unknown,Other,Unknown,Daylight,01 - Daylight,Municipal (excl. Twp. Rd.),No control,unknown,0,0,0,False,False,False,Clear,,True,Road 1: 30 BURNT EMBER COURT; Vehicle #1     Make: SUBA     Model: CRO     Colour: WHI     Style: TY; Vehicle #2     Make: HOND     Model: CRV     Colour: SIL     Style: TY,5/3/2021 10:41:43 AM,,
50314,20041151,1582373100000,2020,2,22,12,5,0,Saturday,538917.40498,4806955.43464,-80.519295,43.414483999999995,At/near private drive,2,P.D. only,Not on roadway - right side,unknown,unknown,SMV other,Unknown,Daylight,01 - Daylight,Municipal (excl. Twp. Rd.),No control,unknown,0,0,0,False,False,False,Clear,,False,Road 1: 60 MILFOIL CRES (50 km/h); Road 2: MILFOIL CRES; Distance: 1.0 K E; Vehicle #1     Make: INTR     Model: MA0     Colour: YEL     Style: CT,5/3/2021 10:41:09 AM,,
50315,20041226,1582381800000,2020,2,22,14,30,0,Saturday,542141.40139,4810396.98034,-80.479208,43.445297,Non intersection,2,P.D. only,Thru lane,unknown,unknown,Sideswipe,Unknown,Daylight,01 - Daylight,Regional municipality,No control,unknown,0,0,0,False,False,False,Clear,,True,Road 1: KING ST E; Road 2: BETZNER AVE N; Vehicle #1     Make: FORD     Model: EDG     Colour: GRN     Style: TY; Vehicle #2     Make: HOND     Model: CCL     Colour: WHI     Style: 4D,5/3/2021 10:38:08 AM,,
50316,20041263,1582385400000,2020,2,22,15,30,0,Saturday,541856.50024,4810582.40788,-80.482715,43.446982999999996,Non intersection,2,P.D. only,Thru lane,unknown,unknown,Sideswipe,Unknown,Daylight,01 - Daylight,Regional municipality,No control,unknown,0,0,0,False,False,False,Clear,,True,Road 1: KING ST E; Road 2: MADISON AVE S; Vehicle #1     Make: RAM     Model: RTR     Colour: WHI     Style: PK; Vehicle #2     Make: TOYT     Model: PRV     Colour: BLU     Style: SW,5/3/2021 10:38:33 AM,,
50317,20041305,1582389480000,2020,2,22,16,38,0,Saturday,541343.44886,4809064.45938,-80.48917,43.433344,At intersection,1,Non-fatal injury,Within intersection,unknown,unknown,Angle,Unknown,Daylight,01 - Daylight,Regional municipality,Stop sign,Functioning,0,0,0,False,False,False,Clear,,False,Road 1: HEIMAN ST (50 km/h); Road 2: HIGHLAND RD E (50 km/h); Vehicle #1     Make: TOYT     Model: MTL     Colour: WHI     Style: 4D; Vehicle #2     Make: HYUN     Model: ESM     Colour: WHI     Style: 4D,5/3/2021 10:40:19 AM,,
50318,20041333,1581722100000,2020,2,14,23,15,0,Friday,540345.10848,4811565.64213,-80.50131999999999,43.455919,Non intersection,2,Non-reportable,Thru lane,unknown,unknown,SMV unattended vehicle,Unknown,Dark,07 - Dark,Regional municipality,No control,unknown,0,0,0,False,False,False,Clear,,True,Road 1: 66 LOUISA ST; Vehicle #1     Make:      Model:      Colour:      Style: ; Vehicle #2     Make: TOYT     Model: CXL     Colour: GRY     Style: 4D,5/3/2021 10:39:05 AM,,
50319,20041545,1582408800000,2020,2,22,22,0,0,Saturday,543234.8878,4811371.78367,-80.46561799999999,43.454012,At/near private drive,2,Non-reportable,Thru lane,unknown,unknown,SMV unattended vehicle,Unknown,Dark,07 - Dark,Municipal (excl. Twp. Rd.),No control,unknown,0,0,0,False,False,False,Clear,,True,Road 1: 16 SHERWOOD AVE; Vehicle #1     Make: DODG     Model: DAKO     Colour: WHI     Style: PK; Vehicle #2     Make: TOYT     Model: RV4     Colour: GRY     Style: TY,5/3/2021 10:40:58 AM,,
50320,20042672,1582540800000,2020,2,24,10,40,0,Monday,541412.81822,4809233.66128,-80.48830000000001,43.434863,Non intersection,2,P.D. only,Thru lane,unknown,unknown,SMV other,Unknown,Daylight,01 - Daylight,Municipal (excl. Twp. Rd.),No control,unknown,0,0,0,False,False,False,Clear,,True,Road 1: 150 CHARLES BEST PLACE  KITCHENER; Vehicle #1     Make: HOND     Model: CXG     Colour: BLU     Style: 4D,4/27/2022 10:39:05 AM,,
50321,20042885,1582534800000,2020,2,24,9,0,0,Monday,538737.47168,4810943.24886,-80.52123499999999,43.4504,At/near private drive,2,P.D. only,Thru lane,unknown,unknown,Sideswipe,Unknown,Daylight,01 - Daylight,Municipal (excl. Twp. Rd.),No control,unknown,0,0,0,False,False,False,Clear,,True,Road 1: GLASGOW ST; Road 2: DUNBAR RD; Vehicle #1     Make: FRHT     Model: FM2     Colour: WHI     Style: CT; Vehicle #2     Make: MITS     Model: OUT     Colour: BRN     Style: TY,5/3/2021 10:41:47 AM,,
50322,20042973,1582425000000,2020,2,23,2,30,0,Sunday,544879.3751,4811442.97439,-80.445287,43.454556,At/near private drive,2,P.D. only,Thru lane,unknown,unknown,SMV unattended vehicle,Unknown,Dark,07 - Dark,Municipal (excl. Twp. Rd.),No control,unknown,0,0,0,False,False,False,Snow,,True,Road 1: 35 BRECKENRIDGE DR; Vehicle #1     Make: CHEV     Model: SIL     Colour: SIL     Style: CW; Vehicle #2     Make: TOYT     Model: RG4     Colour: BLK     Style: TY,5/3/2021 10:41:48 AM,,
50323,20043080,1582530600000,2020,2,24,7,50,0,Monday,541448.38472,4808718.53331,-80.48790000000001,43.430223,At/near private drive,2,Non-reportable,Thru lane,unknown,unknown,Rear end,Unknown,Daylight,01 - Daylight,Regional municipality,No control,unknown,0,0,0,False,False,False,Clear,,True,Road 1: HOFFMAN ST; Road 2: HIGHLAND RD E SOUTHDALE KITCHENER; Vehicle #1     Make:      Model:      Colour:      Style: ; Vehicle #2     Make: MAZD     Model: 3SP     Colour: WHI     Style: 4D,5/3/2021 10:40:58 AM,,
50324,20043525,1581010800000,2020,2,6,17,40,0,Thursday,545432.03006,4808343.22743,-80.43871399999999,43.426612999999996,At intersection,2,Non-reportable,Right turn lane,unknown,unknown,Rear end,Unknown,Dark,07 - Dark,Municipal (excl. Twp. Rd.),Stop sign,Functioning,0,0,0,False,False,False,Clear,,True,Road 1: CEDARWOODS CRESCENT; Road 2: KINGSWAY DR; Vehicle #1     Make:      Model:      Colour:      Style: ; Vehicle #2     Make: NISS     Model: MUR     Colour: SIL     Style: TY,5/3/2021 10:40:11 AM,,
50325,20044467,1582726200000,2020,2,26,14,10,0,Wednesday,542058.24266,4813071.94829,-80.480029,43.469387,At/near private drive,2,P.D. only,Left shoulder,unknown,unknown,SMV other,Unknown,Daylight,01 - Daylight,Municipal (excl. Twp. Rd.),No control,unknown,0,0,0,False,False,False,Snow,,False,Road 1: 237 ARNOLD ST (50 km/h); Road 2: ARNOLD ST; Distance: 5.0 M E; Vehicle #1     Make: NISS     Model: SL2     Colour: WHI     Style: 4D,5/3/2021 10:41:06 AM,,
50326,20044522,1582731000000,2020,2,26,15,30,0,Wednesday,548241.80977,4804556.513,-80.404337,43.392342,Non intersection,2,P.D. only,Thru lane,unknown,unknown,Angle,Unknown,Daylight,01 - Daylight,Municipal (excl. Twp. Rd.),No control,unknown,0,0,0,False,False,False,Snow,,True,Road 1: 299 DOON VALLEY DR; Vehicle #1     Make: CHEV     Model: S1L     Colour: WHI     Style: 4B; Vehicle #2     Make:      Model:      Colour:      Style:,5/3/2021 10:38:49 AM,,
50327,20044585,1582709700000,2020,2,26,9,35,0,Wednesday,547053.93055,4808098.17557,-80.41869899999999,43.424306,At intersection,2,Non-reportable,Thru lane,unknown,unknown,Angle,Unknown,Daylight,01 - Daylight,Regional municipality,Stop sign,Functioning,0,0,0,False,False,False,Snow,,True,Road 1: RIVER RD E; Road 2: WOODVIEW CRESCENT; Vehicle #1     Make: TOYT     Model: UCS     Colour: GRY     Style: 4D; Vehicle #2     Make: TOYT     Model: SXB     Colour: BLK     Style: TY,5/3/2021 10:40:20 AM,,
50328,20044813,1582750200000,2020,2,26,20,50,0,Wednesday,536307.70395,4807716.95576,-80.551479,43.421471,At/near private drive,2,P.D. only,Right shoulder,unknown,unknown,SMV unattended vehicle,Unknown,"Dark, artificial","08 - Dark, artificial",Municipal (excl. Twp. Rd.),No control,unknown,0,0,0,False,False,False,Snow,,False,Road 1: 92 NEWBURY DR (50 km/h); Road 2: NEWBURY DR; Distance: 0.0 M S; Vehicle #1     Make: HOND     Model: UCL     Colour: BLK     Style: 4D; Vehicle #2     Make: HOND     Model: CIV     Colour: BLU     Style: 4D,5/3/2021 10:41:08 AM,,
50329,20044860,1582754700000,2020,2,26,22,5,0,Wednesday,540059.97101,4810228.39785,-80.504942,43.443892999999996,Non intersection,2,P.D. only,Thru lane,unknown,unknown,Rear end,Unknown,"Dark, artificial","08 - Dark, artificial",Municipal (excl. Twp. Rd.),No control,unknown,1,0,0,False,False,False,Snow,,False,Road 1: 128 WEST AVE (50 km/h); Road 2: WEST AVE; Distance: 5.0 M S; Vehicle #1     Make: NISS     Model: SL2     Colour: GRY     Style: 4D; Vehicle #2     Make: HYUN     Model: ESM     Colour: BLK     Style: 4D,5/3/2021 10:37:37 AM,,
50330,20044862,1582724700000,2020,2,26,13,45,0,Wednesday,543045.89166,4809760.8008,-80.468081,43.439518,Intersection related,2,Non-reportable,Thru lane,unknown,unknown,Angle,Unknown,Unknown,00 - Unknown,Regional municipality,unknown,Functioning,0,0,0,False,False,False,Snow,,True,Road 1: DELTA ST; Road 2: CHARLES ST E KITCHENER; Vehicle #1     Make:      Model:      Colour:      Style: ; Vehicle #2     Make: GMC     Model: SAV     Colour: WHI     Style: FV,8/16/2022 2:55:11 PM,,
50331,20044899,1582755300000,2020,2,26,22,15,0,Wednesday,537331.86016,4806743.80626,-80.538894,43.412659,Non intersection,2,P.D. only,Thru lane,unknown,unknown,SMV unattended vehicle,Unknown,Dark,07 - Dark,Municipal (excl. Twp. Rd.),No control,unknown,0,0,0,False,False,False,Snow,,True,Road 1: DRIFTWOOD DR (IFO 278); Vehicle #1     Make:      Model:      Colour:      Style: ; Vehicle #2     Make: HYUN     Model: SAN     Colour: WHI     Style: TY,5/3/2021 10:38:55 AM,,
50332,20045147,1582735200000,2020,2,26,16,40,0,Wednesday,546618.21327,4810937.66473,-80.423839,43.4499,Intersection related,2,P.D. only,Thru lane,unknown,unknown,Rear end,Unknown,Daylight,01 - Daylight,Regional municipality,Traffic signal,Functioning,0,0,0,False,False,False,Snow,,True,Road 1: OLDFIELD DR; Road 2: LACKNER BLVD; Vehicle #1     Make: FORD     Model: SRW     Colour: WHI     Style: PK; Vehicle #2     Make: LEXS     Model: RX5     Colour: BLK     Style: TY,5/3/2021 10:39:55 AM,,