OBJECTID,ACCIDENTNUM,ACCIDENTDATE,ACCIDENT_YEAR,ACCIDENT_MONTH,ACCIDENT_DAY,ACCIDENT_HOUR,ACCIDENT_MINUTE,ACCIDENT_SECOND,ACCIDENT_WEEKDAY,XCOORD,YCOORD,LONGITUDE,LATITUDE,ACCIDENTLOCATION,COLLISIONTYPE,CLASSIFICATIONOFACCIDENT,IMPACTLOCATION,INITIALDIRECTIONOFTRAVELONE,INITIALDIRECTIONOFTRAVELTWO,INITIALIMPACTTYPE,INTTRAFFICCONTROL,LIGHT,LIGHTFORREPORT,ROADJURISDICTION,TRAFFICCONTROL,TRAFFICCONTROLCONDITION,THRULANENO,NORTHBOUNDDISOBEYCOUNT,SOUTHBOUNDDISOBEYCOUNT,PEDESTRIANINVOLVED,CYCLISTINVOLVED,MOTORCYCLISTINVOLVED,ENVIRONMENTCONDITION1,ENVIRONMENTCONDITION2,SELFREPORTED,XMLIMPORTNOTES,LASTEDITEDDATE,CREATE_BY,CREATE_DATE
50383,20054349,1583765400000,2020,3,9,14,50,0,Monday,542109.2236,4807133.00804,-80.479857,43.41591,At intersection,1,Non-fatal injury,Within intersection,unknown,unknown,SMV other,Unknown,Daylight,01 - Daylight,Regional municipality,Traffic signal,Functioning,0,0,0,True,False,False,Clear,,False,Road 1: STRASBURG RD (50 km/h); Road 2: BLOCK LINE RD (50 km/h); Vehicle #1     Make: FORD     Model: CTV     Colour: WHI     Style: BU,5/13/2021 11:35:56 AM,,
50384,20054405,1583593200000,2020,3,7,15,0,0,Saturday,549121.48291,4806321.68163,-80.393317,43.408178,Intersection related,2,P.D. only,Thru lane,unknown,unknown,Sideswipe,Unknown,Daylight,01 - Daylight,Regional municipality,Traffic signal,unknown,0,0,0,False,False,False,Clear,,True,Road 1: GATEWAY PARK DR; Road 2: SPORTSWORLD DR; Vehicle #1     Make:      Model:      Colour:      Style: ; Vehicle #2     Make: BMW     Model: 2HG     Colour: BLK     Style: 2D,5/13/2021 11:34:34 AM,,
50385,20054456,1583512200000,2020,3,6,16,30,0,Friday,538699.50889,4810924.04157,-80.521705,43.450229,Non intersection,2,P.D. only,Thru lane,unknown,unknown,Rear end,Unknown,Daylight,01 - Daylight,Municipal (excl. Twp. Rd.),No control,unknown,0,0,0,False,False,False,Clear,,True,Road 1: GLASGOW ST; Road 2: WESTMOUNT RD; Vehicle #1     Make: ACUR     Model: RDX     Colour: BLK     Style: TY; Vehicle #2     Make: FORD     Model: SPE     Colour: GRY     Style: TY,5/13/2021 11:24:56 AM,,
50386,20054502,1583777700000,2020,3,9,18,15,0,Monday,548540.94637,4806589.5212,-80.400463,43.410627999999996,Non intersection,2,P.D. only,Thru lane,unknown,unknown,Sideswipe,Unknown,Dusk,05 - Dusk,Regional municipality,No control,unknown,0,0,0,False,False,False,Clear,,True,Road 1: DEER RIDGE DR; Road 2: KING ST E; Vehicle #1     Make: HYUN     Model: SFT     Colour: BLK     Style: TY; Vehicle #2     Make: HOND     Model: UAX     Colour: BLK     Style: 4D,5/13/2021 11:36:43 AM,,
50387,20054869,1583871660000,2020,3,10,20,21,0,Tuesday,539831.22264,4811144.82236,-80.507702,43.452157,Intersection related,1,Non-fatal injury,Within intersection,unknown,unknown,SMV other,Unknown,Dark,07 - Dark,Municipal (excl. Twp. Rd.),Traffic signal,Functioning,0,0,0,True,False,False,Rain,,False,Road 1: PARK ST (50 km/h); Road 2: DOMINION ST (50 km/h); Vehicle #1     Make: FORD     Model: FSE     Colour: WHI     Style: 4B,5/13/2021 11:23:54 AM,,
50388,20054952,1583836200000,2020,3,10,10,30,0,Tuesday,545413.96943,4812208.17098,-80.438616,43.461414,Intersection related,2,P.D. only,Within intersection,unknown,unknown,Sideswipe,Unknown,Daylight,01 - Daylight,Municipal (excl. Twp. Rd.),Stop sign,unknown,0,0,0,False,False,False,Clear,,True,Road 1: LORRAINE AVE; Road 2: WIMBLETON CRESCENT; Vehicle #1     Make: SUBA     Model: IMP     Colour: GRY     Style: SW; Vehicle #2     Make: DODG     Model: CAR     Colour: SIL     Style: VN,5/13/2021 11:23:25 AM,,
50389,20055068,1583838000000,2020,3,10,11,0,0,Tuesday,542618.37098,4803856.37665,-80.473824,43.386378,Non intersection,2,Non-reportable,Right shoulder,unknown,unknown,SMV unattended vehicle,Unknown,Daylight,01 - Daylight,Municipal (excl. Twp. Rd.),No control,unknown,0,0,0,False,False,False,Clear,,True,Road 1: 917 DUNBLANE COURT; Vehicle #1     Make:      Model:      Colour:      Style: ; Vehicle #2     Make: HOND     Model: FLS     Colour: GRN     Style: 4B,5/13/2021 11:24:09 AM,,
50390,20055165,1583854200000,2020,3,10,15,30,0,Tuesday,541581.70078,4810750.15121,-80.486098,43.448508,At intersection,2,Non-reportable,Thru lane,unknown,unknown,Sideswipe,Unknown,Daylight,01 - Daylight,Regional municipality,Traffic signal,Functioning,0,0,0,False,False,False,Clear,,True,Road 1: KING ST E; Road 2: SCOTT ST; Vehicle #1     Make:      Model:      Colour:      Style: ; Vehicle #2     Make: KIA     Model: RIO     Colour: WHI     Style: 4B,5/13/2021 11:34:27 AM,,
50391,20055197,1583700660000,2020,3,8,20,51,0,Sunday,544371.01898,4809291.70913,-80.451745,43.435216,At/near private drive,2,P.D. only,Thru lane,unknown,unknown,Sideswipe,Unknown,Dark,07 - Dark,Municipal (excl. Twp. Rd.),No control,unknown,0,0,0,False,False,False,Clear,,True,Road 1: 15 DELLROY AVE; Vehicle #1     Make: HOND     Model: UCL     Colour: SIL     Style: 4D; Vehicle #2     Make: FORD     Model: SPE     Colour: BRN     Style: TY,5/13/2021 11:24:42 AM,,
50392,20055208,1583832600000,2020,3,10,9,30,0,Tuesday,546771.42223,4810135.73876,-80.42201399999999,43.44267,Non intersection,2,P.D. only,Thru lane,unknown,unknown,SMV other,Unknown,Daylight,01 - Daylight,Municipal (excl. Twp. Rd.),No control,unknown,0,0,0,False,False,False,Rain,,True,Road 1: 100 IDLE CREEK DR; Vehicle #1     Make: LEXS     Model: E3H     Colour: WHI     Style: 4D,5/13/2021 11:29:25 AM,,
50393,20055255,1583860500000,2020,3,10,17,15,0,Tuesday,542540.44394,4807314.48325,-80.47451699999999,43.417519999999996,Non intersection,2,P.D. only,Thru lane,unknown,unknown,Rear end,Unknown,Daylight,01 - Daylight,Municipal (excl. Twp. Rd.),No control,unknown,0,0,0,False,False,False,Clear,,True,Road 1: BLOCK LINE RD; Road 2: COUNTRY HILL DR; Distance: 100.0 M W; Vehicle #1     Make: HYUN     Model: ESS     Colour: GRY     Style: 4D; Vehicle #2     Make: TOYT     Model: UCS     Colour: GRY     Style: 4D,5/13/2021 11:24:04 AM,,
50394,20055680,1583825400000,2020,3,10,7,30,0,Tuesday,546485.74323,4803625.90261,-80.426098,43.384073,Non intersection,2,Non-reportable,Thru lane,unknown,unknown,Sideswipe,Unknown,Daylight,01 - Daylight,Regional municipality,No control,unknown,0,0,0,False,False,False,Clear,,True,Road 1: DOON S DR; Road 2: WINDING WOOD CRESCENT; Vehicle #1     Make: HOND     Model: USE     Colour: SIL     Style: 4D; Vehicle #2     Make: LNDR     Model: EQU     Colour: WHI     Style: TY,5/13/2021 11:35:22 AM,,
50395,20055714,1583840400000,2020,3,10,11,40,0,Tuesday,538663.61062,4808705.02167,-80.522306,43.43025,At/near private drive,2,Non-reportable,Thru lane,unknown,unknown,Rear end,Unknown,Daylight,01 - Daylight,Municipal (excl. Twp. Rd.),No control,unknown,0,0,0,False,False,False,Clear,,True,Road 1: 305 OVERLEA DR; Vehicle #1     Make: HOND     Model: CRV     Colour: SIL     Style: 4B; Vehicle #2     Make: FORD     Model: TST     Colour: WHI     Style: FV,5/13/2021 11:24:07 AM,,
50396,20055788,1583406900000,2020,3,5,11,15,0,Thursday,543664.93609,4804888.89712,-80.460821,43.395615,Intersection related,2,P.D. only,Thru lane,unknown,unknown,Rear end,Unknown,Daylight,01 - Daylight,Regional municipality,Stop sign,Functioning,0,0,0,False,False,False,Clear,,True,Road 1: OLD HURON RD; Road 2: HURON RD; Distance: 500.0 M E; Vehicle #1     Make: TOYT     Model: SIE     Colour: RED     Style: VN; Vehicle #2     Make: NISS     Model: NV2     Colour: WHI     Style: FV,5/13/2021 11:35:53 AM,,
50397,20055907,1583015400000,2020,2,29,22,30,0,Saturday,536692.70765,4807427.20748,-80.546742,43.418844,Non intersection,2,P.D. only,Thru lane,unknown,unknown,Rear end,Unknown,Dark,07 - Dark,Municipal (excl. Twp. Rd.),No control,unknown,0,0,0,False,False,False,Clear,,True,Road 1: ROLLING MEADOWS DR; Road 2: TIMBERLANE CRESCENT; Distance: 50.0 M W; Vehicle #1     Make:      Model:      Colour:      Style: ; Vehicle #2     Make: HYUN     Model: ESM     Colour: RED     Style: 4D,5/3/2021 10:38:22 AM,,
50398,20056024,1583941260000,2020,3,11,15,41,0,Wednesday,544828.4854,4812400.60529,-80.445837,43.463181999999996,Non intersection,1,Non-fatal injury,Thru lane,unknown,unknown,Sideswipe,Unknown,Daylight,01 - Daylight,Municipal (excl. Twp. Rd.),No control,unknown,1,0,0,False,False,False,Clear,,False,Road 1: 35 HALIFAX DR (50 km/h); Road 2: HALIFAX DR; Distance: 5.0 M S; Vehicle #1     Make: HYUN     Model: TUC     Colour: SIL     Style: TY; Vehicle #2     Make: NISS     Model: MUR     Colour: BLK     Style: TY,5/3/2021 10:38:19 AM,,
50399,20056517,1584004500000,2020,3,12,9,15,0,Thursday,543923.40816,4805131.44356,-80.45761,43.397784,Intersection related,2,P.D. only,Right turn lane,unknown,unknown,Rear end,Unknown,Daylight,01 - Daylight,Regional municipality,Stop sign,Functioning,0,0,0,False,False,False,Clear,,True,Road 1: HURON RD; Road 2: OLD HURON RD; Vehicle #1     Make: HOND     Model: FLX     Colour: WHI     Style: 4B; Vehicle #2     Make: HOND     Model: ULX     Colour: SIL     Style: 4D,5/3/2021 10:40:04 AM,,
50400,20057119,1584047520000,2020,3,12,21,12,0,Thursday,539629.40997,4805865.47298,-80.51057999999999,43.404632,At intersection,1,Non-fatal injury,Within intersection,unknown,unknown,SMV other,Unknown,"Dark, artificial","08 - Dark, artificial",Municipal (excl. Twp. Rd.),Stop sign,Functioning,0,0,0,True,False,False,Clear,,False,Road 1: BRIDLEWREATH ST (50 km/h); Road 2: MAX BECKER DR (50 km/h); Vehicle #1     Make: TOYT     Model: RV4     Colour: WHI     Style: TY,5/3/2021 10:40:24 AM,,
50401,20057634,1584041400000,2020,3,12,19,30,0,Thursday,538929.90746,4805991.77222,-80.51920899999999,43.405806,Non intersection,2,Non-reportable,Right shoulder,unknown,unknown,SMV unattended vehicle,Unknown,Dark,07 - Dark,Municipal (excl. Twp. Rd.),No control,unknown,0,0,0,False,False,False,Clear,,True,Road 1: PEACH BLOSSOM CRESCENT; Road 2: DAVID BERGEY DR; Vehicle #1     Make:      Model:      Colour:      Style: ; Vehicle #2     Make: NISS     Model: ROG     Colour: SIL     Style: TY,5/3/2021 10:37:12 AM,,
50402,20057648,1584109200000,2020,3,13,14,20,0,Friday,538278.04039,4806635.87051,-80.527215,43.411639,Non intersection,2,P.D. only,Thru lane,unknown,unknown,SMV other,Unknown,Daylight,01 - Daylight,Municipal (excl. Twp. Rd.),No control,unknown,1,0,0,False,False,True,Clear,,False,Road 1: 46 DAHLIA ST (50 km/h); Road 2: DAHLIA ST; Distance: 16.0 M E; Vehicle #1     Make: YAMA     Model:      Colour:      Style:,5/3/2021 10:37:05 AM,,
50403,20057676,1583168400000,2020,3,2,17,0,0,Monday,540635.17387,4811462.86036,-80.497742,43.454978,At/near private drive,2,P.D. only,Thru lane,unknown,unknown,SMV unattended vehicle,Unknown,Daylight,01 - Daylight,Municipal (excl. Twp. Rd.),No control,unknown,0,0,0,False,False,False,Snow,,True,Road 1: 68 BREITHAUPT ST; Vehicle #1     Make: TOYT     Model: SIE     Colour: TAN     Style: VN; Vehicle #2     Make: HYUN     Model: SGL     Colour: SIL     Style: 4D,5/13/2021 11:24:44 AM,,
50404,20057698,1583913600000,2020,3,11,8,0,0,Wednesday,537789.42797,4807683.9708,-80.533177,43.421101,At/near private drive,2,P.D. only,Right shoulder,unknown,unknown,SMV unattended vehicle,Unknown,Daylight,01 - Daylight,Municipal (excl. Twp. Rd.),No control,unknown,0,0,0,False,False,False,Clear,,True,Road 1: 49 BLUE SPRUCE COURT; Vehicle #1     Make: MAZD     Model: M3I     Colour: BGE     Style: 4D; Vehicle #2     Make: CHEV     Model: SIL     Colour: GRY     Style: PK,5/13/2021 11:24:47 AM,,
50405,20057700,1584113040000,2020,3,13,15,24,0,Friday,542853.82873,4807389.37835,-80.47064,43.418175999999995,At intersection,2,P.D. only,Within intersection,unknown,unknown,Sideswipe,Unknown,Daylight,01 - Daylight,Regional municipality,Stop sign,Functioning,0,0,0,False,False,False,Clear,,True,Road 1: BLOCK LINE RD; Road 2: HOMER WATSON BLVD; Vehicle #1     Make: HYUN     Model: ESM     Colour: WHI     Style: 4D; Vehicle #2     Make: GMC     Model: SAV     Colour: BLU     Style: FV,5/3/2021 10:40:40 AM,,
50406,20057724,1583918100000,2020,3,11,9,15,0,Wednesday,537700.99866,4810216.58158,-80.534094,43.443909999999995,At/near private drive,2,P.D. only,Thru lane,unknown,unknown,Other,Unknown,Daylight,01 - Daylight,Municipal (excl. Twp. Rd.),No control,unknown,0,0,0,False,False,False,Clear,,True,Road 1: 23 HUNTINGTON PLACE; Vehicle #1     Make: ACUR     Model: RDX     Colour: BLK     Style: TY; Vehicle #2     Make: GMC     Model: TER     Colour: BLK     Style: TY,5/3/2021 10:41:28 AM,,
50407,20058083,1584144780000,2020,3,14,0,13,0,Saturday,541183.05331,4810692.06006,-80.491029,43.448007,Intersection related,2,P.D. only,Right shoulder,unknown,unknown,SMV other,Unknown,Dark,07 - Dark,Municipal (excl. Twp. Rd.),Traffic signal,Functioning,0,0,1,False,False,False,Clear,,False,Road 1: JOSEPH ST (50 km/h); Road 2: ONTARIO ST S (50 km/h); Vehicle #1     Make: MNNI     Model: COS     Colour: RED     Style: 2B,5/3/2021 10:39:22 AM,,
50408,20059904,1584205200000,2020,3,14,17,0,0,Saturday,544335.27148,4805109.85852,-80.45252599999999,43.397565,Non intersection,2,P.D. only,Right shoulder,unknown,unknown,SMV unattended vehicle,Unknown,Daylight,01 - Daylight,Municipal (excl. Twp. Rd.),No control,unknown,0,0,0,False,False,False,Clear,,True,Road 1: 54 CLUTHE CRESCENT; Vehicle #1     Make:      Model:      Colour:      Style: ; Vehicle #2     Make: INFI     Model: GAW     Colour: WHI     Style: 4D,5/13/2021 11:24:15 AM,,
50409,20060028,1584366300000,2020,3,16,13,45,0,Monday,543364.56594,4808381.72865,-80.464253,43.427082,Non intersection,2,Non-reportable,Thru lane,unknown,unknown,SMV unattended vehicle,Unknown,Daylight,01 - Daylight,Municipal (excl. Twp. Rd.),No control,unknown,0,0,0,False,False,False,Clear,,True,Road 1: 162 KIPLING AVE; Vehicle #1     Make: FORD     Model: COF     Colour: GRY     Style: CW; Vehicle #2     Make:      Model:      Colour:      Style:,5/3/2021 10:37:33 AM,,
50410,20060658,1584374400000,2020,3,16,16,0,0,Monday,536850.0559,4808287.03894,-80.54473999999999,43.426578,Non intersection,2,P.D. only,Thru lane,unknown,unknown,Other,Unknown,Daylight,01 - Daylight,Municipal (excl. Twp. Rd.),No control,unknown,0,0,0,False,False,False,Clear,,True,Road 1: 513 WESTFOREST TRAIL; Vehicle #1     Make: DODG     Model: CXA     Colour: GRY     Style: 4D; Vehicle #2     Make: TOYT     Model: HV4     Colour: WHI     Style: TY,5/3/2021 10:38:57 AM,,
50411,20061634,1584545700000,2020,3,18,15,35,0,Wednesday,541899.45614,4812704.23355,-80.482021,43.466085,At/near private drive,2,P.D. only,Thru lane,unknown,unknown,Turning movement,Unknown,Daylight,01 - Daylight,Municipal (excl. Twp. Rd.),No control,unknown,1,0,0,False,True,False,Clear,,False,Road 1: 807 GUELPH ST (50 km/h); Road 2: GUELPH ST; Distance: 1.0 M W; Vehicle #1     Make: FORD     Model: TSA     Colour: RED     Style: 4D; Vehicle #2     Make:      Model:      Colour:      Style:,5/3/2021 10:41:09 AM,,
50412,20062077,1584601200000,2020,3,19,7,0,0,Thursday,540669.23296,4812142.64843,-80.497271,43.461096999999995,At/near private drive,2,P.D. only,Thru lane,unknown,unknown,SMV unattended vehicle,Unknown,Daylight,01 - Daylight,Municipal (excl. Twp. Rd.),No control,unknown,0,0,0,False,False,False,Clear,,True,Road 1: 71 BLUCHER ST (IN FRONT OF DRIVEWAY); Road 2: ELLIS AVE; Vehicle #1     Make: HYUN     Model: ESS     Colour: RED     Style: 4D; Vehicle #2     Make: MITS     Model: RVR     Colour: RED     Style: TY,5/3/2021 10:41:52 AM,,
50413,20062720,1584671460000,2020,3,20,2,31,0,Friday,540251.17147,4811959.87973,-80.50245199999999,43.459474,Intersection related,2,P.D. only,Not on roadway - right side,unknown,unknown,SMV other,Unknown,"Dark, artificial","08 - Dark, artificial",Municipal (excl. Twp. Rd.),unknown,Functioning,0,0,0,False,False,False,Clear,,False,Road 1: DUKE ST W (50 km/h); Road 2: WATERLOO ST (50 km/h); Distance: 5.0 M W; Vehicle #1     Make: MERC     Model: TY     Colour:      Style: TK,4/27/2022 10:41:25 AM,,
50414,20063946,1584831600000,2020,3,21,23,0,0,Saturday,546289.91572,4804899.62814,-80.42840799999999,43.395554,At/near private drive,2,P.D. only,Thru lane,unknown,unknown,SMV unattended vehicle,Unknown,Dark,07 - Dark,Municipal (excl. Twp. Rd.),No control,unknown,0,0,0,False,False,False,Clear,,True,Road 1: 165 GREEN VALLEY DR; Vehicle #1     Make: CHEV     Model: CZT     Colour: WHI     Style: 4D; Vehicle #2     Make: NISS     Model: MIC     Colour: RED     Style: 4B; Vehicle #3     Make: FORD     Model: EDG     Colour: BLK     Style: TY,5/3/2021 10:41:29 AM,,
50415,20064404,1584903600000,2020,3,22,19,0,0,Sunday,546266.85112,4803530.07298,-80.42880799999999,43.383224,At/near private drive,2,P.D. only,Not on roadway - left side,unknown,unknown,SMV other,Unknown,"Dark, artificial","08 - Dark, artificial",Municipal (excl. Twp. Rd.),No control,unknown,0,0,0,False,False,False,Clear,,False,Road 1: DOON MILLS DR (50 km/h); Road 2: WOODSMERE DR; Distance: 35.0 M N; Vehicle #1     Make: CHEV     Model: CZT     Colour: WHI     Style: 4D,5/3/2021 10:41:02 AM,,
50416,20064631,1584949380000,2020,3,23,7,43,0,Monday,545972.2933,4809410.27788,-80.43195,43.436188,At/near private drive,2,P.D. only,Thru lane,unknown,unknown,Other,Unknown,Daylight,01 - Daylight,Municipal (excl. Twp. Rd.),No control,unknown,1,0,0,False,False,False,Snow,,False,Road 1: 279 KINZIE AVE (50 km/h); Road 2: KINZIE AVE; Distance: 6.0 M W; Vehicle #1     Make: MITS     Model: LST     Colour: WHI     Style: 4D; Vehicle #2     Make: TOYT     Model: RV4     Colour: BLU     Style: TY,5/3/2021 10:41:32 AM,,
50417,20065979,1585126800000,2020,3,25,9,0,0,Wednesday,541065.13802,4811906.09529,-80.492395,43.458945,Non intersection,2,P.D. only,Thru lane,unknown,unknown,SMV unattended vehicle,Unknown,Daylight,01 - Daylight,Municipal (excl. Twp. Rd.),No control,unknown,0,0,0,False,False,False,Clear,,True,Road 1: LOUISA ST (IN FRONT OF 264 LOUISA); Road 2: MARGARET AVE; Vehicle #1     Make:      Model:      Colour:      Style: ; Vehicle #2     Make: VOLK     Model: JSA     Colour: WHI     Style: 4D,5/3/2021 10:38:14 AM,,
50418,20066279,1585153800000,2020,3,25,16,30,0,Wednesday,538607.01734,4808561.65092,-80.523015,43.428962,Non intersection,2,P.D. only,Thru lane,unknown,unknown,Sideswipe,Unknown,Daylight,01 - Daylight,Regional municipality,No control,unknown,0,0,0,False,False,False,Clear,,True,Road 1: QUEEN'S BLVD; Road 2: FISCHER-HALLMAN RD; Vehicle #1     Make: HYUN     Model: SAN     Colour: GRY     Style: 4D; Vehicle #2     Make: CHEV     Model: ABS     Colour: BLU     Style: 4D,5/3/2021 10:38:08 AM,,
50419,20066641,1585099800000,2020,3,25,1,30,0,Wednesday,541929.43503,4816258.84316,-80.481376,43.498089,Non intersection,2,P.D. only,Thru lane,unknown,unknown,SMV other,Unknown,Dark,07 - Dark,Municipal (excl. Twp. Rd.),No control,unknown,0,0,0,False,False,False,Clear,,True,Road 1: WOOLWICH ST; Road 2: FALCONRIDGE DR; Vehicle #1     Make: HOND     Model: UCL     Colour: BLK     Style: 4D,5/3/2021 10:38:08 AM,,
50424,20069380,1585420800000,2020,3,28,18,40,0,Saturday,539349.51654,4810355.9935,-80.513713,43.44508,Non intersection,2,Non-reportable,Thru lane,unknown,unknown,Rear end,Unknown,Dark,07 - Dark,Municipal (excl. Twp. Rd.),No control,unknown,0,0,0,False,False,False,Clear,,True,Road 1: KARN ST; Road 2: BELMONT AVE W; Vehicle #1     Make: FORD     Model: FFS     Colour: GRY     Style: 4D; Vehicle #2     Make:      Model:      Colour:      Style:,5/3/2021 10:38:25 AM,,
50425,20069384,1585494000000,2020,3,29,15,0,0,Sunday,546582.96968,4810821.60715,-80.424284,43.448857,Non intersection,2,P.D. only,Thru lane,unknown,unknown,Sideswipe,Unknown,Daylight,01 - Daylight,Municipal (excl. Twp. Rd.),No control,unknown,0,0,0,False,False,False,Clear,,True,Road 1: 112 MICHENER CRESCENT; Vehicle #1     Make: SUBA     Model: ILT     Colour: GRY     Style: 4D; Vehicle #2     Make: BMW     Model: 28X     Colour: WHI     Style: 4D,5/3/2021 10:38:09 AM,,
50426,20069912,1585208220000,2020,3,26,7,37,0,Thursday,536475.68964,4809489.82978,-80.549285,43.437425999999995,Non intersection,2,Non-reportable,Thru lane,unknown,unknown,SMV unattended vehicle,Unknown,Daylight,01 - Daylight,Municipal (excl. Twp. Rd.),No control,unknown,0,0,0,False,False,False,Clear,,True,Road 1: 107 RESURRECTION DR; Road 2: ON ROAD; Vehicle #1     Make:      Model:      Colour:      Style: ; Vehicle #2     Make: MAZD     Model: M3I     Colour: WHI     Style: 4D,5/3/2021 10:38:25 AM,,
50427,20070502,1585710420000,2020,4,1,3,7,0,Wednesday,540638.73153,4807001.87574,-80.498031,43.414809999999996,Non intersection,2,P.D. only,Thru lane,unknown,unknown,SMV other,Unknown,"Dark, artificial","08 - Dark, artificial",Municipal (excl. Twp. Rd.),No control,unknown,1,0,0,False,False,False,Clear,,False,Road 1: DUNSMERE DR (50 km/h); Road 2: RADCLIFFE DR; Distance: 9.0 M N; Vehicle #1     Make: ACUR     Model: IWP     Colour: BLK     Style: 4D,5/13/2021 11:24:17 AM,,
50428,20070738,1565542800000,2019,8,11,17,0,0,Sunday,540818.89645,4810612.02291,-80.49553499999999,43.447306999999995,Non intersection,2,P.D. only,Thru lane,unknown,unknown,SMV unattended vehicle,Unknown,Daylight,01 - Daylight,Municipal (excl. Twp. Rd.),No control,unknown,0,0,0,False,False,False,Clear,,True,Road 1: 57 JUBILEE DR (IN FRONT); Vehicle #1     Make:      Model:      Colour:      Style: ; Vehicle #2     Make: HOND     Model: PIL     Colour: GRY     Style: TY,4/9/2021 5:53:30 PM,,
50429,20072172,1585900200000,2020,4,3,7,50,0,Friday,542270.30679,4810381.4159,-80.477616,43.44515,Non intersection,2,P.D. only,Thru lane,unknown,unknown,Sideswipe,Unknown,Daylight,01 - Daylight,Regional municipality,No control,unknown,0,0,0,False,False,False,Clear,,True,Road 1: FAIRVIEW AVE; Road 2: KING ST E; Vehicle #1     Make: DODG     Model: CAR     Colour: GRY     Style: VN; Vehicle #2     Make: MAZD     Model: 3TR     Colour: GRY     Style: 4D,8/16/2022 2:57:11 PM,,
50430,20072792,1585949460000,2020,4,3,21,31,0,Friday,545482.05133,4809069.34497,-80.438036,43.433147999999996,At/near private drive,2,P.D. only,Thru lane,unknown,unknown,SMV unattended vehicle,Unknown,"Dark, artificial","08 - Dark, artificial",Municipal (excl. Twp. Rd.),No control,unknown,1,0,0,False,False,False,Clear,,False,Road 1: 115 KRAFT AVE (50 km/h); Road 2: KRAFT AVE; Distance: 15.0 M S; Vehicle #1     Make: FORD     Model: DRW     Colour: WHI     Style: MH; Vehicle #2     Make: MAZD     Model: MCX     Colour: GRY     Style: TY,5/13/2021 11:24:26 AM,,
50431,20073437,1586025000000,2020,4,4,18,30,0,Saturday,537299.27821,4809061.15913,-80.539138,43.433526,Intersection related,2,Non-reportable,Left turn lane,unknown,unknown,Sideswipe,Unknown,Daylight,01 - Daylight,Regional municipality,Traffic signal,Functioning,0,0,0,False,False,False,Clear,,True,Road 1: WESTFOREST TRAIL; Road 2: VICTORIA ST S; Vehicle #1     Make: TOYT     Model: CBS     Colour: BLK     Style: 4D; Vehicle #2     Make: MAZD     Model: MCX     Colour: GRY     Style: TY,5/13/2021 11:34:29 AM,,
50432,20073885,1586089860000,2020,4,5,12,31,0,Sunday,543739.26407,4812007.62588,-80.459333,43.459708,Non intersection,2,P.D. only,Right shoulder,unknown,unknown,Rear end,Unknown,Daylight,01 - Daylight,Regional municipality,No control,unknown,0,0,0,False,False,False,Clear,,False,Road 1: 217 RIVER RD E (50 km/h); Road 2: RIVER RD E; Distance: 5.0 M W; Vehicle #1     Make: FORD     Model: RNG     Colour: YEL     Style: PK; Vehicle #2     Make: FORD     Model: TSS     Colour: BGE     Style: 4D,5/13/2021 11:35:26 AM,,
50433,20074744,1586188800000,2020,4,6,16,0,0,Monday,541232.23012,4810510.41737,-80.49043499999999,43.446369,Non intersection,2,Non-reportable,Thru lane,unknown,unknown,SMV unattended vehicle,Unknown,Daylight,01 - Daylight,Municipal (excl. Twp. Rd.),No control,unknown,0,0,0,False,False,False,Clear,,True,Road 1: BENTON ST; Vehicle #1     Make:      Model:      Colour:      Style: ; Vehicle #2     Make: HOND     Model: ATR     Colour: GRY     Style: 4D,4/27/2022 10:40:59 AM,,
50434,20075276,1585843200000,2020,4,2,16,0,0,Thursday,541138.13133,4810994.92447,-80.49156099999999,43.450737,Non intersection,2,Non-reportable,Thru lane,unknown,unknown,Sideswipe,Unknown,Daylight,01 - Daylight,Regional municipality,No control,unknown,0,0,0,False,False,False,Clear,,True,Road 1: KING ST W; Road 2: YOUNG ST; Vehicle #1     Make: CHEV     Model: ETV     Colour: WHI     Style: CB; Vehicle #2     Make:      Model:      Colour:      Style:,4/27/2022 10:39:38 AM,,
50435,20076464,1586424840000,2020,4,9,9,34,0,Thursday,544911.61524,4812482.32104,-80.444803,43.463912,Intersection related,2,P.D. only,Not on roadway - right side,unknown,unknown,Other,Unknown,Daylight,01 - Daylight,Municipal (excl. Twp. Rd.),Stop sign,Functioning,0,0,0,False,False,False,Clear,,False,Road 1: HALIFAX DR (50 km/h); Road 2: NATCHEZ RD (50 km/h); Vehicle #1     Make: GMC     Model: SON     Colour: GRN     Style: PK; Vehicle #2     Make: TOYT     Model: RV4     Colour: GRY     Style: TY; Vehicle #3     Make: NISS     Model: FRT     Colour:,5/13/2021 11:29:59 AM,,
50436,20076685,1586447100000,2020,4,9,15,45,0,Thursday,544935.19158,4811086.04724,-80.444626,43.451339,Non intersection,2,P.D. only,Thru lane,unknown,unknown,Sideswipe,Unknown,Daylight,01 - Daylight,Regional municipality,No control,unknown,0,0,0,False,False,False,Clear,,True,Road 1: RIVER RD E; Road 2: OTTAWA ST N; Vehicle #1     Make: KIA     Model: ROL     Colour: BLU     Style: 4W; Vehicle #2     Make: LNDR     Model: RSP     Colour: BLK     Style: TY,5/13/2021 11:39:01 AM,,