OBJECTID,ACCIDENTNUM,ACCIDENTDATE,ACCIDENT_YEAR,ACCIDENT_MONTH,ACCIDENT_DAY,ACCIDENT_HOUR,ACCIDENT_MINUTE,ACCIDENT_SECOND,ACCIDENT_WEEKDAY,XCOORD,YCOORD,LONGITUDE,LATITUDE,ACCIDENTLOCATION,COLLISIONTYPE,CLASSIFICATIONOFACCIDENT,IMPACTLOCATION,INITIALDIRECTIONOFTRAVELONE,INITIALDIRECTIONOFTRAVELTWO,INITIALIMPACTTYPE,INTTRAFFICCONTROL,LIGHT,LIGHTFORREPORT,ROADJURISDICTION,TRAFFICCONTROL,TRAFFICCONTROLCONDITION,THRULANENO,NORTHBOUNDDISOBEYCOUNT,SOUTHBOUNDDISOBEYCOUNT,PEDESTRIANINVOLVED,CYCLISTINVOLVED,MOTORCYCLISTINVOLVED,ENVIRONMENTCONDITION1,ENVIRONMENTCONDITION2,SELFREPORTED,XMLIMPORTNOTES,LASTEDITEDDATE,CREATE_BY,CREATE_DATE
50489,20108567,1589989560000,2020,5,20,15,46,0,Wednesday,545531.95137,4805386.00246,-80.437726,43.39998,Non intersection,2,P.D. only,Thru lane,unknown,unknown,Sideswipe,Unknown,Daylight,01 - Daylight,Regional municipality,No control,unknown,0,0,0,False,False,False,Clear,,True,Road 1: HURON RD; Road 2: HOMER WATSON BLVD; Vehicle #1     Make: HYUN     Model: ESM     Colour: BLK     Style: 4D; Vehicle #2     Make: FORD     Model: SRW     Colour: BLK     Style: CW,5/13/2021 11:39:49 AM,,
50490,20108843,1590361200000,2020,5,24,23,0,0,Sunday,546620.00705,4803533.98243,-80.424448,43.383237,Non intersection,2,Non-reportable,Thru lane,unknown,unknown,SMV unattended vehicle,Unknown,Dark,07 - Dark,Municipal (excl. Twp. Rd.),No control,unknown,0,0,0,False,False,False,Clear,,True,Road 1: 43 WINDING WOOD CRESCENT (IFO 43); Vehicle #1     Make:      Model:      Colour:      Style: ; Vehicle #2     Make: DODG     Model: RPC     Colour: BLU     Style: PK,5/13/2021 11:32:28 AM,,
50491,20109267,1590488880000,2020,5,26,10,28,0,Tuesday,544681.9694,4808319.83007,-80.447982,43.426446999999996,At intersection,2,P.D. only,Within intersection,unknown,unknown,Angle,Unknown,Daylight,01 - Daylight,Municipal (excl. Twp. Rd.),Stop sign,Functioning,0,0,0,False,False,False,Clear,,False,Road 1: GREENFIELD AVE (50 km/h); Road 2: WOODHAVEN RD (50 km/h); Vehicle #1     Make: CHRY     Model: 2LM     Colour: WHI     Style: 4D; Vehicle #2     Make: JEEP     Model: PRT     Colour: BLU     Style: TY,5/13/2021 11:30:38 AM,,
50492,20109465,1590501960000,2020,5,26,14,6,0,Tuesday,540449.04276,4808792.79479,-80.500241,43.430946,Non intersection,2,P.D. only,Off highway,unknown,unknown,SMV other,Unknown,Daylight,01 - Daylight,Regional municipality,No control,unknown,0,0,0,False,False,False,Clear,,False,Road 1: 212 LAKESIDE DR (40 km/h); Road 2: LAKESIDE; Distance: 10.0 K S; Vehicle #1     Make: TOYT     Model: CHL     Colour: GRY     Style: 4D,5/13/2021 11:39:36 AM,,
50493,20109518,1590505380000,2020,5,26,15,3,0,Tuesday,542636.26419,4805359.68936,-80.473486,43.399913,At intersection,2,P.D. only,Within intersection,unknown,unknown,Angle,Unknown,Daylight,01 - Daylight,Municipal (excl. Twp. Rd.),Stop sign,Functioning,0,0,0,False,False,False,Clear,,True,Road 1: TRILLIUM DR; Road 2: MCBRINE DR; Vehicle #1     Make: JEEP     Model: WUL     Colour: GRY     Style: TY; Vehicle #2     Make: SUBA     Model: I25     Colour: WHI     Style: SW,5/13/2021 11:32:01 AM,,
50494,20110945,1590243600000,2020,5,23,14,20,0,Saturday,541678.82224,4810198.02436,-80.48494,43.443532,At/near private drive,2,P.D. only,Thru lane,unknown,unknown,SMV unattended vehicle,Unknown,Daylight,01 - Daylight,Municipal (excl. Twp. Rd.),No control,unknown,0,0,0,False,False,False,Clear,,True,Road 1: 119 MADISON AVE S; Vehicle #1     Make: MNNI     Model: COS     Colour: RED     Style: 2B; Vehicle #2     Make: CHEV     Model: SIL     Colour: WHI     Style: PK,5/13/2021 11:27:31 AM,,
50495,20111367,1590701100000,2020,5,28,21,25,0,Thursday,543854.48694,4805115.74658,-80.458462,43.397645999999995,Intersection related,2,P.D. only,Right turn lane,unknown,unknown,Rear end,Unknown,"Dark, artificial","08 - Dark, artificial",Municipal (excl. Twp. Rd.),Traffic signal,Functioning,0,0,0,False,False,False,Clear,,False,Road 1: TRILLIUM DR (60 km/h); Road 2: HURON RD (60 km/h); Vehicle #1     Make:      Model:      Colour:      Style: ; Vehicle #2     Make: HYUN     Model: ESM     Colour: WHI     Style: 4D,5/13/2021 11:30:46 AM,,
50496,20111422,1590707220000,2020,5,28,23,7,0,Thursday,541897.37204,4810422.8436,-80.482222,43.445544,Non intersection,1,Non-fatal injury,Thru lane,unknown,unknown,SMV other,Unknown,Dark,07 - Dark,Regional municipality,No control,unknown,1,0,0,False,False,False,Clear,,False,Road 1: MADISON AVE S (40 km/h); Road 2: CHARLES ST E; Distance: 5.0 M N; Vehicle #1     Make: INFI     Model: AWD     Colour: WHI     Style: 4D,5/13/2021 11:39:15 AM,,
50497,20111774,1590755040000,2020,5,29,12,24,0,Friday,544628.68446,4812099.3642,-80.448332,43.460481,At/near private drive,1,Non-fatal injury,Thru lane,unknown,unknown,Turning movement,Unknown,Daylight,01 - Daylight,Municipal (excl. Twp. Rd.),No control,unknown,1,0,0,False,False,False,Clear,,False,Road 1: CONFEDERATION DR (50 km/h); Road 2: 11 CONFEDERATION DR; Distance: 2.0 K E; Vehicle #1     Make: NISS     Model: NV2     Colour: WHI     Style: FV; Vehicle #2     Make: TOYT     Model: UCS     Colour: BLK     Style: 4D,5/13/2021 11:29:20 AM,,
50498,20111912,1590684300000,2020,5,28,16,45,0,Thursday,547694.96848,4803920.06313,-80.411144,43.386646,Non intersection,2,Non-reportable,Thru lane,unknown,unknown,Rear end,Unknown,Daylight,01 - Daylight,Regional municipality,No control,unknown,0,0,0,False,False,False,Rain,,True,Road 1: 2480 HOMER WATSON BLVD; Vehicle #1     Make: TOYT     Model: CBL     Colour: GRY     Style: 4D; Vehicle #2     Make: TOYT     Model: C2E     Colour: WHI     Style: 4D,5/13/2021 11:39:26 AM,,
50499,20112080,1590782400000,2020,5,29,20,0,0,Friday,545256.40196,4802583.40403,-80.441361,43.374762,At/near private drive,2,P.D. only,Thru lane,unknown,unknown,Sideswipe,Unknown,Daylight,01 - Daylight,Municipal (excl. Twp. Rd.),No control,unknown,1,0,0,False,False,False,Clear,,False,Road 1: 115 SOUTH CREEK DR (50 km/h); Road 2: SOUTH CREEK DR; Distance: 5.0 K S; Vehicle #1     Make: KIA     Model: SPO     Colour:      Style: TY; Vehicle #2     Make: VOLK     Model: JSA     Colour:      Style: 4D,5/13/2021 11:34:44 AM,,
50500,20112241,1590795000000,2020,5,29,23,30,0,Friday,544790.29289,4808567.38185,-80.446624,43.42867,At intersection,2,P.D. only,Thru lane,unknown,unknown,Angle,Unknown,Dark,07 - Dark,Municipal (excl. Twp. Rd.),Stop sign,unknown,0,0,0,False,False,False,Clear,,True,Road 1: CONNAUGHT ST; Road 2: WOODHAVEN RD; Vehicle #1     Make:      Model:      Colour:      Style: ; Vehicle #2     Make: NISS     Model: SL2     Colour: RED     Style: 4D,5/13/2021 11:32:06 AM,,
50501,20112824,1590875040000,2020,5,30,21,44,0,Saturday,541203.3187,4810898.73677,-80.490763,43.449867,At intersection,1,Non-fatal injury,Within intersection,unknown,unknown,SMV other,Unknown,"Dark, artificial","08 - Dark, artificial",Municipal (excl. Twp. Rd.),Stop sign,Functioning,0,0,0,True,False,False,Clear,,False,Road 1: ONTARIO ST S (50 km/h); Road 2: HALLS LANE W (20 km/h); Vehicle #1     Make: CHEV     Model: CZT     Colour: BLU     Style: 4D,5/13/2021 11:30:08 AM,,
50502,20112955,1590889380000,2020,5,31,1,43,0,Sunday,544939.47468,4806326.522,-80.444965,43.408484,Non intersection,2,P.D. only,Thru lane,unknown,unknown,SMV other,Unknown,Dark,07 - Dark,Municipal (excl. Twp. Rd.),No control,unknown,1,0,0,False,False,False,Clear,,False,Road 1: WABANAKI DR (50 km/h); Road 2: HIDDEN VALLEY RD; Distance: 2.0 K E; Vehicle #1     Make: HOND     Model: UCL     Colour: GRN     Style: 4D,5/13/2021 11:31:20 AM,,
50503,20113394,1590948720000,2020,5,31,18,12,0,Sunday,541937.71312,4808849.51409,-80.481844,43.431374999999996,Non intersection,2,P.D. only,Not on roadway - left side,unknown,unknown,SMV other,Unknown,Daylight,01 - Daylight,Municipal (excl. Twp. Rd.),No control,unknown,0,0,0,False,False,False,Clear,,False,Road 1: 11 KELVIN AVE (50 km/h); Road 2: KELVIN AVE; Distance: 2.0 K S; Vehicle #1     Make: NISS     Model: MEL     Colour: GRY     Style: 4D,5/13/2021 11:34:53 AM,,
50504,20113899,1591012800000,2020,6,1,12,0,0,Monday,546149.55937,4813783.58405,-80.42939,43.475553999999995,Non intersection,2,P.D. only,Thru lane,unknown,unknown,Other,Unknown,Daylight,01 - Daylight,Municipal (excl. Twp. Rd.),No control,unknown,0,0,0,False,False,False,Clear,,True,Road 1: 200 CENTENNIAL RD; Vehicle #1     Make: GMC     Model: SIE     Colour: WHI     Style: PK; Vehicle #2     Make: TOYO     Model: CORO     Colour: SIL     Style: 4D,5/13/2021 11:32:54 AM,,
50505,20113934,1591018980000,2020,6,1,13,43,0,Monday,542109.2211,4807133.40818,-80.479857,43.415914,At intersection,0,Fatal injury,Within intersection,unknown,unknown,Angle,Unknown,Daylight,01 - Daylight,Regional municipality,Traffic signal,Functioning,0,1,0,False,False,False,Clear,,False,Road 1: BLOCK LINE RD (50 km/h); Road 2: STRASBURG RD (50 km/h); Distance: 0.0 K; Vehicle #1     Make: HOND     Model: UEX     Colour: RED     Style: 4D; Vehicle #2     Make: NOVB     Model: YLD     Colour: WHI     Style: BU,5/13/2021 11:38:38 AM,,
50506,20114544,1591090800000,2020,6,2,9,40,0,Tuesday,543067.07974,4807436.88489,-80.468002,43.418592,Intersection related,1,Non-fatal injury,Not on roadway - right side,unknown,unknown,SMV other,Unknown,Daylight,01 - Daylight,Regional municipality,Stop sign,Functioning,0,0,0,False,False,False,Clear,,False,Road 1: FALLOWFIELD DR (50 km/h); Road 2: BLOCK LINE RD (50 km/h); Vehicle #1     Make: HYUN     Model: ESM     Colour: BLU     Style: 4D,5/13/2021 11:40:19 AM,,
50507,20114912,1591122600000,2020,6,2,18,30,0,Tuesday,544626.89774,4809443.94335,-80.448571,43.436572,At intersection,2,Non-reportable,Within intersection,unknown,unknown,Angle,Unknown,Daylight,01 - Daylight,Municipal (excl. Twp. Rd.),Stop sign,Functioning,0,0,0,False,False,False,Clear,,True,Road 1: PROSPECT AVE; Road 2: BROADVIEW AVE; Vehicle #1     Make: CHEV     Model: CZL     Colour: BLK     Style: 4D; Vehicle #2     Make:      Model:      Colour:      Style:,5/13/2021 11:33:54 AM,,
50508,20115390,1591183920000,2020,6,3,11,32,0,Wednesday,545124.44773,4812051.86398,-80.442207,43.460024,Intersection related,2,P.D. only,Right shoulder,unknown,unknown,SMV unattended vehicle,Unknown,Daylight,01 - Daylight,Municipal (excl. Twp. Rd.),Stop sign,unknown,0,0,0,False,False,False,Clear,,False,Road 1: LORRAINE AVE (50 km/h); Road 2: CONFEDERATION DR (50 km/h); Distance: 10.0 M W; Vehicle #1     Make: CHEV     Model: UPL     Colour: RED     Style: VN; Vehicle #2     Make: HOND     Model: UCD     Colour: RED     Style: 4D; Vehicle #3     Make: TO,5/13/2021 11:25:28 AM,,
50509,20115637,1591204200000,2020,6,3,17,10,0,Wednesday,541231.36981,4810951.11004,-80.49041199999999,43.450337,At intersection,2,P.D. only,Within intersection,unknown,unknown,Angle,Unknown,Daylight,01 - Daylight,Regional municipality,Traffic signal,Functioning,0,1,0,False,False,False,Clear,,False,Road 1: KING ST W (50 km/h); Road 2: ONTARIO ST N (50 km/h); Vehicle #1     Make: TOYT     Model: CHB     Colour: GRY     Style: 4D; Vehicle #2     Make: MAZD     Model: M6I     Colour: BLU     Style: 4D,5/13/2021 11:37:56 AM,,
50510,20116664,1591282800000,2020,6,4,15,0,0,Thursday,538217.27382,4808357.01855,-80.527845,43.42714,Intersection related,2,Non-reportable,Thru lane,unknown,unknown,Rear end,Unknown,Daylight,01 - Daylight,Municipal (excl. Twp. Rd.),Traffic signal,Functioning,0,0,0,False,False,False,Clear,,True,Road 1: QUEEN'S BLVD; Road 2: ELM RIDGE DR; Vehicle #1     Make: TOYT     Model: CBS     Colour: SIL     Style: 4D; Vehicle #2     Make: TOYT     Model: CBA     Colour: GRN     Style: 4D,5/13/2021 11:34:06 AM,,
50511,20117044,1591362900000,2020,6,5,13,15,0,Friday,545214.22497,4810452.9016,-80.44122999999999,43.445620999999996,Intersection related,2,P.D. only,Thru lane,unknown,unknown,Rear end,Unknown,Daylight,01 - Daylight,Regional municipality,Stop sign,unknown,0,0,0,False,False,False,Clear,,True,Road 1: RIVER RD E; Road 2: BRADLEY DR; Vehicle #1     Make: CHEV     Model: CCT     Colour: BLK     Style: 4D; Vehicle #2     Make: FORD     Model: SPE     Colour: ONG     Style: TY,5/13/2021 11:38:11 AM,,
50512,20117069,1591363800000,2020,6,5,13,30,0,Friday,543068.36052,4807437.93514,-80.467986,43.418600999999995,At intersection,2,P.D. only,Within intersection,unknown,unknown,Sideswipe,Unknown,Daylight,01 - Daylight,Municipal (excl. Twp. Rd.),Stop sign,Functioning,0,0,0,False,False,False,Clear,,True,Road 1: FALLOWFIELD DR; Road 2: BLOCK LINE ROAD; Vehicle #1     Make: MAZD     Model: 3TR     Colour: BLK     Style: 4D; Vehicle #2     Make: TOYT     Model: LLX     Colour: SIL     Style: 4D,5/13/2021 11:30:36 AM,,
50513,20117177,1591372800000,2020,6,5,16,0,0,Friday,543539.49995,4807859.84641,-80.462133,43.422373,Non intersection,2,P.D. only,Thru lane,unknown,unknown,Sideswipe,Unknown,Daylight,01 - Daylight,unknown,No control,unknown,0,0,0,False,False,False,Clear,,True,Road 1: BLOCK LINE RD; Road 2: COURTLAND AVE E; Vehicle #1     Make: HOND     Model: UDY     Colour: GRY     Style: VN; Vehicle #2     Make: HYUN     Model: ALS     Colour: BLU     Style: 4D,5/13/2021 11:24:02 AM,,
50514,20117400,1590962400000,2020,5,31,22,0,0,Sunday,543802.31999,4810958.90882,-80.458638,43.450261,Non intersection,2,P.D. only,Right shoulder,unknown,unknown,SMV unattended vehicle,Unknown,Dark,07 - Dark,Municipal (excl. Twp. Rd.),No control,unknown,0,0,0,False,False,False,Clear,,False,Road 1: 111 LYNDHURST DR (50 km/h); Road 2: LYNDHURST DR; Distance: 1.0 K S; Vehicle #1     Make: CHEV     Model: CV1     Colour: BLU     Style: 2D; Vehicle #2     Make: FORD     Model: SRW     Colour: BLK     Style: TY,5/13/2021 11:33:09 AM,,
50515,20117755,1591445700000,2020,6,6,12,15,0,Saturday,538932.06199,4811421.87518,-80.518795,43.454699,Non intersection,2,P.D. only,Right shoulder,unknown,unknown,Rear end,Unknown,Daylight,01 - Daylight,Regional municipality,No control,unknown,0,0,0,False,False,False,Clear,,False,Road 1: BELMONT AVE W (50 km/h); Road 2: UNION ST; Distance: 60.0 M E; Vehicle #1     Make: JEEP     Model: GCK     Colour: WHI     Style: TY; Vehicle #2     Make: HOND     Model: UAX     Colour: BLU     Style: 4D,5/13/2021 11:40:36 AM,,
50516,20117905,1591457400000,2020,6,6,15,30,0,Saturday,538671.63391,4805487.37525,-80.522435,43.401278,Non intersection,2,P.D. only,Not on roadway - left side,unknown,unknown,SMV other,Unknown,Daylight,01 - Daylight,Municipal (excl. Twp. Rd.),No control,unknown,0,0,0,False,False,False,Clear,,False,Road 1: 68 ISAIAH DR (50 km/h); Road 2: ISAIAH DR; Distance: 0.0 K E; Vehicle #1     Make: HOND     Model: CXG     Colour: SIL     Style: 4D,5/13/2021 11:33:11 AM,,
50517,20118203,1591482000000,2020,6,6,22,20,0,Saturday,545071.94069,4811910.52598,-80.44286799999999,43.458754,At/near private drive,2,P.D. only,Thru lane,unknown,unknown,SMV unattended vehicle,Unknown,Dark,07 - Dark,Municipal (excl. Twp. Rd.),No control,unknown,0,0,0,False,False,False,Clear,,True,Road 1: MONTCALM DR; Road 2: 12 QUEENSTON DR; Vehicle #1     Make:      Model:      Colour:      Style: ; Vehicle #2     Make: HOND     Model: FIT     Colour: GRY     Style: 4B,5/13/2021 11:32:57 AM,,
50518,20118669,1591552800000,2020,6,7,18,0,0,Sunday,539614.63665,4805878.30004,-80.510761,43.404748,Non intersection,2,Non-reportable,Thru lane,unknown,unknown,Other,Unknown,Daylight,01 - Daylight,Municipal (excl. Twp. Rd.),No control,unknown,0,0,0,False,False,False,Clear,,True,Road 1: 72 MAX BECKER DR; Vehicle #1     Make: MAZD     Model: 3SP     Colour: SIL     Style: 4D; Vehicle #2     Make: GMC     Model: CAN     Colour: WHI     Style: PK,5/13/2021 11:26:47 AM,,
50519,20119227,1591620120000,2020,6,8,12,42,0,Monday,540772.0177,4811213.80816,-80.49607,43.452728,At intersection,1,Non-fatal injury,Within intersection,unknown,unknown,Angle,Unknown,Daylight,01 - Daylight,Municipal (excl. Twp. Rd.),Stop sign,Functioning,0,0,0,False,False,True,Clear,,False,Road 1: FRANCIS ST N (50 km/h); Road 2: BELL LANE (15 km/h); Vehicle #1     Make:      Model:      Colour:      Style: L4G; Vehicle #2     Make: PETE     Model:      Colour:      Style: ION,5/13/2021 11:30:20 AM,,
50520,20119961,1590874200000,2020,5,30,21,30,0,Saturday,545765.10069,4809298.44034,-80.43451999999999,43.435193,Non intersection,2,Non-reportable,Thru lane,unknown,unknown,SMV unattended vehicle,Unknown,Dark,07 - Dark,Municipal (excl. Twp. Rd.),No control,unknown,0,0,0,False,False,False,Clear,,True,Road 1: RUTHERFORD DR; Road 2: KINZIE AVE; Vehicle #1     Make:      Model:      Colour:      Style: ; Vehicle #2     Make: VOLK     Model: CJS     Colour: SIL     Style: 4D,5/13/2021 11:34:51 AM,,
50521,20120004,1590156000000,2020,5,22,14,0,0,Friday,536708.30806,4808501.85568,-80.546477,43.428519,Non intersection,2,Non-reportable,Thru lane,unknown,unknown,SMV unattended vehicle,Unknown,Daylight,01 - Daylight,Municipal (excl. Twp. Rd.),No control,unknown,0,0,0,False,False,False,Clear,,True,Road 1: 11 DAWN RIDGE DR; Vehicle #1     Make:      Model:      Colour:      Style: ; Vehicle #2     Make: NISS     Model: ROS     Colour: SIL     Style: 4W,5/13/2021 11:30:59 AM,,
50522,20120017,1590650100000,2020,5,28,7,15,0,Thursday,544399.67499,4808627.06529,-80.45144499999999,43.42923,Non intersection,2,Non-reportable,Thru lane,unknown,unknown,SMV unattended vehicle,Unknown,Daylight,01 - Daylight,Regional municipality,No control,unknown,0,0,0,False,False,False,Clear,,True,Road 1: 177 FRANKLIN ST S; Vehicle #1     Make: TOYT     Model: CH4     Colour: GRY     Style: 4D; Vehicle #2     Make: HOND     Model: UAX     Colour: GRY     Style: 2D,5/13/2021 11:39:13 AM,,
50523,20120018,1590843600000,2020,5,30,13,0,0,Saturday,540813.18728,4807421.73208,-80.49584399999999,43.418580999999996,At intersection,2,P.D. only,Within intersection,unknown,unknown,Angle,Unknown,Daylight,01 - Daylight,Municipal (excl. Twp. Rd.),unknown,Functioning,0,0,0,False,False,False,Clear,,True,Road 1: LAURENTIAN DR; Road 2: HOWLAND DR; Vehicle #1     Make: MAZD     Model: M3I     Colour: SIL     Style: 4D; Vehicle #2     Make: MITS     Model: RVR     Colour: BLU     Style: TY,5/13/2021 11:26:02 AM,,
50524,20120037,1591708200000,2020,6,9,13,10,0,Tuesday,545617.34476,4812291.85699,-80.436095,43.462154999999996,At/near private drive,1,Non-fatal injury,Not on roadway - right side,unknown,unknown,SMV other,Unknown,Daylight,01 - Daylight,Municipal (excl. Twp. Rd.),No control,unknown,0,0,0,False,False,False,Clear,,False,Road 1: WESTCHESTER DR (50 km/h); Road 2: DERBY LANE; Distance: 500.0 M N; Vehicle #1     Make: TOYT     Model: XLL     Colour: GRY     Style: 4D,5/13/2021 11:34:56 AM,,
50525,20120537,1591771500000,2020,6,10,6,45,0,Wednesday,543202.96803,4804494.15672,-80.466556,43.392087,Intersection related,2,P.D. only,Within intersection,unknown,unknown,Sideswipe,Unknown,Daylight,01 - Daylight,Regional municipality,Stop sign,Functioning,0,0,0,False,False,False,Snow,,True,Road 1: HURON RD; Road 2: STRASBURG RD; Vehicle #1     Make: FORD     Model: EDG     Colour: GRN     Style: TY; Vehicle #2     Make: TOYT     Model: RV4     Colour: GRY     Style: TY,5/13/2021 11:38:15 AM,,
50526,20120575,1591777920000,2020,6,10,8,32,0,Wednesday,541230.57937,4810949.10554,-80.490422,43.450319,Intersection related,2,P.D. only,Within intersection,unknown,unknown,Rear end,Unknown,Daylight,01 - Daylight,Regional municipality,Traffic signal,Functioning,0,0,0,False,False,False,Clear,,False,Road 1: ONTARIO ST N (50 km/h); Road 2: KING ST W (50 km/h); Vehicle #1     Make: TOYT     Model: UCS     Colour: GRY     Style: 4D; Vehicle #2     Make: TOYT     Model: UXS     Colour: BRN     Style: 4D,5/13/2021 11:40:17 AM,,
50527,20120868,1591801200000,2020,6,10,15,0,0,Wednesday,545252.32318,4805065.09482,-80.441206,43.397107,Non intersection,2,Non-reportable,Thru lane,unknown,unknown,SMV unattended vehicle,Unknown,Daylight,01 - Daylight,Municipal (excl. Twp. Rd.),No control,unknown,0,0,0,False,False,False,Clear,,True,Road 1: 10 LOWER CANADA CRESCENT; Vehicle #1     Make:      Model:      Colour:      Style: ; Vehicle #2     Make: MERZ     Model: CWC     Colour: WHI     Style: 4D,5/13/2021 11:27:08 AM,,
50528,20121594,1591772400000,2020,6,10,7,0,0,Wednesday,543547.66219,4809153.58046,-80.461929,43.434021,Non intersection,2,Non-reportable,Thru lane,unknown,unknown,SMV unattended vehicle,Unknown,Daylight,01 - Daylight,Municipal (excl. Twp. Rd.),No control,unknown,0,0,0,False,False,False,Clear,,True,Road 1: 60 CORNELL AVE; Vehicle #1     Make: NISS     Model: PFI     Colour: WHI     Style: TY; Vehicle #2     Make: GMC     Model: SIE     Colour: GRY     Style: PK,5/13/2021 11:35:07 AM,,
50529,20121727,1591885800000,2020,6,11,14,30,0,Thursday,544825.59623,4808431.24676,-80.446199,43.427442,Non intersection,2,Non-reportable,Thru lane,unknown,unknown,SMV unattended vehicle,Unknown,Daylight,01 - Daylight,Municipal (excl. Twp. Rd.),No control,unknown,0,0,0,False,False,False,Clear,,True,Road 1: 32 MUNROE ST; Vehicle #1     Make:      Model:      Colour:      Style: ; Vehicle #2     Make: TOYT     Model: HIG     Colour: RED     Style: TY,5/13/2021 11:35:09 AM,,
50530,20122081,1591624800000,2020,6,8,14,0,0,Monday,541645.83837,4807560.20331,-80.48554899999999,43.419782,Non intersection,2,Non-reportable,Thru lane,unknown,unknown,SMV unattended vehicle,Unknown,Daylight,01 - Daylight,Municipal (excl. Twp. Rd.),No control,unknown,0,0,0,False,False,False,Clear,,True,Road 1: 61 BARWOOD CRESCENT; Vehicle #1     Make: FORD     Model: TLA     Colour: SIL     Style: 4D; Vehicle #2     Make: HYUN     Model: SAN     Colour: GRY     Style: TY,5/13/2021 11:26:57 AM,,
50531,20122088,1591362000000,2020,6,5,13,0,0,Friday,542312.83937,4810287.84462,-80.477098,43.444305,At intersection,2,P.D. only,Thru lane,unknown,unknown,Rear end,Unknown,Daylight,01 - Daylight,Regional municipality,Traffic signal,Functioning,0,0,0,False,False,False,Clear,,True,Road 1: KING ST E; Road 2: STIRLING AVE N; Vehicle #1     Make: HOND     Model: ELE     Colour: BLK     Style: TY; Vehicle #2     Make: NISS     Model: SML     Colour: BLK     Style: 4D,5/13/2021 11:40:07 AM,,
50532,20122178,1591958700000,2020,6,12,10,45,0,Friday,542841.98951,4809873.28166,-80.470592,43.440542,Intersection related,2,P.D. only,Within intersection,unknown,unknown,Angle,Unknown,Daylight,01 - Daylight,Regional municipality,Stop sign,Functioning,0,0,0,False,False,False,Clear,,True,Road 1: CHARLES ST E; Road 2: SYDNEY ST S; Vehicle #1     Make: MERZ     Model: CSP     Colour: WHI     Style: FV; Vehicle #2     Make:      Model:      Colour:      Style:,5/13/2021 11:38:21 AM,,
50533,20122209,1591950600000,2020,6,12,8,30,0,Friday,541785.97786,4810602.08185,-80.48358499999999,43.447164,Non intersection,1,Non-fatal injury,Thru lane,unknown,unknown,SMV other,Unknown,Daylight,01 - Daylight,Regional municipality,No control,unknown,1,0,0,True,False,False,Clear,,False,Road 1: 8 CEDAR ST S (50 km/h); Road 2: CEDAR ST S; Distance: 1.0 M E; Vehicle #1     Make:      Model:      Colour:      Style: SUV,5/13/2021 11:40:35 AM,,
50534,20122252,1591969500000,2020,6,12,13,45,0,Friday,545079.05049,4813534.26867,-80.442646,43.473374,Intersection related,2,P.D. only,Thru lane,unknown,unknown,Turning movement,Unknown,Daylight,01 - Daylight,Municipal (excl. Twp. Rd.),Stop sign,unknown,0,0,0,False,False,False,Clear,,True,Road 1: BINGEMANS CENTRE DR; Road 2: SHIRLEY DR; Vehicle #1     Make: TOYT     Model: URS     Colour: BLK     Style: 4D; Vehicle #2     Make: FORD     Model: COF     Colour: BLK     Style: PK,5/13/2021 11:32:09 AM,,
50535,20123733,1592137800000,2020,6,14,12,30,0,Sunday,539785.09202,4809133.45685,-80.50841899999999,43.434048999999995,Intersection related,2,Non-reportable,Thru lane,unknown,unknown,Sideswipe,Unknown,Daylight,01 - Daylight,Municipal (excl. Twp. Rd.),Stop sign,unknown,0,0,0,False,False,False,Clear,,True,Road 1: HAHN PL; Road 2: QUEENS BLVD; Vehicle #1     Make: ACUR     Model: TXT     Colour: WHI     Style: 4D; Vehicle #2     Make: BICY     Model: EBIK     Colour: MLT     Style:,5/13/2021 11:32:24 AM,,
50536,20123765,1592132400000,2020,6,14,11,0,0,Sunday,546335.22093,4804393.62237,-80.427891,43.390995,At/near private drive,2,P.D. only,Thru lane,unknown,unknown,SMV unattended vehicle,Unknown,Daylight,01 - Daylight,Municipal (excl. Twp. Rd.),No control,unknown,0,0,0,False,False,False,Clear,,True,Road 1: 200 OLD CARRIAGE DR; Vehicle #1     Make:      Model:      Colour:      Style: ; Vehicle #2     Make: FORD     Model: FS     Colour: RED     Style: 4D,5/13/2021 11:29:24 AM,,
50537,20125046,1592218560000,2020,6,15,10,56,0,Monday,541807.59962,4803697.16698,-80.483846,43.384989999999995,Non intersection,2,Non-reportable,Thru lane,unknown,unknown,Other,Unknown,Daylight,01 - Daylight,Regional municipality,No control,unknown,0,0,0,False,False,False,Clear,,True,Road 1: 50 WOODBINE AVE; Vehicle #1     Make:      Model:      Colour:      Style: ; Vehicle #2     Make: FRHT     Model: CON     Colour: WHI     Style: CT; Vehicle #3     Make:      Model:      Colour:      Style:,5/13/2021 11:37:18 AM,,
50538,20125067,1591258500000,2020,6,4,8,15,0,Thursday,537005.46442,4807580.85705,-80.542868,43.420212,At/near private drive,2,P.D. only,Thru lane,unknown,unknown,Other,Unknown,Daylight,01 - Daylight,Municipal (excl. Twp. Rd.),No control,unknown,0,0,0,False,False,False,Clear,,True,Road 1: BROKEN OAK CRESCENT (IFO 143); Vehicle #1     Make:      Model:      Colour:      Style: ; Vehicle #2     Make: TOYT     Model: CBS     Colour: BLK     Style: 4D,5/13/2021 11:33:36 AM,,