OBJECTID,ACCIDENTNUM,ACCIDENTDATE,ACCIDENT_YEAR,ACCIDENT_MONTH,ACCIDENT_DAY,ACCIDENT_HOUR,ACCIDENT_MINUTE,ACCIDENT_SECOND,ACCIDENT_WEEKDAY,XCOORD,YCOORD,LONGITUDE,LATITUDE,ACCIDENTLOCATION,COLLISIONTYPE,CLASSIFICATIONOFACCIDENT,IMPACTLOCATION,INITIALDIRECTIONOFTRAVELONE,INITIALDIRECTIONOFTRAVELTWO,INITIALIMPACTTYPE,INTTRAFFICCONTROL,LIGHT,LIGHTFORREPORT,ROADJURISDICTION,TRAFFICCONTROL,TRAFFICCONTROLCONDITION,THRULANENO,NORTHBOUNDDISOBEYCOUNT,SOUTHBOUNDDISOBEYCOUNT,PEDESTRIANINVOLVED,CYCLISTINVOLVED,MOTORCYCLISTINVOLVED,ENVIRONMENTCONDITION1,ENVIRONMENTCONDITION2,SELFREPORTED,XMLIMPORTNOTES,LASTEDITEDDATE,CREATE_BY,CREATE_DATE
50539,20125071,1591107300000,2020,6,2,14,15,0,Tuesday,543948.02559,4809413.48488,-80.45696099999999,43.436338,Non intersection,2,Non-reportable,Thru lane,unknown,unknown,Other,Unknown,Daylight,01 - Daylight,Regional municipality,No control,unknown,0,0,0,False,False,False,Clear,,True,Road 1: ON-8 RAMP ACCESS; Road 2: KING ST E; Vehicle #1     Make: INFI     Model: GAW     Colour: WHI     Style: 2D; Vehicle #2     Make:      Model:      Colour:      Style:,5/13/2021 11:40:40 AM,,
50540,20125436,1592334900000,2020,6,16,19,15,0,Tuesday,546183.36079,4802616.44477,-80.42991599999999,43.375003,Non intersection,2,Non-reportable,Thru lane,unknown,unknown,Sideswipe,Unknown,Daylight,01 - Daylight,Municipal (excl. Twp. Rd.),No control,unknown,0,0,0,False,False,False,Clear,,True,Road 1: 461 THOMAS SLEE DR; Vehicle #1     Make: HOND     Model: CDL     Colour: BLU     Style: 4D; Vehicle #2     Make:      Model:      Colour:      Style:,5/13/2021 11:30:51 AM,,
50541,20125871,1592399100000,2020,6,17,13,5,0,Wednesday,544525.62388,4807806.07305,-80.449956,43.421831,Non intersection,2,Non-reportable,Thru lane,unknown,unknown,Sideswipe,Unknown,Daylight,01 - Daylight,Municipal (excl. Twp. Rd.),No control,unknown,0,0,0,False,False,False,Clear,,True,Road 1: 238 TRAINER AVE; Vehicle #1     Make: KIA     Model: SPO     Colour: SIL     Style: TY; Vehicle #2     Make:      Model:      Colour:      Style:,5/13/2021 11:34:48 AM,,
50542,20126037,1592414040000,2020,6,17,17,14,0,Wednesday,540917.96208,4808521.65373,-80.494468,43.428478999999996,At/near private drive,2,P.D. only,Not on roadway - right side,unknown,unknown,SMV other,Unknown,Daylight,01 - Daylight,Municipal (excl. Twp. Rd.),No control,unknown,0,0,0,False,False,False,Clear,,False,Road 1: 34 SOUTHMOOR DR (50 km/h); Road 2: SOUTHMOOR DR; Distance: 1.0 M N; Vehicle #1     Make: NISS     Model: ABS     Colour:      Style: 4D,5/13/2021 11:34:57 AM,,
50543,20126844,1592501400000,2020,6,18,17,30,0,Thursday,542406.33505,4806620.34597,-80.476227,43.411277,At intersection,1,Non-fatal injury,Within intersection,unknown,unknown,Angle,Unknown,Daylight,01 - Daylight,Municipal (excl. Twp. Rd.),unknown,Functioning,0,0,0,False,False,False,Clear,,False,Road 1: STRASBURG RD (50 km/h); Road 2: OLD COUNTRY DR (50 km/h); Vehicle #1     Make: HYUN     Model: TUC     Colour: BLU     Style: TY; Vehicle #2     Make: NISS     Model: PFI     Colour: BLK     Style: TY,5/13/2021 11:30:22 AM,,
50544,20127382,1592570100000,2020,6,19,12,35,0,Friday,541141.56752,4806766.49266,-80.49183699999999,43.412664,At intersection,2,P.D. only,Within intersection,unknown,unknown,Turning movement,Unknown,Daylight,01 - Daylight,Municipal (excl. Twp. Rd.),unknown,Functioning,0,0,0,False,False,False,Clear,,False,Road 1: LAURENTIAN DR (50 km/h); Road 2: BLOCK LINE RD (50 km/h); Vehicle #1     Make: TOYT     Model: TUN     Colour: WHI     Style: PK; Vehicle #2     Make: HOND     Model: CIV     Colour: SIL     Style: 4D,5/13/2021 11:34:03 AM,,
50545,20127666,1592593800000,2020,6,19,19,10,0,Friday,542868.67617,4810784.74647,-80.47019,43.448747,At intersection,2,P.D. only,Within intersection,unknown,unknown,Angle,Unknown,Daylight,01 - Daylight,Municipal (excl. Twp. Rd.),Stop sign,unknown,0,0,0,False,False,False,Clear,,True,Road 1: STIRLING AVE N; Road 2: EAST AVE; Vehicle #1     Make: HOND     Model: UCD     Colour: SIL     Style: 4D; Vehicle #2     Make:      Model:      Colour:      Style:,5/13/2021 11:32:16 AM,,
50546,20127972,1592632860000,2020,6,20,6,1,0,Saturday,541580.57561,4809057.92242,-80.48624099999999,43.433271999999995,Non intersection,2,P.D. only,Thru lane,unknown,unknown,SMV unattended vehicle,Unknown,Daylight,01 - Daylight,Municipal (excl. Twp. Rd.),No control,unknown,1,0,0,False,False,False,Clear,,False,Road 1: 50 KEHL ST (50 km/h); Road 2: KEHL ST; Distance: 1.0 M S; Vehicle #1     Make: HYUN     Model: K1G     Colour: RED     Style: TY; Vehicle #2     Make: FORD     Model: FMS     Colour: GRY     Style: 4D,5/13/2021 11:30:54 AM,,
50547,20128479,1592687160000,2020,6,20,21,6,0,Saturday,548146.00258,4811176.3901,-80.40493599999999,43.451952999999996,Non intersection,2,P.D. only,Thru lane,unknown,unknown,SMV unattended vehicle,Unknown,Dusk,05 - Dusk,unknown,No control,unknown,1,0,0,False,False,False,Clear,,False,Road 1: 50 WATERVALE DRIVE (50 km/h); Road 2: WATERVALE DRIVE; Distance: 0.0 M N; Vehicle #1     Make: HOND     Model: UCL     Colour: SIL     Style: 4D; Vehicle #2     Make: TOYT     Model: CBL     Colour: GRY     Style: 4D,5/13/2021 11:25:10 AM,,
50548,20128741,1592733600000,2020,6,21,10,0,0,Sunday,545007.69639,4808920.66204,-80.44390899999999,43.431838,Intersection related,2,P.D. only,Thru lane,unknown,unknown,Angle,Unknown,Daylight,01 - Daylight,Municipal (excl. Twp. Rd.),Stop sign,unknown,0,0,0,False,False,False,Clear,,True,Road 1: KINGSWAY DR; Road 2: ST JEROME AVE; Vehicle #1     Make: HOND     Model: AXL     Colour: BLK     Style: 2D; Vehicle #2     Make: DODG     Model: CTX     Colour: ONG     Style: 2D,5/13/2021 11:32:20 AM,,
50549,20130375,1592923500000,2020,6,23,14,45,0,Tuesday,544762.16521,4811448.1561,-80.44673499999999,43.454609999999995,Intersection related,2,Non-reportable,Thru lane,unknown,unknown,Rear end,Unknown,Daylight,01 - Daylight,Regional municipality,Traffic signal,Functioning,0,0,0,False,False,False,Clear,,True,Road 1: RIVER RD E; Road 2: HICKSON DR; Vehicle #1     Make: MITS     Model: RVR     Colour: BLK     Style: TY; Vehicle #2     Make: TOYT     Model: CTR     Colour: GRY     Style: 4B,5/13/2021 11:36:40 AM,,
50550,20130917,1592995260000,2020,6,24,10,41,0,Wednesday,544625.23167,4807878.789,-80.448719,43.422478999999996,Non intersection,2,P.D. only,Thru lane,unknown,unknown,Sideswipe,Unknown,Daylight,01 - Daylight,Municipal (excl. Twp. Rd.),No control,unknown,1,0,0,False,False,False,Clear,,False,Road 1: TRAYNOR AVE (50 km/h); Road 2: WILSON AVE; Distance: 200.0 K S; Vehicle #1     Make:      Model:      Colour:      Style: ; Vehicle #2     Make: HOND     Model: UAX     Colour: WHI     Style: 2D,5/13/2021 11:34:46 AM,,
50551,20131478,1593050400000,2020,6,25,2,0,0,Thursday,541965.36997,4815539.99025,-80.480987,43.491614999999996,Non intersection,2,Non-reportable,Thru lane,unknown,unknown,SMV other,Unknown,Dark,07 - Dark,Municipal (excl. Twp. Rd.),No control,unknown,0,0,0,False,False,False,Clear,,True,Road 1: WOOLWICH ST; Vehicle #1     Make: NISS     Model: MUR     Colour: BLK     Style: TY,5/13/2021 11:28:59 AM,,
50552,20131629,1591965000000,2020,6,12,12,30,0,Friday,542843.79329,4809873.69312,-80.470569,43.440546,At intersection,2,P.D. only,Thru lane,unknown,unknown,Angle,Unknown,Daylight,01 - Daylight,Municipal (excl. Twp. Rd.),Stop sign,Functioning,0,0,0,False,False,False,Clear,,True,Road 1: SYDNEY ST S; Road 2: CHARLES ST E; Vehicle #1     Make: CHRY     Model: 2TR     Colour: BLU     Style: 4D; Vehicle #2     Make:      Model:      Colour:      Style:,5/13/2021 11:29:54 AM,,
50553,20132116,1593110100000,2020,6,25,18,35,0,Thursday,541232.57628,4810950.71749,-80.490397,43.450334,At intersection,1,Non-fatal injury,Within intersection,unknown,unknown,SMV other,Unknown,Daylight,01 - Daylight,Regional municipality,Traffic signal,Functioning,0,0,0,True,False,False,Clear,,False,Road 1: KING ST W (50 km/h); Road 2: ONTARIO ST N (50 km/h); Vehicle #1     Make: FORD     Model: EDG     Colour: BLK     Style: TY,5/13/2021 11:38:01 AM,,
50554,20132411,1593151500000,2020,6,26,6,5,0,Friday,539112.1435,4811656.25658,-80.516553,43.4568,Intersection related,2,P.D. only,Within intersection,unknown,unknown,Angle,Unknown,Daylight,01 - Daylight,Municipal (excl. Twp. Rd.),Traffic signal,Functioning,0,0,0,False,False,False,Clear,,True,Road 1: PARK ST; Road 2: UNION BLVD; Vehicle #1     Make: TOYT     Model: UVS     Colour: BRN     Style: 4D; Vehicle #2     Make: TOYT     Model: YAR     Colour: GRN     Style: 4D,5/13/2021 11:30:41 AM,,
50555,20133321,1593248820000,2020,6,27,9,7,0,Saturday,541336.38778,4810894.64533,-80.489119,43.449822999999995,At intersection,1,Non-fatal injury,Within intersection,unknown,unknown,Angle,Traffic signal,Daylight,01 - Daylight,Regional municipality,Traffic signal,Functioning,0,0,0,False,True,False,Clear,,False,Road 1: QUEEN ST S (50 km/h); Road 2: KING ST E (50 km/h); Vehicle #1     Make: BICY     Model: BICY     Colour:      Style: ; Vehicle #2     Make: HOND     Model: CCL     Colour: GRY     Style: 4D,5/13/2021 11:37:40 AM,,
50556,20134092,1593329160000,2020,6,28,7,26,0,Sunday,541455.54184,4808825.55969,-80.487803,43.431186,Non intersection,2,P.D. only,Left shoulder,unknown,unknown,SMV other,Unknown,Daylight,01 - Daylight,Regional municipality,No control,unknown,0,0,0,False,False,False,Clear,,False,Road 1: 468 HIGHLAND RD E (50 km/h); Road 2: HIGHLAND RD E; Distance: 10.0 M S; Charged Driver #1 on page 1: HTA 32SUBSEC (NA) (NA); Vehicle #1     Make: FORD     Model: SPE     Colour: BLK     Style: TY,8/16/2022 2:59:19 PM,,
50557,20135316,1593453600000,2020,6,29,18,0,0,Monday,541252.63221,4811808.58666,-80.490085,43.458057,Non intersection,2,P.D. only,Thru lane,unknown,unknown,SMV unattended vehicle,Unknown,Daylight,01 - Daylight,Municipal (excl. Twp. Rd.),No control,unknown,0,0,0,False,False,False,Clear,,True,Road 1: MARGARET AVE; Road 2: BREITHAUPT ST; Vehicle #1     Make:      Model:      Colour:      Style: ; Vehicle #2     Make: HOND     Model: CIV     Colour: GRY     Style: 4D,5/13/2021 11:28:31 AM,,
50558,20135484,1593476880000,2020,6,30,0,28,0,Tuesday,538849.35754,4808110.67359,-80.52005299999999,43.424889,At/near private drive,2,P.D. only,Not on roadway - right side,unknown,unknown,SMV other,Unknown,"Dark, artificial","08 - Dark, artificial",Municipal (excl. Twp. Rd.),No control,unknown,0,0,0,False,False,False,Clear,,False,Road 1: 580 FOREST HILL DR (50 km/h); Road 2: FOREST HILL DR; Distance: 3.0 K S; Vehicle #1     Make: DODG     Model: DAS     Colour: BLK     Style: 4D,5/13/2021 11:31:35 AM,,
50559,20136775,1593611100000,2020,7,1,13,45,0,Wednesday,542243.07773,4811856.92855,-80.477839,43.458436999999996,At/near private drive,2,Non-reportable,Thru lane,unknown,unknown,SMV unattended vehicle,Unknown,Daylight,01 - Daylight,Municipal (excl. Twp. Rd.),No control,unknown,0,0,0,False,False,False,Clear,,True,Road 1: 52 FILBERT ST; Vehicle #1     Make: RAM     Model: RPR     Colour: GRY     Style: FV; Vehicle #2     Make: HYUN     Model: SAN     Colour: WHI     Style: TY,5/13/2021 11:28:27 AM,,
50560,20136840,1593618420000,2020,7,1,15,47,0,Wednesday,542159.85497,4809172.83839,-80.479075,43.434273999999995,Non intersection,2,P.D. only,Not on roadway - right side,unknown,unknown,SMV other,Unknown,Daylight,01 - Daylight,Regional municipality,No control,unknown,0,0,0,False,False,False,Clear,,False,Road 1: MILL ST (50 km/h); Road 2: OTTAWA ST S; Distance: 40.0 M W; Vehicle #1     Make: NISS     Model: MUR     Colour: WHI     Style: TY,5/13/2021 11:39:16 AM,,
50561,20136931,1593625080000,2020,7,1,17,38,0,Wednesday,541485.19551,4808767.08343,-80.48744099999999,43.430658,Non intersection,2,P.D. only,Thru lane,unknown,unknown,Approaching,Unknown,Daylight,01 - Daylight,Regional municipality,No control,unknown,1,0,0,False,False,False,Clear,,False,Road 1: HIGHLAND RD E (50 km/h); Road 2: HOFFMAN ST; Distance: 25.0 M W; Vehicle #1     Make: INFI     Model: Q7H     Colour: BLK     Style: 4D; Vehicle #2     Make: VOLK     Model: GLF     Colour: GRN     Style: 4B,5/13/2021 11:39:08 AM,,
50562,20137620,1593696300000,2020,7,2,13,25,0,Thursday,544755.41339,4808022.692,-80.447099,43.423767,Intersection related,2,Non-reportable,Thru lane,unknown,unknown,Angle,Unknown,Daylight,01 - Daylight,Regional municipality,Traffic signal,Functioning,0,0,0,False,False,False,Clear,,True,Road 1: WILSON; Road 2: TRAYNOR; Vehicle #1     Make: NISS     Model: SML     Colour: WHI     Style: 4D; Vehicle #2     Make:      Model:      Colour:      Style:,5/13/2021 11:40:01 AM,,
50563,20138181,1593761400000,2020,7,3,7,30,0,Friday,542297.85099,4807382.59022,-80.477508,43.418147,At/near private drive,2,Non-reportable,Thru lane,unknown,unknown,SMV unattended vehicle,Unknown,Daylight,01 - Daylight,Municipal (excl. Twp. Rd.),No control,unknown,0,0,0,False,False,False,Clear,,True,Road 1: 23 GENEVA CRESCENT; Vehicle #1     Make:      Model:      Colour:      Style: ; Vehicle #2     Make: CHEV     Model: EQU     Colour: BLK     Style: TY,5/13/2021 11:32:34 AM,,
50564,20138207,1593764400000,2020,7,3,8,20,0,Friday,541309.95766,4808664.8605,-80.489614,43.429747,Non intersection,2,P.D. only,Thru lane,unknown,unknown,Sideswipe,Unknown,Daylight,01 - Daylight,Regional municipality,No control,unknown,0,0,0,False,False,False,Clear,,True,Road 1: HOMER WATSON BLVD; Road 2: HOFFMAN ST; Vehicle #1     Make: HOND     Model: CVL     Colour: BLK     Style: 4D; Vehicle #2     Make: TOYT     Model: CBA     Colour: WHI     Style: 4D,5/13/2021 11:39:30 AM,,
50565,20138855,1593813540000,2020,7,3,21,59,0,Friday,542501.64431,4810173.71545,-80.474774,43.443267,Intersection related,1,Non-fatal injury,Thru lane,unknown,unknown,Rear end,Unknown,Dark,07 - Dark,Regional municipality,Stop sign,unknown,1,0,0,False,False,False,Clear,,False,Road 1: KING ST E (50 km/h); Road 2: DANE ST (50 km/h); Vehicle #1     Make: HYUN     Model: C2G     Colour: WHI     Style: 4B; Vehicle #2     Make: HOND     Model: UCL     Colour: GRY     Style: 4D,5/13/2021 11:40:12 AM,,
50566,20139079,1593841920000,2020,7,4,5,52,0,Saturday,539368.6155,4809846.85256,-80.513513,43.440495,Non intersection,2,P.D. only,Thru lane,unknown,unknown,SMV unattended vehicle,Unknown,Dawn,03 - Dawn,Regional municipality,No control,unknown,1,0,0,False,False,False,Clear,,False,Road 1: PAULANDER DR (50 km/h); Road 2: LAWRENCE AVE; Distance: 51.0 K W; Vehicle #1     Make:      Model:      Colour:      Style: ; Vehicle #2     Make: HOND     Model: UCL     Colour: WHI     Style: 4D,5/13/2021 11:39:28 AM,,
50567,20139353,1593874560000,2020,7,4,14,56,0,Saturday,545383.92817,4807796.13409,-80.439354,43.42169,At/near private drive,2,P.D. only,Thru lane,unknown,unknown,Angle,Unknown,Daylight,01 - Daylight,Regional municipality,No control,unknown,0,0,0,False,False,False,Clear,,True,Road 1: 2960 KINGSWAY DR (FAIRWAY RD); Vehicle #1     Make: TOYT     Model: RV4     Colour: BLU     Style: TY; Vehicle #2     Make: TOYT     Model: RV4     Colour: GRY     Style: 4W,5/13/2021 11:39:43 AM,,
50568,20141162,1594070640000,2020,7,6,21,24,0,Monday,544883.12207,4804851.20557,-80.445782,43.395204,At intersection,2,P.D. only,Left turn lane,unknown,unknown,Angle,Unknown,Dark,07 - Dark,Municipal (excl. Twp. Rd.),Traffic signal,Functioning,0,0,0,False,False,False,Clear,,False,Road 1: DOON VILLAGE RD (50 km/h); Road 2: PIONEER DR (50 km/h); Vehicle #1     Make:      Model:      Colour:      Style: ; Vehicle #2     Make: HYUN     Model: ESM     Colour: BLU     Style: 4D,5/13/2021 11:30:29 AM,,
50569,20141621,1594129380000,2020,7,7,13,43,0,Tuesday,539232.34636,4811447.03866,-80.51508199999999,43.45491,Intersection related,2,P.D. only,Within intersection,unknown,unknown,Angle,Unknown,Daylight,01 - Daylight,Municipal (excl. Twp. Rd.),Stop sign,Functioning,0,0,0,False,False,False,Clear,,False,Road 1: YORK ST (50 km/h); Road 2: MT HOPE ST (50 km/h); Vehicle #1     Make: MAZD     Model: M3I     Colour: BLU     Style: 4D; Vehicle #2     Make: DODG     Model: RPC     Colour: RED     Style: PK,5/13/2021 11:30:34 AM,,
50570,20141824,1594130400000,2020,7,7,14,0,0,Tuesday,546209.17006,4804775.36385,-80.42941499999999,43.394439999999996,At/near private drive,2,Non-reportable,Thru lane,unknown,unknown,SMV unattended vehicle,Unknown,Daylight,01 - Daylight,Municipal (excl. Twp. Rd.),No control,unknown,0,0,0,False,False,False,Clear,,True,Road 1: ARROWHEAD CRES (IN FRONT OF THE HOUSE 50); Vehicle #1     Make: TOYT     Model: CUB     Colour: BLK     Style: 4D; Vehicle #2     Make: DODG     Model: CAR     Colour: BLK     Style: VN,5/13/2021 11:33:38 AM,,
50571,20142424,1591543800000,2020,6,7,15,30,0,Sunday,548038.25301,4806103.6845,-80.406714,43.406285,At/near private drive,2,P.D. only,Thru lane,unknown,unknown,SMV unattended vehicle,Unknown,Daylight,01 - Daylight,Municipal (excl. Twp. Rd.),No control,unknown,0,0,0,False,False,False,Clear,,True,Road 1: 226 PIONEER TOWER RD; Vehicle #1     Make: HYUN     Model: SAN     Colour: RED     Style: TY; Vehicle #2     Make: FORD     Model: SPE     Colour: BLK     Style: TY,5/13/2021 11:33:21 AM,,
50572,20142732,1594243440000,2020,7,8,21,24,0,Wednesday,542960.69121,4814715.62392,-80.468743,43.484136,Intersection related,2,P.D. only,Within intersection,unknown,unknown,Angle,Unknown,"Dark, artificial","08 - Dark, artificial",Municipal (excl. Twp. Rd.),Stop sign,Functioning,0,0,0,False,False,False,Clear,,False,Road 1: BLOOMINGDALE RD N (60 km/h); Road 2: NELSON AVE (50 km/h); Vehicle #1     Make: TOYT     Model: RV4     Colour: GRN     Style: TY; Vehicle #2     Make: HYUN     Model: SPL     Colour: GRY     Style: 4D,5/13/2021 11:29:56 AM,,
50573,20144004,1594391400000,2020,7,10,14,30,0,Friday,541817.83259,4812678.2232,-80.483032,43.465855999999995,Non intersection,2,P.D. only,Thru lane,unknown,unknown,Approaching,Unknown,Daylight,01 - Daylight,Regional municipality,No control,unknown,1,0,0,False,False,False,Clear,,False,Road 1: GUELPH ST (50 km/h); Road 2: LANCASTER ST W; Distance: 100.0 K E; Vehicle #1     Make: GMC     Model: SIE     Colour: GRY     Style: PK; Vehicle #2     Make: DODG     Model: RPC     Colour: WHI     Style: PK,5/13/2021 11:39:47 AM,,
50574,20144779,1594483440000,2020,7,11,16,4,0,Saturday,544115.438,4811895.67014,-80.454692,43.458678,At intersection,1,Non-fatal injury,Within intersection,unknown,unknown,Angle,Unknown,Daylight,01 - Daylight,Regional municipality,unknown,Functioning,0,0,0,False,False,False,Clear,,False,Road 1: RIVER RD E (50 km/h); Road 2: MANCHESTER RD (50 km/h); Vehicle #1     Make: TOYT     Model: CHB     Colour: RED     Style: 4D; Vehicle #2     Make: FIAT     Model: 5SP     Colour: BLU     Style: 2B,5/13/2021 11:38:36 AM,,
50575,20145783,1594594200000,2020,7,12,22,50,0,Sunday,539078.924,4811111.1529,-80.517003,43.451893999999996,Intersection related,2,P.D. only,Thru lane,unknown,unknown,Rear end,Unknown,"Dark, artificial","08 - Dark, artificial",Municipal (excl. Twp. Rd.),Traffic signal,Functioning,1,0,0,False,False,False,Clear,,False,Road 1: GLASGOW ST (50 km/h); Road 2: BELMONT AVE W; Distance: 5.0 K E; Vehicle #1     Make:      Model: -     Colour:      Style: ; Vehicle #2     Make: BUIC     Model: AXL     Colour: BLK     Style: 4D,5/13/2021 11:32:27 AM,,
50576,20146304,1594648800000,2020,7,13,14,0,0,Monday,543230.91245,4810051.42043,-80.465772,43.442124,Non intersection,2,Non-reportable,Thru lane,unknown,unknown,SMV unattended vehicle,Unknown,Daylight,01 - Daylight,Regional municipality,No control,unknown,0,0,0,False,False,False,Clear,,True,Road 1: SHELDON AVE N; Road 2: WEBER ST E; Vehicle #1     Make:      Model:      Colour:      Style: ; Vehicle #2     Make: HYUN     Model: GN2     Colour: GRY     Style: 2D,5/13/2021 11:40:26 AM,,
50577,20146638,1594715400000,2020,7,14,8,30,0,Tuesday,539079.72897,4811110.75765,-80.516993,43.45189,Intersection related,2,P.D. only,Within intersection,unknown,unknown,Angle,Unknown,Daylight,01 - Daylight,Regional municipality,Traffic signal,Functioning,0,0,0,False,False,False,Clear,,True,Road 1: BELMONT AVE W; Road 2: GLASGOW ST; Vehicle #1     Make: HOND     Model: UCL     Colour: WHI     Style: 4D; Vehicle #2     Make: GMC     Model: 35     Colour: WHI     Style: CO,5/13/2021 11:35:49 AM,,
50578,20146659,1594716420000,2020,7,14,8,47,0,Tuesday,542356.95605,4806425.67941,-80.476852,43.409527,Intersection related,1,Non-fatal injury,Within intersection,unknown,unknown,SMV other,Unknown,Daylight,01 - Daylight,Regional municipality,Stop sign,Functioning,0,0,0,True,False,False,Clear,,False,Road 1: TUERR DR (50 km/h); Road 2: COUNTRYSIDE CRES (50 km/h); Vehicle #1     Make: FRHT     Model: FM2     Colour: WHI     Style: CT,5/13/2021 11:38:13 AM,,
50579,20147045,1594740600000,2020,7,14,15,30,0,Tuesday,541194.58171,4803337.0189,-80.491441,43.381781,Non intersection,2,P.D. only,Thru lane,unknown,unknown,Rear end,Unknown,Daylight,01 - Daylight,Regional municipality,No control,unknown,1,0,0,False,False,False,Clear,,False,Road 1: 1440 HURON RD (60 km/h); Road 2: HURON RD; Distance: 5.0 M N; Vehicle #1     Make: DODG     Model: DAK     Colour: BLK     Style: PK; Vehicle #2     Make: TOYT     Model: CTX     Colour: GRY     Style: 4B; Vehicle #3     Make: DODG     Model: CAR ,5/13/2021 11:39:18 AM,,
50580,20147114,1594753200000,2020,7,14,19,0,0,Tuesday,543938.48346,4805077.60587,-80.457428,43.397298,Intersection related,2,P.D. only,Thru lane,unknown,unknown,Rear end,Unknown,Daylight,01 - Daylight,Municipal (excl. Twp. Rd.),Stop sign,Functioning,0,0,0,False,False,False,Clear,,True,Road 1: OLD HURON RD; Road 2: HURON RD; Vehicle #1     Make:      Model:      Colour:      Style: ; Vehicle #2     Make: HOND     Model: UDY     Colour: BLK     Style: TY,5/13/2021 11:28:00 AM,,
50581,20149138,1594995000000,2020,7,17,14,10,0,Friday,541217.20109,4811887.10603,-80.490517,43.458766,At/near private drive,2,Non-reportable,Thru lane,unknown,unknown,Other,Unknown,Daylight,01 - Daylight,Municipal (excl. Twp. Rd.),No control,unknown,0,0,0,False,False,False,Clear,,True,Road 1: MARGARET AVE (IFO 121); Vehicle #1     Make: HYUN     Model: ESS     Colour: RED     Style: 4D; Vehicle #2     Make: CHEV     Model: EXP     Colour: WHI     Style: FV,5/13/2021 11:32:36 AM,,
50582,20149154,1594930200000,2020,7,16,20,10,0,Thursday,542303.52001,4803942.42959,-80.477704,43.387170999999995,At/near private drive,2,Non-reportable,Thru lane,unknown,unknown,SMV unattended vehicle,Unknown,Dusk,05 - Dusk,Municipal (excl. Twp. Rd.),No control,unknown,0,0,0,False,False,False,Clear,,True,Road 1: 196 MAITLAND ST; Vehicle #1     Make:      Model:      Colour:      Style: ; Vehicle #2     Make: DODG     Model: CAR     Colour: BLK     Style: VN,5/13/2021 11:33:34 AM,,
50583,20149582,1595083200000,2020,7,18,14,40,0,Saturday,546045.79826,4804449.73185,-80.43146,43.391518,Non intersection,2,P.D. only,Left shoulder,unknown,unknown,SMV unattended vehicle,Unknown,Daylight,01 - Daylight,Municipal (excl. Twp. Rd.),No control,unknown,0,0,0,False,False,False,Clear,,False,Road 1: OLD CARRIAGE DR (50 km/h); Road 2: PIONEER DR; Distance: 200.0 M S; Vehicle #1     Make:      Model:      Colour:      Style: ; Vehicle #2     Make: HYUN     Model: ESM     Colour: WHI     Style: 4D; Vehicle #3     Make: HYUN     Model: SAN     Co,5/13/2021 11:31:07 AM,,
50584,20149617,1595051880000,2020,7,18,5,58,0,Saturday,540350.6575,4806817.95875,-80.50160199999999,43.41317,Intersection related,2,P.D. only,Not on roadway - left side,unknown,unknown,SMV other,Unknown,Daylight,01 - Daylight,Municipal (excl. Twp. Rd.),Stop sign,unknown,0,0,0,False,False,False,Clear,,False,Road 1: WILLIAMSBURG RD (50 km/h); Road 2: DINISON CRES (50 km/h); Distance: 8.0 M S; Vehicle #1     Make: DODG     Model: CHA     Colour: BLK     Style: 2D,5/13/2021 11:30:26 AM,,
50585,20149860,1595081760000,2020,7,18,14,16,0,Saturday,536921.89509,4808698.69908,-80.543825,43.430281,Non intersection,1,Non-fatal injury,Not on roadway - right side,unknown,unknown,SMV other,Unknown,Daylight,01 - Daylight,Municipal (excl. Twp. Rd.),No control,unknown,0,0,0,True,False,False,Clear,,False,Road 1: 403 WESTFOREST TRAIL (50 km/h); Road 2: WESTFOREST TRAIL; Distance: 20.0 K W; Vehicle #1     Make: HYUN     Model: K3G     Colour: WHI     Style: TY,5/13/2021 11:31:23 AM,,
50586,20150618,1595166840000,2020,7,19,13,54,0,Sunday,540885.95998,4812001.86842,-80.494602,43.459817,Intersection related,1,Non-fatal injury,Within intersection,unknown,unknown,Angle,Unknown,Daylight,01 - Daylight,Municipal (excl. Twp. Rd.),Stop sign,Functioning,0,0,0,False,False,False,Clear,,False,Road 1: WILHELM ST (50 km/h); Road 2: AHRENS ST W (50 km/h); Vehicle #1     Make: FORD     Model: SPE     Colour: GRY     Style: TY; Vehicle #2     Make: KIA     Model: SOU     Colour: BLK     Style: TY,5/13/2021 11:30:24 AM,,
50587,20150687,1595173500000,2020,7,19,15,45,0,Sunday,543792.65644,4809484.90894,-80.45887499999999,43.43699,Non intersection,2,P.D. only,Thru lane,unknown,unknown,Sideswipe,Unknown,Daylight,01 - Daylight,Regional municipality,No control,unknown,0,0,0,False,False,False,Clear,,True,Road 1: MONTGOMERY RD; Road 2: KING ST E; Vehicle #1     Make: HYUN     Model: ESM     Colour: GRY     Style: 4D; Vehicle #2     Make: RAM     Model: RTR     Colour: GRY     Style: PK,5/13/2021 11:40:53 AM,,