OBJECTID,ACCIDENTNUM,ACCIDENTDATE,ACCIDENT_YEAR,ACCIDENT_MONTH,ACCIDENT_DAY,ACCIDENT_HOUR,ACCIDENT_MINUTE,ACCIDENT_SECOND,ACCIDENT_WEEKDAY,XCOORD,YCOORD,LONGITUDE,LATITUDE,ACCIDENTLOCATION,COLLISIONTYPE,CLASSIFICATIONOFACCIDENT,IMPACTLOCATION,INITIALDIRECTIONOFTRAVELONE,INITIALDIRECTIONOFTRAVELTWO,INITIALIMPACTTYPE,INTTRAFFICCONTROL,LIGHT,LIGHTFORREPORT,ROADJURISDICTION,TRAFFICCONTROL,TRAFFICCONTROLCONDITION,THRULANENO,NORTHBOUNDDISOBEYCOUNT,SOUTHBOUNDDISOBEYCOUNT,PEDESTRIANINVOLVED,CYCLISTINVOLVED,MOTORCYCLISTINVOLVED,ENVIRONMENTCONDITION1,ENVIRONMENTCONDITION2,SELFREPORTED,XMLIMPORTNOTES,LASTEDITEDDATE,CREATE_BY,CREATE_DATE
50785,20232215,1604074260000,2020,10,30,16,11,0,Friday,543988.6103000001,4807776.91207,-80.456592,43.421600000000005,At intersection,1,Non-fatal injury,Within intersection,unknown,unknown,Angle,Unknown,Daylight,01 - Daylight,Regional municipality,unknown,Functioning,0,0,0,False,False,False,Clear,,False,Road 1: VANIER DR (50 km/h); Road 2: SIEBERT AVE (50 km/h); Vehicle #1     Make: NISS     Model: PFI     Colour: WHI     Style: TY; Vehicle #2     Make: TOYT     Model: MTL     Colour: RED     Style: 4D,5/13/2021 11:36:35 AM,,
50786,20232380,1601893320000,2020,10,5,10,22,0,Monday,540547.7204,4810791.85291,-80.498873,43.448941,Non intersection,2,Non-reportable,Thru lane,unknown,unknown,SMV unattended vehicle,Unknown,Daylight,01 - Daylight,Municipal (excl. Twp. Rd.),No control,unknown,0,0,0,False,True,False,Clear,,True,Road 1: LINDEN AVE; Road 2: OAT ST; Distance: 20.0 M S; Vehicle #1     Make:      Model:      Colour:      Style: ; Vehicle #2     Make: SUBA     Model: 30R     Colour: SIL     Style: SW,5/13/2021 11:52:06 AM,,
50787,20232833,1602062400000,2020,10,7,9,20,0,Wednesday,544232.59089,4803538.45255,-80.453921,43.383421999999996,Non intersection,2,P.D. only,Thru lane,unknown,unknown,Angle,Unknown,Daylight,01 - Daylight,Municipal (excl. Twp. Rd.),No control,unknown,0,0,0,False,False,False,Clear,,True,Road 1: 442 CARYNDALE DR (ON THE ROADWAY); Vehicle #1     Make: ACUR     Model: RDX     Colour: BLK     Style: TY; Vehicle #2     Make: HOND     Model: UDY     Colour: RED     Style: VN,5/13/2021 11:52:11 AM,,
50788,20232947,1601304300000,2020,9,28,14,45,0,Monday,544397.3356,4813271.37218,-80.45109599999999,43.471047999999996,Non intersection,2,P.D. only,Thru lane,unknown,unknown,Angle,Unknown,Daylight,01 - Daylight,Regional municipality,No control,unknown,0,0,0,False,False,False,Clear,,True,Road 1: 400 BINGEMANS CENTRE DR VICTORIA NORTH; Vehicle #1     Make: TOYT     Model: UCS     Colour: BLU     Style: 4D; Vehicle #2     Make: FORD     Model: COF     Colour: RED     Style: PK,5/13/2021 11:37:26 AM,,
50789,20233059,1601557800000,2020,10,1,13,10,0,Thursday,543008.25449,4810493.26857,-80.468488,43.446115,Non intersection,2,Non-reportable,Thru lane,unknown,unknown,Turning movement,Unknown,Daylight,01 - Daylight,Regional municipality,No control,unknown,0,0,0,False,False,False,Clear,,True,Road 1: 400 EAST AVE; Vehicle #1     Make: HYUN     Model: SAN     Colour: WHI     Style: TY; Vehicle #2     Make: TOYT     Model: CBS     Colour: RED     Style: 4D,5/13/2021 11:52:03 AM,,
50790,20233150,1602001260000,2020,10,6,16,21,0,Tuesday,544989.80079,4808198.32983,-80.44418999999999,43.425335,Non intersection,2,P.D. only,Thru lane,unknown,unknown,Rear end,Unknown,Daylight,01 - Daylight,Regional municipality,No control,unknown,0,0,0,False,False,False,Clear,,True,Road 1: 560 GREENFIELD AVE; Vehicle #1     Make: HOND     Model: UCL     Colour: WHI     Style: 4D; Vehicle #2     Make: FORD     Model: FSE     Colour: BLK     Style: 4D,5/13/2021 11:52:15 AM,,
50791,20233151,1601988600000,2020,10,6,12,50,0,Tuesday,546932.59772,4811266.99027,-80.41992499999999,43.452846,Non intersection,2,P.D. only,Thru lane,unknown,unknown,Rear end,Unknown,Daylight,01 - Daylight,Regional municipality,No control,unknown,0,0,0,False,False,False,Clear,,True,Road 1: 122 ZELLER DR; Vehicle #1     Make: CHEV     Model: CZT     Colour: RED     Style: 4D; Vehicle #2     Make: FORD     Model: CTN     Colour: WHI     Style: FV,5/13/2021 11:53:39 AM,,
50792,20234384,1604304000000,2020,11,2,8,0,0,Monday,543880.06293,4805121.97015,-80.458146,43.397701,Non intersection,2,P.D. only,Thru lane,unknown,unknown,Turning movement,Unknown,Daylight,01 - Daylight,Municipal (excl. Twp. Rd.),No control,unknown,0,0,0,False,False,False,Clear,,True,Road 1: HURON RD; Road 2: TRILLIUM DR; Vehicle #1     Make: HOND     Model: UDY     Colour: SIL     Style: TY; Vehicle #2     Make: FORD     Model: FSE     Colour: RED     Style: 4B,4/27/2022 10:39:29 AM,,
50793,20234455,1604308500000,2020,11,2,9,15,0,Monday,538099.73139,4811073.06226,-80.529107,43.451601,Intersection related,2,Non-reportable,Thru lane,unknown,unknown,Angle,Unknown,Daylight,01 - Daylight,unknown,Stop sign,Functioning,0,0,0,False,False,False,Clear,,True,Road 1: ABERDEEN RD; Road 2: WESTGATE WALK; Vehicle #1     Make: FORD     Model: EDG     Colour: BLK     Style: TY; Vehicle #2     Make:      Model:      Colour:      Style:,5/13/2021 11:51:01 AM,,
50794,20234487,1604296800000,2020,11,2,6,0,0,Monday,543250.8868,4811487.42174,-80.465411,43.455051999999995,At/near private drive,2,Non-reportable,Thru lane,unknown,unknown,SMV unattended vehicle,Unknown,Dark,07 - Dark,Regional municipality,No control,unknown,0,0,0,False,False,False,Clear,,True,Road 1: 410 KRUG ST; Vehicle #1     Make:      Model:      Colour:      Style: ; Vehicle #2     Make: NISS     Model: MSV     Colour: SIL     Style: 4D,5/13/2021 11:51:38 AM,,
50795,20234513,1604315280000,2020,11,2,11,8,0,Monday,545034.04798,4807869.14261,-80.44367,43.422368,At intersection,2,P.D. only,Right shoulder,unknown,unknown,SMV other,Unknown,Daylight,01 - Daylight,Municipal (excl. Twp. Rd.),Traffic signal,Functioning,0,0,0,False,False,False,Clear,,False,Road 1: WILSON AVE (50 km/h); Road 2: KINGSWAY DR (50 km/h); Vehicle #1     Make: KIA     Model: SPO     Colour: BLK     Style: TY,5/13/2021 11:50:56 AM,,
50796,20235567,1604427600000,2020,11,3,18,20,0,Tuesday,542406.36042,4806619.02742,-80.476227,43.411265,Intersection related,2,P.D. only,Thru lane,unknown,unknown,Rear end,Unknown,Dark,07 - Dark,Municipal (excl. Twp. Rd.),unknown,Functioning,0,0,0,False,False,False,Clear,,True,Road 1: STRASBURG RD; Road 2: OLD COUNTRY DR; Vehicle #1     Make: CHRY     Model: S30     Colour: WHI     Style: 4D; Vehicle #2     Make: GMC     Model: SIE     Colour: BLK     Style: PK,5/13/2021 11:57:37 AM,,
50797,20236129,1601026200000,2020,9,25,9,30,0,Friday,536511.84772,4808517.24105,-80.548903,43.428667,At/near private drive,2,Non-reportable,Thru lane,unknown,unknown,SMV unattended vehicle,Unknown,Daylight,01 - Daylight,Municipal (excl. Twp. Rd.),No control,unknown,0,0,0,False,False,False,Clear,,True,Road 1: WESTMEADOW DR (IFO 81); Road 2: BRAMBLEWOOD ST; Vehicle #1     Make:      Model:      Colour:      Style: ; Vehicle #2     Make: TOYT     Model: RV4     Colour: GRY     Style: TY,5/13/2021 11:29:10 AM,,
50798,20236191,1600794000000,2020,9,22,17,0,0,Tuesday,544797.96848,4809474.11401,-80.446455,43.436833,At/near private drive,2,P.D. only,Thru lane,unknown,unknown,Rear end,Unknown,Daylight,01 - Daylight,Municipal (excl. Twp. Rd.),No control,unknown,0,0,0,False,False,False,Clear,,True,Road 1: FRANKLIN ST N (IFO 122); Vehicle #1     Make: RAM     Model: RTR     Colour: YEL     Style: CW; Vehicle #2     Make: DODG     Model: NR4     Colour: SIL     Style: 4D; Vehicle #3     Make: GMC     Model: TER     Colour: BLK     Style: TY,5/13/2021 11:26:09 AM,,
50799,20236360,1604508300000,2020,11,4,16,45,0,Wednesday,543073.04652,4812800.76623,-80.467505,43.466888,Intersection related,1,Non-fatal injury,Thru lane,unknown,unknown,Rear end,Unknown,Dusk,05 - Dusk,Municipal (excl. Twp. Rd.),unknown,Functioning,1,0,0,False,False,False,Clear,,False,Road 1: SHIRLEY AVE (50 km/h); Road 2: RIVERBEND DR (50 km/h); Vehicle #1     Make: VOLK     Model: JBS     Colour: WHI     Style: 4D; Vehicle #2     Make:      Model:      Colour:      Style:,5/13/2021 11:50:51 AM,,
50800,20237088,1602748800000,2020,10,15,8,0,0,Thursday,541252.60718,4809246.68104,-80.490279,43.434988999999995,Non intersection,2,P.D. only,Thru lane,unknown,unknown,Rear end,Unknown,Daylight,01 - Daylight,Regional municipality,No control,unknown,0,0,0,False,False,False,Clear,,True,Road 1: HIGHLAND RD E; Road 2: MAUSSER AVE SOUTHDALE KITCHENER; Vehicle #1     Make: PONT     Model: MON     Colour: WHI     Style: VN; Vehicle #2     Make: HOND     Model: HRV     Colour: GRY     Style: TY,5/13/2021 11:58:10 AM,,
50801,20237283,1604598240000,2020,11,5,17,44,0,Thursday,539269.09839,4805651.84182,-80.515045,43.402727999999996,At intersection,1,Non-fatal injury,Within intersection,unknown,unknown,SMV other,Unknown,Dark,07 - Dark,Municipal (excl. Twp. Rd.),Stop sign,Functioning,0,0,0,True,False,False,Clear,,False,Road 1: HENHOEFFER CRES (40 km/h); Road 2: ACTIVA AVE (50 km/h); Vehicle #1     Make: TOYT     Model: SIE     Colour: GRN     Style: VN,5/13/2021 11:50:49 AM,,
50802,20237687,1603377000000,2020,10,22,14,30,0,Thursday,544140.33336,4808844.28356,-80.45463099999999,43.431202,Intersection related,2,P.D. only,Within intersection,unknown,unknown,Turning movement,Unknown,Daylight,01 - Daylight,Municipal (excl. Twp. Rd.),Stop sign,unknown,0,0,0,False,False,False,Clear,,True,Road 1: 4TH AVE; Road 2: CONNAUGHT ST; Vehicle #1     Make: RAM     Model: RTR     Colour: WHI     Style: PK; Vehicle #2     Make: KIA     Model: OHY     Colour: BLK     Style: 4D,5/13/2021 11:25:54 AM,,
50803,20237770,1604659440000,2020,11,6,10,44,0,Friday,543078.40144,4812171.18222,-80.467489,43.461219,Non intersection,2,P.D. only,Thru lane,unknown,unknown,Rear end,Unknown,Daylight,01 - Daylight,Municipal (excl. Twp. Rd.),No control,unknown,1,0,0,False,False,False,Clear,,False,Road 1: EPHRAIM ST (50 km/h); Road 2: ETHEL ST; Distance: 40.0 M S; Vehicle #1     Make: VOLK     Model: CTG     Colour: SIL     Style: 4B; Vehicle #2     Make: CANA     Model: DT     Colour: BLK     Style: DT,5/13/2021 11:58:34 AM,,
50804,20237942,1603549800000,2020,10,24,14,30,0,Saturday,542844.20232,4809872.49572,-80.470564,43.440535,Intersection related,2,P.D. only,Within intersection,unknown,unknown,Angle,Unknown,Daylight,01 - Daylight,Regional municipality,Stop sign,Functioning,0,1,0,False,False,False,Clear,,True,Road 1: CHARLES ST E; Road 2: SYDNEY ST S; Vehicle #1     Make: HYUN     Model: K6G     Colour: GRY     Style: TY; Vehicle #2     Make: HOND     Model: UAX     Colour: BLU     Style: 4D,5/13/2021 11:36:19 AM,,
50805,20237943,1604670600000,2020,11,6,13,50,0,Friday,542398.22526,4811081.05396,-80.47598099999999,43.451442,At intersection,2,P.D. only,Within intersection,unknown,unknown,Angle,Unknown,Daylight,01 - Daylight,Municipal (excl. Twp. Rd.),Stop sign,Functioning,0,0,0,False,False,False,Clear,,True,Road 1: KRUG ST; Road 2: SIMEON ST; Vehicle #1     Make: FORD     Model: 5SE     Colour: GRY     Style: 4D; Vehicle #2     Make: GMC     Model: TER     Colour: BLK     Style: TY,5/13/2021 11:52:37 AM,,
50806,20238048,1604675700000,2020,11,6,15,15,0,Friday,541920.46157,4803576.66534,-80.482462,43.383899,At intersection,2,Non-reportable,Thru lane,unknown,unknown,Sideswipe,Unknown,Daylight,01 - Daylight,Regional municipality,Stop sign,unknown,0,0,0,False,False,False,Clear,,True,Road 1: 20 ROCHEFORT ST; Road 2: CANNES ST; Vehicle #1     Make: MAZD     Model: MA5     Colour: SIL     Style: 4B; Vehicle #2     Make: DODG     Model: AVN     Colour: BLK     Style: 4D,5/13/2021 11:50:53 AM,,
50807,20238594,1603533600000,2020,10,24,10,0,0,Saturday,545973.3885,4808972.79895,-80.431973,43.432248,At/near private drive,2,P.D. only,Thru lane,unknown,unknown,SMV unattended vehicle,Unknown,Daylight,01 - Daylight,Regional municipality,No control,unknown,0,0,0,False,False,False,Clear,,True,Road 1: 164 JANSEN AVE; Vehicle #1     Make:      Model:      Colour:      Style: ; Vehicle #2     Make: MERZ     Model: C4A     Colour: BLK     Style: 4D,5/13/2021 11:37:15 AM,,
50808,20239619,1604835600000,2020,11,8,11,40,0,Sunday,542842.10099,4809875.04483,-80.47059,43.440557999999996,At intersection,2,P.D. only,Within intersection,unknown,unknown,Angle,Unknown,Daylight,01 - Daylight,Regional municipality,unknown,Functioning,0,0,0,False,False,True,Clear,,False,Road 1: CHARLES ST E (50 km/h); Road 2: SYDNEY ST S (50 km/h); Distance: 1.0 M E; Charged Driver #1 on page 1: CAI 2 (1) (NA); Vehicle #1     Make: MERZ     Model: M50     Colour: GRY     Style: TY; Vehicle #2     Make: HOND     Model: SC5     Colour: BLK,4/27/2022 10:41:12 AM,,
50809,20239627,1603882800000,2020,10,28,11,0,0,Wednesday,539870.25834,4808470.05417,-80.507415,43.428070999999996,At/near private drive,2,P.D. only,Off highway,unknown,unknown,Other,Unknown,Daylight,01 - Daylight,Municipal (excl. Twp. Rd.),No control,unknown,0,0,0,False,False,False,Clear,,True,Road 1: GREENBROOK DR; Road 2: WESTMOUNT RD E; Vehicle #1     Make: TOYT     Model: TER     Colour: BLU     Style: 4D; Vehicle #2     Make: FORD     Model: SPE     Colour: GRY     Style: TY,5/13/2021 11:27:22 AM,,
50810,20239630,1603999800000,2020,10,29,19,30,0,Thursday,545918.14476,4804792.12871,-80.43300699999999,43.394608999999996,At/near private drive,2,P.D. only,Thru lane,unknown,unknown,Angle,Unknown,Dark,07 - Dark,Municipal (excl. Twp. Rd.),No control,unknown,0,0,0,False,False,False,Rain,,True,Road 1: 123 PIONEER DR; Vehicle #1     Make: TOYT     Model: TAC     Colour: RED     Style: PK; Vehicle #2     Make: MAZD     Model: CX5     Colour: BLK     Style: TY,5/13/2021 11:27:29 AM,,
50811,20239655,1602187200000,2020,10,8,20,0,0,Thursday,545979.50014,4802966.25755,-80.432403,43.378164999999996,Non intersection,2,Non-reportable,Thru lane,unknown,unknown,SMV unattended vehicle,Unknown,Dark,07 - Dark,Municipal (excl. Twp. Rd.),No control,unknown,0,0,0,False,False,False,Clear,,True,Road 1: ROBERT FERRIE DR; Road 2: DOON S DR; Vehicle #1     Make:      Model:      Colour:      Style: ; Vehicle #2     Make: HOND     Model: HRV     Colour: BLK     Style: TY,5/13/2021 11:51:52 AM,,
50812,20239663,1603899000000,2020,10,28,15,30,0,Wednesday,544903.68333,4804856.75998,-80.445528,43.395252,At/near private drive,2,P.D. only,Thru lane,unknown,unknown,Rear end,Unknown,Daylight,01 - Daylight,Municipal (excl. Twp. Rd.),No control,unknown,0,0,0,False,False,False,Clear,,True,Road 1: PIONEER DR (IFO 450); Road 2: DOON VILLAGE RD; Vehicle #1     Make: FORD     Model: FE     Colour: GRY     Style: 4D; Vehicle #2     Make: FORD     Model: FCL     Colour: RED     Style: 4B,5/13/2021 11:27:20 AM,,
50813,20239679,1601996400000,2020,10,6,15,0,0,Tuesday,546123.496,4809662.69937,-80.430061,43.438451,At/near private drive,2,Non-reportable,Thru lane,unknown,unknown,Sideswipe,Unknown,Daylight,01 - Daylight,Regional municipality,No control,unknown,0,0,0,False,False,False,Clear,,True,Road 1: 211 VERONICA DR; Vehicle #1     Make: FORD     Model: TST     Colour: WHI     Style: FV; Vehicle #2     Make: FRHT     Model: FM2     Colour: WHI     Style: CT,5/13/2021 11:51:54 AM,,
50814,20240407,1604929800000,2020,11,9,13,50,0,Monday,541548.845,4811887.91177,-80.486417,43.458755,Intersection related,2,P.D. only,Within intersection,unknown,unknown,Angle,Unknown,Daylight,01 - Daylight,Municipal (excl. Twp. Rd.),Stop sign,Functioning,0,0,0,False,False,False,Clear,,True,Road 1: ST LEGER ST; Road 2: BREITHAUPT ST; Vehicle #1     Make: TOYT     Model: GZG     Colour: GRY     Style: TY; Vehicle #2     Make: HYUN     Model: SFT     Colour: ONG     Style: TY,5/13/2021 11:52:39 AM,,
50815,20240544,1604940300000,2020,11,9,16,45,0,Monday,543247.8249,4804520.83688,-80.46600000000001,43.392325,At intersection,2,Non-reportable,Within intersection,unknown,unknown,Angle,Unknown,Dusk,05 - Dusk,Municipal (excl. Twp. Rd.),Stop sign,Functioning,0,0,0,False,False,False,Clear,,True,Road 1: HURON RD; Road 2: STRASBURG RD; Vehicle #1     Make: FORD     Model: FE     Colour: BLK     Style: 4D; Vehicle #2     Make:      Model:      Colour:      Style:,5/13/2021 11:50:42 AM,,
50816,20240743,1604958000000,2020,11,9,21,40,0,Monday,541941.25088,4815042.59134,-80.481324,43.487137,Non intersection,2,P.D. only,Thru lane,unknown,unknown,SMV other,Unknown,Dark,07 - Dark,Municipal (excl. Twp. Rd.),No control,unknown,1,0,0,False,False,False,Clear,,False,Road 1: MACVILLE AVE (50 km/h); Road 2: 12 MACVILLE AVE; Distance: 1.0 K S; Vehicle #1     Make: HYUN     Model: VRZ     Colour: SIL     Style: TY,5/13/2021 11:52:24 AM,,
50817,20241135,1605009000000,2020,11,10,11,50,0,Tuesday,539296.70468,4811575.41982,-80.51427799999999,43.456063,Intersection related,2,P.D. only,Within intersection,unknown,unknown,Angle,Unknown,Daylight,01 - Daylight,Regional municipality,Stop sign,Functioning,0,0,1,False,False,False,Clear,,True,Road 1: MOUNT HOPE ST; Road 2: PARK ST; Vehicle #1     Make: HOND     Model: UAX     Colour: BLU     Style: 4D; Vehicle #2     Make: NISS     Model: VRS     Colour: SIL     Style: 4B,5/13/2021 11:52:42 AM,,
50818,20241363,1605027600000,2020,11,10,17,0,0,Tuesday,542312.82792,4810283.9548,-80.477098,43.444269999999996,At intersection,2,P.D. only,Within intersection,unknown,unknown,Rear end,Unknown,Dusk,05 - Dusk,Regional municipality,Traffic signal,Functioning,0,0,0,False,False,False,Clear,,True,Road 1: KING ST E; Road 2: STIRLING AVE N; Vehicle #1     Make: HYUN     Model: SFT     Colour: BLK     Style: TY; Vehicle #2     Make: RAM     Model: RTR     Colour: WHI     Style: CW,5/13/2021 11:52:54 AM,,
50819,20241584,1605042000000,2020,11,10,21,0,0,Tuesday,542013.3427,4813739.93833,-80.480533,43.475404,Non intersection,2,Non-reportable,Thru lane,unknown,unknown,SMV other,Unknown,Dark,07 - Dark,Regional municipality,No control,unknown,0,0,0,False,False,False,Clear,,True,Road 1: 575 RIVERBEND DR; Vehicle #1     Make: HYUN     Model: SAN     Colour: SIL     Style: TY,5/13/2021 11:58:41 AM,,
50820,20241609,1605045600000,2020,11,10,22,0,0,Tuesday,537983.4253,4809787.11018,-80.53063399999999,43.440028,Non intersection,2,P.D. only,Thru lane,unknown,unknown,Sideswipe,Unknown,Dark,07 - Dark,Municipal (excl. Twp. Rd.),No control,unknown,1,0,0,False,False,False,Clear,,False,Road 1: 43 INGLESIDE DR (50 km/h); Road 2: INGLESIDE DR; Distance: 15.0 M S; Vehicle #1     Make: RAM     Model: RTR     Colour: RED     Style: CW; Vehicle #2     Make:      Model:      Colour:      Style:,5/13/2021 11:56:34 AM,,
50821,20242278,1605117600000,2020,11,11,18,0,0,Wednesday,536852.60248,4808264.93044,-80.54471,43.426379,Intersection related,2,P.D. only,Thru lane,unknown,unknown,Other,Unknown,"Dark, artificial","08 - Dark, artificial",Municipal (excl. Twp. Rd.),unknown,Functioning,1,0,0,False,False,False,Clear,,False,Road 1: WESTMEADOW DR (50 km/h); Road 2: WESTFOREST TRAIL; Distance: 5.0 K W; Vehicle #1     Make: HOND     Model: UAX     Colour: BLK     Style: 4D; Vehicle #2     Make: DODG     Model: CAR     Colour: BLK     Style: VN; Vehicle #3     Make: FORD     Mod,5/13/2021 11:57:39 AM,,
50822,20243146,1605201960000,2020,11,12,17,26,0,Thursday,543946.06882,4808106.1462,-80.45709099999999,43.424566999999996,Intersection related,2,P.D. only,Right shoulder,unknown,unknown,SMV other,Unknown,Dark,07 - Dark,Municipal (excl. Twp. Rd.),Stop sign,Functioning,0,0,0,False,False,False,Clear,,False,Road 1: HARBER AVE (50 km/h); Road 2: SIEBERT AVE (50 km/h); Vehicle #1     Make: MAZD     Model: M6I     Colour: GRY     Style: 4D,5/13/2021 11:55:13 AM,,
50823,20243456,1605242040000,2020,11,13,4,34,0,Friday,542040.36359,4809422.31062,-80.480532,43.436527,Non intersection,2,P.D. only,Thru lane,unknown,unknown,Approaching,Unknown,"Dark, artificial","08 - Dark, artificial",Regional municipality,No control,unknown,1,0,0,False,False,False,Clear,,False,Road 1: 279 BORDEN AVE S (50 km/h); Road 2: BORDEN AVE S; Distance: 1.0 K S; Vehicle #1     Make: BMW     Model: 28I     Colour: BLK     Style: 4D; Vehicle #2     Make: FORD     Model: EPR     Colour: BLU     Style: TY; Vehicle #3     Make: HOND     Model,5/13/2021 11:55:43 AM,,
50824,20243467,1605241800000,2020,11,13,4,30,0,Friday,542111.63452,4809510.32476,-80.479644,43.437315,Non intersection,2,P.D. only,Right shoulder,unknown,unknown,SMV other,Unknown,"Dark, artificial","08 - Dark, artificial",Regional municipality,No control,unknown,0,0,0,False,False,False,Clear,,False,Road 1: BORDEN AVE S (50 km/h); Road 2: COURTLAND AVE E; Distance: 100.0 M S; Vehicle #1     Make: FORD     Model: FSE     Colour: GRY     Style: 4B,5/13/2021 11:55:42 AM,,
50825,20243525,1605252600000,2020,11,13,7,30,0,Friday,545651.83247,4803687.78738,-80.436388,43.384682,Non intersection,2,P.D. only,Thru lane,unknown,unknown,Sideswipe,Unknown,Daylight,01 - Daylight,Regional municipality,No control,unknown,0,0,0,False,False,False,Rain,,True,Road 1: 87 APPLE RIDGE DR; Vehicle #1     Make: LEXS     Model: NXT     Colour: GRY     Style: TY; Vehicle #2     Make: SUZI     Model: KSE     Colour: SIL     Style: 4D,5/13/2021 11:52:21 AM,,
50826,20243879,1603893600000,2020,10,28,14,0,0,Wednesday,537822.90057,4809343.15466,-80.53264899999999,43.436039,At/near private drive,2,P.D. only,Thru lane,unknown,unknown,SMV unattended vehicle,Unknown,Daylight,01 - Daylight,Municipal (excl. Twp. Rd.),No control,unknown,0,0,0,False,False,False,Clear,,True,Road 1: 9 STOKE COURT; Vehicle #1     Make: TOYT     Model: SIE     Colour: GRY     Style: VN; Vehicle #2     Make: ACUR     Model: RDX     Colour: PLE     Style: TY,5/13/2021 11:27:36 AM,,
50827,20244055,1605297180000,2020,11,13,19,53,0,Friday,536732.5266,4810034.52513,-80.546075,43.442318,At intersection,1,Non-fatal injury,Within intersection,unknown,unknown,Angle,Unknown,"Dark, artificial","08 - Dark, artificial",Regional municipality,Stop sign,Functioning,0,0,0,False,False,False,Clear,,False,Road 1: UNIVERSITY AVE W (50 km/h); Road 2: GLASGOW ST (50 km/h); Vehicle #1     Make: KIA     Model: CRO     Colour: WHI     Style: 4B; Vehicle #2     Make: NISS     Model: 3ZC     Colour: BLK     Style: 2D,5/13/2021 11:50:58 AM,,
50828,20244871,1605383100000,2020,11,14,19,45,0,Saturday,543551.60709,4804955.56739,-80.462215,43.396221999999995,Non intersection,2,P.D. only,Thru lane,unknown,unknown,Rear end,Unknown,"Dark, artificial","08 - Dark, artificial",Municipal (excl. Twp. Rd.),No control,unknown,1,0,0,False,False,False,Clear,,False,Road 1: 275 HURON RD (60 km/h); Road 2: BATTLER RD; Distance: 50.0 M S; Vehicle #1     Make: MERZ     Model: CWC     Colour: WHI     Style: 4D; Vehicle #2     Make: FORD     Model: FSE     Colour: GRY     Style: 4D,5/13/2021 11:51:31 AM,,
50829,20245663,1605461460000,2020,11,15,17,31,0,Sunday,543932.96007,4809147.851,-80.457169,43.433946999999996,At intersection,2,P.D. only,Not on roadway - left side,unknown,unknown,SMV other,Unknown,Dark,07 - Dark,Municipal (excl. Twp. Rd.),Stop sign,unknown,0,0,0,False,False,False,Rain,,False,Road 1: FIRST AVE (50 km/h); Road 2: ECKERT ST (50 km/h); Vehicle #1     Make: HYUN     Model: CER     Colour: BLU     Style: 4D,5/13/2021 11:54:45 AM,,
50830,20247227,1605634620000,2020,11,17,17,37,0,Tuesday,540920.21443,4810570.31664,-80.494286,43.446926,At intersection,2,P.D. only,Within intersection,unknown,unknown,Angle,Unknown,Dark,07 - Dark,Municipal (excl. Twp. Rd.),unknown,Functioning,0,0,0,False,False,False,Clear,,True,Road 1: JUBILEE DR; Road 2: DAVID ST; Vehicle #1     Make: HOND     Model: UCL     Colour: BLU     Style: 4D; Vehicle #2     Make: HYUN     Model: TUC     Colour: GRY     Style: TY,5/13/2021 11:52:44 AM,,
50831,20247415,1605652800000,2020,11,17,22,40,0,Tuesday,542353.98361,4804066.66298,-80.47707199999999,43.388287,Non intersection,2,P.D. only,Right shoulder,unknown,unknown,SMV unattended vehicle,Unknown,Dark,07 - Dark,Municipal (excl. Twp. Rd.),No control,unknown,0,0,0,False,False,False,Snow,,False,Road 1: 260 MAITLAND ST (40 km/h); Road 2: MAITLAND ST; Distance: 3.0 K S; Vehicle #1     Make: HOND     Model: CXG     Colour: GRY     Style: 4D; Vehicle #2     Make: NISS     Model: ROG     Colour: SIL     Style: TY,5/13/2021 11:56:46 AM,,
50832,20247573,1605687900000,2020,11,18,8,25,0,Wednesday,539751.82458,4806799.65101,-80.509,43.413036999999996,Intersection related,2,P.D. only,Within intersection,unknown,unknown,Rear end,Unknown,Daylight,01 - Daylight,Municipal (excl. Twp. Rd.),Stop sign,Functioning,0,0,0,False,False,False,Snow,,False,Road 1: ACTIVA AVE (50 km/h); Road 2: GREY FOX DR (50 km/h); Vehicle #1     Make: MAZD     Model: CX5     Colour: RED     Style: TY; Vehicle #2     Make: INTE     Model: 105     Colour: YEL     Style: BU,5/13/2021 11:55:14 AM,,
50833,20247963,1601676000000,2020,10,2,22,0,0,Friday,547958.48857,4804543.96606,-80.407836,43.392247,At/near private drive,2,P.D. only,Thru lane,unknown,unknown,SMV unattended vehicle,Unknown,Dark,07 - Dark,Regional municipality,No control,unknown,0,0,0,False,False,False,Clear,,True,Road 1: ORCHARD MILL CRESCENT; Road 2: 12 ORCHARD MILL CRESCENT; Vehicle #1     Make:      Model:      Colour:      Style: ; Vehicle #2     Make: NISS     Model: A5S     Colour: BLK     Style: 2D,5/13/2021 11:58:24 AM,,
50834,20248001,1601667900000,2020,10,2,19,45,0,Friday,544012.92259,4805477.11896,-80.45647699999999,43.400891,Non intersection,2,Non-reportable,Thru lane,unknown,unknown,Sideswipe,Unknown,Dark,07 - Dark,Regional municipality,No control,unknown,0,0,0,False,False,False,Clear,,True,Road 1: 1111 HOMER WATSON BLVD (TRILLIUM INDUSTRIAL PARK); Vehicle #1     Make:      Model:      Colour:      Style: ; Vehicle #2     Make: CHEV     Model: ML1     Colour: GRY     Style: 4D,5/13/2021 11:51:45 AM,,