OBJECTID,ACCIDENTNUM,ACCIDENTDATE,ACCIDENT_YEAR,ACCIDENT_MONTH,ACCIDENT_DAY,ACCIDENT_HOUR,ACCIDENT_MINUTE,ACCIDENT_SECOND,ACCIDENT_WEEKDAY,XCOORD,YCOORD,LONGITUDE,LATITUDE,ACCIDENTLOCATION,COLLISIONTYPE,CLASSIFICATIONOFACCIDENT,IMPACTLOCATION,INITIALDIRECTIONOFTRAVELONE,INITIALDIRECTIONOFTRAVELTWO,INITIALIMPACTTYPE,INTTRAFFICCONTROL,LIGHT,LIGHTFORREPORT,ROADJURISDICTION,TRAFFICCONTROL,TRAFFICCONTROLCONDITION,THRULANENO,NORTHBOUNDDISOBEYCOUNT,SOUTHBOUNDDISOBEYCOUNT,PEDESTRIANINVOLVED,CYCLISTINVOLVED,MOTORCYCLISTINVOLVED,ENVIRONMENTCONDITION1,ENVIRONMENTCONDITION2,SELFREPORTED,XMLIMPORTNOTES,LASTEDITEDDATE,CREATE_BY,CREATE_DATE
50885,20258518,1606848600000,2020,12,1,18,50,0,Tuesday,543986.67485,4807778.65834,-80.456616,43.421616,Intersection related,2,Non-reportable,Thru lane,unknown,unknown,Rear end,Unknown,Dark,07 - Dark,Municipal (excl. Twp. Rd.),unknown,Functioning,0,0,0,False,False,False,Snow,,True,Road 1: SIEBERT AVE; Road 2: VANIER DR; Vehicle #1     Make:      Model:      Colour:      Style: ; Vehicle #2     Make: TOYT     Model: SIE     Colour: GRY     Style: VN,5/13/2021 11:57:03 AM,,
50886,20258540,1601639100000,2020,10,2,11,45,0,Friday,541368.50002,4812286.65485,-80.488616,43.462354999999995,At/near private drive,2,P.D. only,Thru lane,unknown,unknown,Angle,Unknown,Daylight,01 - Daylight,Municipal (excl. Twp. Rd.),No control,unknown,0,0,0,False,False,False,Clear,,True,Road 1: 15 PRINCE ALBERT BLVD; Road 2: LEGER ST; Vehicle #1     Make: HOND     Model: CCL     Colour: WHI     Style: 4D; Vehicle #2     Make: VOLK     Model: JSG     Colour: WHI     Style: CV,5/13/2021 11:58:32 AM,,
50887,20258670,1606861980000,2020,12,1,22,33,0,Tuesday,536498.25808,4809054.9834,-80.54903499999999,43.43351,Non intersection,2,P.D. only,Left shoulder,unknown,unknown,SMV other,Unknown,"Dark, artificial","08 - Dark, artificial",Municipal (excl. Twp. Rd.),No control,unknown,0,0,0,False,False,False,Snow,,False,Road 1: WESTFOREST TRAIL (50 km/h); Road 2: HIGHGATE RD (50 km/h); Distance: 10.0 M N; Vehicle #1     Make: TOYT     Model: CEP     Colour: BLK     Style: 4D,5/13/2021 11:57:58 AM,,
50888,20258675,1606860060000,2020,12,1,22,1,0,Tuesday,539273.83162,4805649.84642,-80.514986,43.402709,Non intersection,2,P.D. only,Thru lane,unknown,unknown,SMV other,Unknown,Dark,07 - Dark,Municipal (excl. Twp. Rd.),No control,unknown,2,0,0,False,False,False,Snow,,False,Road 1: ACTIVA AVE (50 km/h); Road 2: HENHOEFFER CRES; Distance: 5.0 M W; Vehicle #1     Make:      Model:      Colour:      Style:,5/13/2021 11:58:47 AM,,
50889,20259043,1606914660000,2020,12,2,13,11,0,Wednesday,539083.71787,4811101.05767,-80.516944,43.451803,Non intersection,2,P.D. only,Left turn lane,unknown,unknown,Rear end,Unknown,Daylight,01 - Daylight,Municipal (excl. Twp. Rd.),No control,unknown,0,0,0,False,False,False,Clear,,False,Road 1: BELMONT AVE W (60 km/h); Road 2: GLASGOW ST; Distance: 10.0 M S; Vehicle #1     Make: GMC     Model: STV     Colour: YEL     Style: BU; Vehicle #2     Make: NISS     Model: A2B     Colour: WHI     Style: 4D,5/13/2021 11:54:09 AM,,
50890,20259265,1606929900000,2020,12,2,17,25,0,Wednesday,545037.37087,4812007.98872,-80.443287,43.459634,Non intersection,1,Non-fatal injury,Thru lane,unknown,unknown,Angle,Unknown,Dark,07 - Dark,Regional municipality,No control,unknown,1,0,0,False,False,False,Clear,,False,Road 1: LORRAINE AVE (40 km/h); Road 2: MONTCALM DR; Distance: 8.0 M S; Vehicle #1     Make: TOYT     Model: CBL     Colour: GRY     Style: 4D; Vehicle #2     Make: HYUN     Model: ESS     Colour: BLK     Style: 4D; Vehicle #3     Make: TOYT     Model: HI,5/13/2021 11:56:13 AM,,
50891,20259296,1606931880000,2020,12,2,17,58,0,Wednesday,540671.90715,4807052.26478,-80.49761699999999,43.415262,At intersection,1,Non-fatal injury,Within intersection,unknown,unknown,SMV other,Unknown,Dark,07 - Dark,Municipal (excl. Twp. Rd.),Stop sign,Functioning,0,0,0,True,False,False,Clear,,False,Road 1: DUNSMERE CT (50 km/h); Road 2: DUNSMERE DR (50 km/h); Vehicle #1     Make: GMC     Model: SIE     Colour: RED     Style: PK,5/13/2021 11:53:08 AM,,
50892,20260769,1607100120000,2020,12,4,16,42,0,Friday,540732.74806,4811509.92144,-80.496533,43.455396,Intersection related,2,P.D. only,Thru lane,unknown,unknown,SMV unattended vehicle,Unknown,Dusk,05 - Dusk,Municipal (excl. Twp. Rd.),Stop sign,Functioning,1,0,0,False,False,False,Clear,,False,Road 1: DUKE ST W (50 km/h); Road 2: BREITHAUPT ST (50 km/h); Distance: 12.0 M W; Vehicle #1     Make: HOND     Model: CCL     Colour: BLK     Style: 4D; Vehicle #2     Make: MERZ     Model: C4A     Colour: SIL     Style: 4D; Vehicle #3     Make: TOYT    ,5/13/2021 11:57:22 AM,,
50893,20260891,1607107440000,2020,12,4,18,44,0,Friday,542581.19367,4810126.32281,-80.473794,43.442834999999995,At intersection,1,Non-fatal injury,Within intersection,unknown,unknown,SMV other,Unknown,Dark,07 - Dark,Municipal (excl. Twp. Rd.),Traffic signal,Functioning,0,0,0,True,False,False,Clear,,False,Road 1: BORDEN AVE S (50 km/h); Road 2: KING ST E (50 km/h); Vehicle #1     Make: KIA     Model: FEX     Colour: SIL     Style: 4D,5/13/2021 11:57:11 AM,,
50894,20261133,1607127660000,2020,12,5,0,21,0,Saturday,547354.36535,4803537.67941,-80.415382,43.383224999999996,Non intersection,1,Non-fatal injury,Not on roadway - left side,unknown,unknown,SMV other,Unknown,Dark,07 - Dark,Municipal (excl. Twp. Rd.),No control,unknown,0,0,0,False,False,False,Clear,,False,Road 1: 389 PINNACLE DR (50 km/h); Road 2: PINNACLE DR; Distance: 10.0 K W; Vehicle #1     Make: LEXS     Model: E35     Colour: RED     Style: 4D,5/13/2021 11:56:50 AM,,
50895,20263805,1606492500000,2020,11,27,15,55,0,Friday,539739.83303,4806562.08091,-80.509165,43.410899,Non intersection,2,Non-reportable,Thru lane,unknown,unknown,Other,Unknown,Daylight,01 - Daylight,Regional municipality,No control,unknown,0,0,0,False,False,False,Clear,,True,Road 1: 6 BUSH CLOVER CRESCENT; Road 2: ACTIVIA; Vehicle #1     Make: TOYT     Model: CMB     Colour: GRY     Style: 4D; Vehicle #2     Make: CHEV     Model: EQU     Colour: BLK     Style: TY,5/13/2021 11:54:11 AM,,
50896,20264065,1607469840000,2020,12,8,23,24,0,Tuesday,544681.114,4808318.19014,-80.447993,43.426432999999996,At intersection,1,Non-fatal injury,Within intersection,unknown,unknown,Angle,Unknown,"Dark, artificial","08 - Dark, artificial",Municipal (excl. Twp. Rd.),Stop sign,Functioning,0,0,1,False,False,False,Clear,,False,Road 1: GREENFIELD AVE (50 km/h); Road 2: WOODHAVEN RD (50 km/h); Distance: 0.0 K S; Vehicle #1     Make: HOND     Model: CRV     Colour: GRY     Style: TY; Vehicle #2     Make: TOYT     Model: CTR     Colour: GRY     Style: 4B,5/13/2021 11:57:28 AM,,
50897,20264371,1607513940000,2020,12,9,11,39,0,Wednesday,542107.49743,4807133.44271,-80.479879,43.415914,At intersection,1,Non-fatal injury,Within intersection,unknown,unknown,SMV other,Unknown,Daylight,01 - Daylight,Municipal (excl. Twp. Rd.),Traffic signal,Functioning,0,0,0,True,False,False,Clear,,False,Road 1: BLOCK LINE RD (60 km/h); Road 2: STRASBURG RD (50 km/h); Distance: 1.0 M S; Vehicle #1     Make: SUBA     Model: TRB     Colour: WHI     Style: TY,5/13/2021 11:53:04 AM,,
50898,20265369,1606839000000,2020,12,1,16,10,0,Tuesday,543663.71625,4808152.52682,-80.46057499999999,43.425000999999995,Non intersection,2,P.D. only,Thru lane,unknown,unknown,SMV other,Unknown,Dusk,05 - Dusk,Regional municipality,No control,unknown,0,0,0,False,False,False,Snow,,True,Road 1: KIPLING AVE; Road 2: VANIER DR; Vehicle #1     Make: KIA     Model: SOU     Colour: WHI     Style: TY,5/13/2021 11:53:59 AM,,
50899,20265438,1606980600000,2020,12,3,7,30,0,Thursday,549238.62898,4806294.8788,-80.39187299999999,43.407928999999996,Non intersection,2,P.D. only,Thru lane,unknown,unknown,Rear end,Unknown,Dawn,03 - Dawn,Regional municipality,No control,unknown,0,0,0,False,False,False,Clear,,True,Road 1: 50 GATEWAY PARK DR; Vehicle #1     Make: NISS     Model: MUR     Colour: BLK     Style: TY; Vehicle #2     Make: HOND     Model: UCL     Colour: SIL     Style: 2D,5/13/2021 11:53:56 AM,,
50900,20265452,1606844700000,2020,12,1,17,45,0,Tuesday,546308.34951,4803398.96086,-80.42830699999999,43.382041,At intersection,2,Non-reportable,Within intersection,unknown,unknown,Rear end,Unknown,Dark,07 - Dark,Regional municipality,Stop sign,Functioning,0,0,0,False,False,False,Clear,,True,Road 1: DOON S DR; Road 2: CHESTNUT HILL CRESCENT; Vehicle #1     Make: FORD     Model: SPE     Colour: WHI     Style: TY; Vehicle #2     Make:      Model:      Colour:      Style:,5/13/2021 11:51:04 AM,,
50901,20265454,1606786200000,2020,12,1,1,30,0,Tuesday,544495.92799,4804466.67956,-80.450594,43.391763999999995,Non intersection,2,Non-reportable,Thru lane,unknown,unknown,SMV other,Unknown,Dark,07 - Dark,Regional municipality,No control,unknown,0,0,0,False,False,False,Snow,,True,Road 1: BLACK WALNUT DR; Road 2: PIONEER DR; Vehicle #1     Make: BMW     Model: 20X     Colour: WHI     Style: 4D,5/13/2021 11:52:18 AM,,
50902,20265461,1606812600000,2020,12,1,8,50,0,Tuesday,543856.70441,4805114.93484,-80.458435,43.397639,At intersection,2,P.D. only,Thru lane,unknown,unknown,Rear end,Unknown,Daylight,01 - Daylight,Regional municipality,Traffic signal,Functioning,0,0,0,False,False,False,Snow,,True,Road 1: TRILLIUM DR; Road 2: HURON RD; Vehicle #1     Make:      Model:      Colour:      Style: ; Vehicle #2     Make: HOND     Model: UCL     Colour: WHI     Style: 2D; Vehicle #3     Make: HOND     Model: UDY     Colour: BLU     Style: TY,5/13/2021 11:53:00 AM,,
50903,20265542,1606858200000,2020,12,1,21,30,0,Tuesday,539087.28663,4805672.81961,-80.517288,43.402926,Non intersection,2,Non-reportable,Thru lane,unknown,unknown,SMV other,Unknown,Dark,07 - Dark,Regional municipality,No control,unknown,0,0,0,False,False,False,Snow,,True,Road 1: ACTIVA AVE; Road 2: SNOWDROP CRESCENT; Vehicle #1     Make: SUBA     Model: SWR     Colour: WHI     Style: 4D,5/13/2021 11:58:48 AM,,
50904,20265605,1605951600000,2020,11,21,9,40,0,Saturday,537237.8279,4806873.8152,-80.54004599999999,43.413834,Non intersection,2,Non-reportable,Thru lane,unknown,unknown,Sideswipe,Unknown,Daylight,01 - Daylight,Municipal (excl. Twp. Rd.),No control,unknown,0,0,0,False,False,False,Clear,,True,Road 1: DRIFTWOOD DR; Road 2: DRIFTWOOD PL; Vehicle #1     Make: SUBA     Model: TRI     Colour: WHI     Style: 4B; Vehicle #2     Make:      Model:      Colour:      Style:,5/13/2021 11:58:16 AM,,
50905,20265905,1607673600000,2020,12,11,8,0,0,Friday,541477.27705,4813981.02195,-80.487143,43.477605,At/near private drive,2,Non-reportable,Thru lane,unknown,unknown,SMV unattended vehicle,Unknown,Daylight,01 - Daylight,Municipal (excl. Twp. Rd.),No control,unknown,0,0,0,False,False,False,Clear,,True,Road 1: 30 LANG CRESCENT; Vehicle #1     Make:      Model:      Colour:      Style: ; Vehicle #2     Make: DODG     Model: NIT     Colour: BLK     Style: TY,5/13/2021 11:57:59 AM,,
50906,20265936,1607719740000,2020,12,11,20,49,0,Friday,544523.7278,4811944.68825,-80.449642,43.459095,At/near private drive,2,P.D. only,Not on roadway - right side,unknown,unknown,SMV other,Unknown,"Dark, artificial","08 - Dark, artificial",Regional municipality,No control,unknown,0,0,0,False,False,False,Clear,,False,Road 1: 12 BIRKSHIRE COURT (50 km/h); Road 2: BIRKSHIRE CRT; Distance: 3.0 M E; Vehicle #1     Make: PETE     Model:      Colour:      Style:,5/13/2021 11:57:44 AM,,
50907,20266220,1607700780000,2020,12,11,15,33,0,Friday,539285.22487,4810353.43483,-80.514507,43.44506,Other,2,P.D. only,Not on roadway - right side,unknown,unknown,SMV other,Unknown,Daylight,01 - Daylight,Municipal (excl. Twp. Rd.),No control,unknown,0,0,0,False,False,False,Clear,,False,Road 1: BRYBECK CRESCENT (50 km/h); Road 2: 6 BRYBECK CRESCENT; Distance: 27.0 K W; Vehicle #1     Make: ICRP     Model: BUD     Colour: YEL     Style: BU,5/13/2021 11:53:47 AM,,
50908,20266437,1607718900000,2020,12,11,20,35,0,Friday,545798.75706,4809256.44816,-80.434107,43.434813,At intersection,2,P.D. only,Within intersection,unknown,unknown,Angle,Unknown,Dark,07 - Dark,Municipal (excl. Twp. Rd.),Stop sign,Functioning,0,0,0,False,False,False,Clear,,False,Road 1: KINZIE AVE (50 km/h); Road 2: RUTHERFORD DR (50 km/h); Vehicle #1     Make: TOYT     Model: CBA     Colour: GRY     Style: 4D; Vehicle #2     Make: HOND     Model: ULS     Colour: BLK     Style: 4D,5/13/2021 11:53:14 AM,,
50909,20266954,1607785440000,2020,12,12,15,4,0,Saturday,546035.68036,4805365.84052,-80.431508,43.399767999999995,Non intersection,1,Non-fatal injury,Not on roadway - right side,unknown,unknown,SMV other,Unknown,Daylight,01 - Daylight,Municipal (excl. Twp. Rd.),No control,unknown,0,0,0,False,False,False,Rain,,False,Road 1: MILL PARK DR (50 km/h); Road 2: GREEN VALLEY DR; Distance: 100.0 M S; Vehicle #1     Make: TOYT     Model: TAC     Colour: BLK     Style: PK,5/13/2021 11:58:52 AM,,
50910,20267173,1607782800000,2020,12,12,14,20,0,Saturday,545094.98549,4807779.89461,-80.442925,43.421561,Non intersection,2,P.D. only,Thru lane,unknown,unknown,Turning movement,Unknown,Daylight,01 - Daylight,Municipal (excl. Twp. Rd.),No control,unknown,0,0,0,False,False,False,Rain,,True,Road 1: WILSON AVE; Road 2: FAIRWAY RD S; Vehicle #1     Make: HYUN     Model: ESM     Colour: GRY     Style: 4D; Vehicle #2     Make: FORD     Model: SPE     Colour: WHI     Style: TY,5/13/2021 11:54:13 AM,,
50911,20267617,1607871600000,2020,12,13,15,0,0,Sunday,545688.04939,4807746.76938,-80.43560099999999,43.421226999999995,At railway crossing,2,P.D. only,Not on roadway - right side,unknown,unknown,SMV other,Unknown,Daylight,01 - Daylight,Municipal (excl. Twp. Rd.),No control,unknown,0,0,0,False,False,False,Clear,,False,Road 1: WABANAKI DR (60 km/h); Road 2: HIDDEN VALLEY RD; Distance: 51.0 K W; Vehicle #1     Make: FORD     Model: CSC     Colour: WHI     Style: IC,5/13/2021 11:58:54 AM,,
50912,20269028,1608048900000,2020,12,15,16,15,0,Tuesday,543214.59542,4804529.81104,-80.46641,43.392407999999996,At intersection,2,P.D. only,Within intersection,unknown,unknown,Sideswipe,Unknown,Dusk,05 - Dusk,Regional municipality,Stop sign,Functioning,0,0,0,False,False,False,Clear,,True,Road 1: STRASBURG RD; Road 2: HURON RD; Vehicle #1     Make: RAM     Model: RTR     Colour: WHI     Style: PK; Vehicle #2     Make: HYUN     Model: VTO     Colour: BLK     Style: 4D,5/13/2021 11:52:57 AM,,
50913,20269584,1607268600000,2020,12,6,15,30,0,Sunday,538240.78063,4809061.05393,-80.52750499999999,43.433478,Non intersection,2,P.D. only,Thru lane,unknown,unknown,Other,Unknown,Daylight,01 - Daylight,Regional municipality,No control,unknown,0,0,0,False,False,False,Clear,,True,Road 1: BANKSIDE DR; Road 2: FISCHER-HALLMAN RD; Vehicle #1     Make: DODG     Model: CAR     Colour: BLK     Style: VN; Vehicle #2     Make: HOND     Model: CIV     Colour: BLK     Style: 4D,5/13/2021 11:56:26 AM,,
50914,20269586,1607966400000,2020,12,14,17,20,0,Monday,539002.60566,4805927.19262,-80.518316,43.405221,Intersection related,2,P.D. only,Within intersection,unknown,unknown,Rear end,Unknown,Dark,07 - Dark,Municipal (excl. Twp. Rd.),unknown,Functioning,0,0,0,False,False,False,Snow,,True,Road 1: DAVID BERGEY DR; Road 2: ACTIVA AVE; Vehicle #1     Make: HOND     Model: PIL     Colour: BLK     Style: TY; Vehicle #2     Make: CHEV     Model: EQU     Colour: RED     Style: TY; Vehicle #3     Make: KIA     Model: 5SX     Colour: GRY     Style:,5/13/2021 11:55:06 AM,,
50915,20269599,1607725800000,2020,12,11,22,30,0,Friday,543009.81646,4810495.18468,-80.468469,43.446132,Non intersection,2,P.D. only,Thru lane,unknown,unknown,Turning movement,Unknown,Dark,07 - Dark,Regional municipality,No control,unknown,0,0,0,False,False,False,Clear,,True,"Road 1: KITCHENER MEMORIAL AUDITORIUM (CUSTOMER SERVICE), EAST AVENUE, KITCHENER, ON, CANADA; Vehicle #1     Make: CHEV     Model: SIL     Colour: GRY     Style: PK; Vehicle #2     Make: FORD     Model: FSE     Colour: GRY     Style: 4B",5/13/2021 11:56:08 AM,,
50916,20269605,1607698800000,2020,12,11,15,0,0,Friday,538511.13234,4807669.02688,-80.52426299999999,43.42093,Non intersection,2,P.D. only,Thru lane,unknown,unknown,Sideswipe,Unknown,Daylight,01 - Daylight,Municipal (excl. Twp. Rd.),No control,unknown,0,0,0,False,False,False,Clear,,True,Road 1: MCGARRY DR; Road 2: MCGARRY DR FOREST HEIGHTS KITCHENER; Distance:  S; Vehicle #1     Make: HOND     Model: UDY     Colour: SIL     Style: TY; Vehicle #2     Make:      Model:      Colour:      Style:,5/13/2021 11:56:06 AM,,
50917,20269677,1606503600000,2020,11,27,19,0,0,Friday,546103.76154,4811507.97052,-80.430148,43.455067,At/near private drive,2,P.D. only,Thru lane,unknown,unknown,SMV unattended vehicle,Unknown,Dark,07 - Dark,Regional municipality,No control,unknown,0,0,0,False,False,False,Clear,,True,Road 1: 51 EBYDALE DR; Vehicle #1     Make:      Model:      Colour:      Style: ; Vehicle #2     Make: DODG     Model: CHL     Colour: GRY     Style: 2D,5/13/2021 11:56:04 AM,,
50918,20269692,1606910400000,2020,12,2,12,0,0,Wednesday,538331.9962,4805676.86982,-80.52661499999999,43.403000999999996,At/near private drive,2,P.D. only,Thru lane,unknown,unknown,Rear end,Unknown,Daylight,01 - Daylight,Regional municipality,No control,unknown,0,0,0,False,False,False,Clear,,True,Road 1: 155 GRAVEL RIDGE TRAIL; Vehicle #1     Make: HYUN     Model: ESM     Colour: RED     Style: 4D; Vehicle #2     Make: FORD     Model: COF     Colour: RED     Style: PK,5/13/2021 11:56:23 AM,,
50919,20269863,1608138900000,2020,12,16,17,15,0,Wednesday,540535.16973,4809924.59822,-80.499093,43.441131999999996,Non intersection,2,P.D. only,Thru lane,unknown,unknown,Rear end,Unknown,Dark,07 - Dark,Municipal (excl. Twp. Rd.),No control,unknown,0,0,0,False,False,False,Clear,,True,Road 1: HIGHLAND RD E; Road 2: QUEEN ST S; Vehicle #1     Make: NISS     Model: ROG     Colour: RED     Style: 4B; Vehicle #2     Make: FORD     Model: SPE     Colour: GRN     Style: TY,8/16/2022 2:59:32 PM,,
50920,20269989,1608150120000,2020,12,16,20,22,0,Wednesday,536640.59482,4808635.3183,-80.547305,43.429724,At/near private drive,2,P.D. only,Off highway,unknown,unknown,SMV unattended vehicle,Unknown,Dark,07 - Dark,Municipal (excl. Twp. Rd.),No control,unknown,0,0,0,False,False,False,Snow,,False,Road 1: 22 JACQUELINE PLACE (60 km/h); Road 2: JACQUELINE PL; Distance: 15.0 K E; Vehicle #1     Make: TOYT     Model: CBS     Colour: SIL     Style: 4D; Vehicle #2     Make: CHEV     Model: EQU     Colour: BRN     Style: TY,5/13/2021 11:54:00 AM,,
50921,20270369,1608205140000,2020,12,17,11,39,0,Thursday,542670.79656,4810072.6198,-80.472691,43.442347,Intersection related,1,Non-fatal injury,Thru lane,unknown,unknown,Turning movement,Unknown,Daylight,01 - Daylight,Regional municipality,Stop sign,unknown,1,0,0,False,False,False,Clear,,False,Road 1: KING ST E (50 km/h); Road 2: ONWARD AVE (50 km/h); Vehicle #1     Make: HYUN     Model: TUC     Colour: BLU     Style: TY; Vehicle #2     Make: VOLK     Model: JSA     Colour: BLK     Style: 4D,5/13/2021 11:55:11 AM,,
50922,20270751,1608233400000,2020,12,17,19,30,0,Thursday,543522.55623,4807203.36232,-80.462395,43.416463,At/near private drive,2,P.D. only,Thru lane,unknown,unknown,SMV unattended vehicle,Unknown,Dark,07 - Dark,Municipal (excl. Twp. Rd.),No control,unknown,0,0,0,False,False,False,Clear,,True,Road 1: 11 BRISBANE DR; Road 2: FALLOWFIELD DR; Vehicle #1     Make: MERZ     Model: GK3     Colour: SIL     Style: TY; Vehicle #2     Make: ACUR     Model: TST     Colour: WHI     Style: 4D,5/13/2021 11:54:06 AM,,
50923,20271067,1606726800000,2020,11,30,9,0,0,Monday,545243.5473,4812482.08466,-80.4407,43.46389,At/near private drive,2,P.D. only,Off highway,unknown,unknown,SMV unattended vehicle,Unknown,Daylight,01 - Daylight,Regional municipality,No control,unknown,0,0,0,False,False,False,Clear,,True,Road 1: 26 KEEWATIN AVE; Vehicle #1     Make: TOYT     Model: MTL     Colour: BLU     Style: 4D; Vehicle #2     Make: PONT     Model: GRA     Colour: BLU     Style: 4D,5/13/2021 11:56:01 AM,,
50924,20271127,1607257800000,2020,12,6,12,30,0,Sunday,539687.32787,4807476.40518,-80.50974699999999,43.419134,Non intersection,2,P.D. only,Thru lane,unknown,unknown,Rear end,Unknown,Daylight,01 - Daylight,Municipal (excl. Twp. Rd.),No control,unknown,0,0,0,False,False,False,Clear,,True,Road 1: 17 WINDALE CRESCENT; Vehicle #1     Make: TOYT     Model: LLX     Colour: GRY     Style: 4D; Vehicle #2     Make: CHEV     Model: CZT     Colour: BGE     Style: 4D,5/13/2021 11:55:52 AM,,
50925,20271130,1608285240000,2020,12,18,9,54,0,Friday,540780.60607,4812295.01558,-80.49588299999999,43.462461999999995,At intersection,2,P.D. only,Within intersection,unknown,unknown,Angle,Unknown,Daylight,01 - Daylight,Regional municipality,Stop sign,Functioning,0,1,0,False,False,False,Clear,,False,Road 1: GUELPH ST (50 km/h); Road 2: BRUNSWICK AVE (50 km/h); Vehicle #1     Make:      Model:      Colour:      Style: ; Vehicle #2     Make: DODG     Model: CAR     Colour: BLK     Style: VN,5/13/2021 11:53:03 AM,,
50926,20271367,1597932000000,2020,8,20,14,0,0,Thursday,545531.69329,4803103.8657,-80.437919,43.379431,Non intersection,2,Non-reportable,Thru lane,unknown,unknown,SMV unattended vehicle,Unknown,Daylight,01 - Daylight,Municipal (excl. Twp. Rd.),No control,unknown,0,0,0,False,False,False,Clear,,True,Road 1: 11 REYNOLDS COURT; Vehicle #1     Make: HOND     Model: ULS     Colour: BLU     Style: 4D; Vehicle #2     Make: CHEV     Model: CZT     Colour: RED     Style: 4D,5/13/2021 11:26:59 AM,,
50927,20271436,1608304020000,2020,12,18,15,7,0,Friday,542582.09443,4810126.14547,-80.473783,43.442834,At intersection,1,Non-fatal injury,Within intersection,unknown,unknown,Angle,Unknown,Daylight,01 - Daylight,Regional municipality,Traffic signal,Functioning,0,1,0,False,False,False,Clear,,False,Road 1: KING ST E (50 km/h); Road 2: BORDEN AVE N (50 km/h); Vehicle #1     Make: FORD     Model: FSH     Colour: BLK     Style: 4D; Vehicle #2     Make: TOYT     Model: YSE     Colour: GRY     Style: 4B,5/13/2021 11:53:27 AM,,
50928,20271866,1608332400000,2020,12,18,23,0,0,Friday,541662.02405,4810409.26726,-80.485131,43.445434999999996,At intersection,2,P.D. only,Within intersection,unknown,unknown,Angle,Unknown,Dark,07 - Dark,Municipal (excl. Twp. Rd.),Stop sign,unknown,0,0,0,False,False,False,Clear,,True,Road 1: CEDAR ST S; Road 2: CHURCH ST; Vehicle #1     Make: HYUN     Model: EGM     Colour: GRY     Style: 4D; Vehicle #2     Make:      Model:      Colour:      Style:,5/13/2021 11:53:12 AM,,
50929,20272096,1598099400000,2020,8,22,12,30,0,Saturday,543248.61082,4804518.46773,-80.465991,43.392303999999996,At intersection,2,P.D. only,Within intersection,unknown,unknown,Sideswipe,Unknown,Daylight,01 - Daylight,Regional municipality,Stop sign,Functioning,0,0,0,False,False,False,Clear,,True,Road 1: HURON; Road 2: STRASBURG RD; Vehicle #1     Make: LEXS     Model: RX0     Colour: GRY     Style: TY; Vehicle #2     Make: OLDS     Model: AUR     Colour: GRY     Style: 4D,5/13/2021 11:36:10 AM,,
50930,20272168,1598145000000,2020,8,23,1,10,0,Sunday,541747.33163,4812108.4016,-80.483947,43.460729,Non intersection,2,P.D. only,Thru lane,unknown,unknown,SMV other,Unknown,Dark,07 - Dark,Regional municipality,No control,unknown,0,0,0,False,False,False,Clear,,True,Road 1: WELLINGTON ST N; Road 2: LANCASTER ST W; Vehicle #1     Make: HYUN     Model: SFT     Colour: GRY     Style: TY,5/13/2021 11:37:33 AM,,
50931,20272233,1596799800000,2020,8,7,11,30,0,Friday,541937.73393,4811093.66043,-80.48167099999999,43.451581,At/near private drive,2,P.D. only,Thru lane,unknown,unknown,Other,Unknown,Daylight,01 - Daylight,Regional municipality,No control,unknown,0,0,0,False,False,False,Clear,,True,Road 1: 168 LANCASTER ST E; Vehicle #1     Make:      Model:      Colour:      Style: ; Vehicle #2     Make: HYUN     Model: ESS     Colour: BLK     Style: 4D,5/13/2021 11:37:24 AM,,
50932,20272236,1596781800000,2020,8,7,6,30,0,Friday,540268.45381,4809967.12166,-80.50238499999999,43.44153,Non intersection,2,P.D. only,Thru lane,unknown,unknown,Other,Unknown,Daylight,01 - Daylight,Regional municipality,No control,unknown,0,0,0,False,False,False,Clear,,True,Road 1: WEST AVE; Road 2: HIGHLAND RD W; Vehicle #1     Make: HYUN     Model: SGL     Colour: BLK     Style: 4D; Vehicle #2     Make:      Model:      Colour:      Style:,8/16/2022 3:05:49 PM,,
50933,20272247,1596708000000,2020,8,6,10,0,0,Thursday,545157.70442,4807241.88964,-80.442194,43.416713,Intersection related,2,P.D. only,Within intersection,unknown,unknown,Sideswipe,Stop sign,Daylight,01 - Daylight,Municipal (excl. Twp. Rd.),Stop sign,Functioning,0,0,0,False,False,False,Clear,,True,Road 1: WILSON AVE; Road 2: WEBSTER RD; Vehicle #1     Make: GMC     Model: SAV     Colour: WHI     Style: FV; Vehicle #2     Make: TOYT     Model: SIE     Colour: GRY     Style: VN,5/13/2021 11:25:47 AM,,
50934,20272250,1608379980000,2020,12,19,12,13,0,Saturday,545056.71205,4804814.77571,-80.443642,43.394864999999996,At/near private drive,2,P.D. only,Right shoulder,unknown,unknown,SMV unattended vehicle,Unknown,Daylight,01 - Daylight,Township,No control,unknown,0,0,0,False,False,False,Snow,,False,Road 1: PIONEER DR (50 km/h); Road 2: 399 PIONEER DR; Distance: 5.0 K W; Vehicle #1     Make: TOYT     Model: RUN     Colour: BLK     Style: TY; Vehicle #2     Make: SUBA     Model: FOR     Colour: RED     Style: TY,5/13/2021 11:54:31 AM,,