OBJECTID,ACCIDENTNUM,ACCIDENTDATE,ACCIDENT_YEAR,ACCIDENT_MONTH,ACCIDENT_DAY,ACCIDENT_HOUR,ACCIDENT_MINUTE,ACCIDENT_SECOND,ACCIDENT_WEEKDAY,XCOORD,YCOORD,LONGITUDE,LATITUDE,ACCIDENTLOCATION,COLLISIONTYPE,CLASSIFICATIONOFACCIDENT,IMPACTLOCATION,INITIALDIRECTIONOFTRAVELONE,INITIALDIRECTIONOFTRAVELTWO,INITIALIMPACTTYPE,INTTRAFFICCONTROL,LIGHT,LIGHTFORREPORT,ROADJURISDICTION,TRAFFICCONTROL,TRAFFICCONTROLCONDITION,THRULANENO,NORTHBOUNDDISOBEYCOUNT,SOUTHBOUNDDISOBEYCOUNT,PEDESTRIANINVOLVED,CYCLISTINVOLVED,MOTORCYCLISTINVOLVED,ENVIRONMENTCONDITION1,ENVIRONMENTCONDITION2,SELFREPORTED,XMLIMPORTNOTES,LASTEDITEDDATE,CREATE_BY,CREATE_DATE
51085,21038022,1613669400000,2021,2,18,17,30,0,Thursday,544528.90323,4808678.6947,-80.449844,43.429688,At intersection,2,P.D. only,Within intersection,unknown,unknown,Angle,Unknown,Dusk,05 - Dusk,Municipal (excl. Twp. Rd.),unknown,Functioning,0,0,0,False,False,False,Clear,,True,Road 1: CONNAUGHT ST; Road 2: 8TH AVE; Vehicle #1     Make: HOND     Model: ULX     Colour: BLU     Style: 4D; Vehicle #2     Make: NISS     Model: ROG     Colour: SIL     Style: TY,12/20/2021 10:52:04 AM,,
51086,21038168,1613683320000,2021,2,18,21,22,0,Thursday,545137.536,4806390.45611,-80.442514,43.409048,Non intersection,2,P.D. only,Thru lane,unknown,unknown,Sideswipe,Unknown,Dark,07 - Dark,Municipal (excl. Twp. Rd.),No control,unknown,1,0,0,False,False,False,Snow,,False,Road 1: 685 WABANAKI DR (60 km/h); Road 2: WABANAKI DR; Distance: 5.0 M W; Vehicle #1     Make: GMC     Model: SIE     Colour: RED     Style: PK; Vehicle #2     Make: MITS     Model: OUT     Colour: RED     Style: TY,12/20/2021 10:55:56 AM,,
51087,21038219,1613687400000,2021,2,18,22,30,0,Thursday,539748.99158,4805551.43599,-80.509126,43.401798,Non intersection,2,P.D. only,Right shoulder,unknown,unknown,SMV unattended vehicle,Unknown,Dark,07 - Dark,Municipal (excl. Twp. Rd.),No control,unknown,0,0,0,False,False,False,Snow,,False,Road 1: 111 DONNENWERTH DR (50 km/h); Road 2: DONNENWERTH DR; Distance: 7.0 M E; Vehicle #1     Make: PETE     Model:      Colour:      Style: ; Vehicle #2     Make: NISS     Model: MSV     Colour: GRY     Style: 4D,12/20/2021 10:48:21 AM,,
51088,21038385,1613725380000,2021,2,19,9,3,0,Friday,544052.86628,4807860.92151,-80.45579099999999,43.422352,Non intersection,2,P.D. only,Thru lane,unknown,unknown,SMV unattended vehicle,Unknown,Daylight,01 - Daylight,Regional municipality,No control,unknown,1,0,0,False,False,False,Snow,,False,Road 1: CLARK AVE (40 km/h); Road 2: SIEBERT AVE; Distance: 10.0 M N; Vehicle #1     Make: DODG     Model: CAR     Colour: SIL     Style: VN; Vehicle #2     Make: KIA     Model: SOU     Colour: BLK     Style: TY; Vehicle #3     Make: INTL     Model: PB1  ,12/20/2021 10:53:24 AM,,
51089,21038848,1613764200000,2021,2,19,19,50,0,Friday,543856.15299,4809177.54651,-80.45811599999999,43.434219,Non intersection,2,P.D. only,Not on roadway - right side,unknown,unknown,SMV other,Unknown,Dark,07 - Dark,Municipal (excl. Twp. Rd.),No control,unknown,0,0,0,False,False,False,Clear,,False,Road 1: ECKERT ST (50 km/h); Road 2: DIXON ST; Distance: 110.0 K E; Charged Driver #1 on page 1: CCC 320.14SU (NA) (NA); Vehicle #1     Make: ACUR     Model: TSX     Colour: SIL     Style: 4D,12/20/2021 10:56:53 AM,,
51090,21038871,1613757600000,2021,2,19,18,0,0,Friday,545851.23622,4808907.54896,-80.433488,43.431667999999995,Non intersection,2,Non-reportable,Thru lane,unknown,unknown,SMV unattended vehicle,Unknown,Dark,07 - Dark,Municipal (excl. Twp. Rd.),No control,unknown,0,0,0,False,False,False,Clear,,True,Road 1: 105 JANSEN AVE; Vehicle #1     Make: CHRY     Model: 2LX     Colour: BLK     Style: 4D; Vehicle #2     Make: HYUN     Model: ELA     Colour: BLU     Style: 4D,12/20/2021 10:48:37 AM,,
51091,21039672,1613852580000,2021,2,20,20,23,0,Saturday,542308.3594,4811039.91747,-80.47709499999999,43.451077,Intersection related,2,P.D. only,Thru lane,unknown,unknown,Angle,Unknown,"Dark, artificial","08 - Dark, artificial",Regional municipality,unknown,Functioning,1,0,0,False,False,False,Clear,,False,Road 1: KRUG ST (50 km/h); Road 2: SAMUEL ST (50 km/h); Charged Driver #1 on page 1: NA NA (NA) (NA); Vehicle #1     Make: ACUR     Model: ATL     Colour: WHI     Style: 4D; Vehicle #2     Make: PONT     Model: GPG     Colour: RED     Style: 4D,12/20/2021 10:54:31 AM,,
51092,21039722,1613847540000,2021,2,20,18,59,0,Saturday,542277.54511,4804275.47423,-80.477999,43.390170999999995,At/near private drive,2,Non-reportable,Thru lane,unknown,unknown,SMV unattended vehicle,Unknown,Dark,07 - Dark,Municipal (excl. Twp. Rd.),No control,unknown,0,0,0,False,False,False,Clear,,True,Road 1: BRITTANIA CRESCENT (IFO 521); Road 2: WOODBINE AVE; Vehicle #1     Make:      Model:      Colour:      Style: ; Vehicle #2     Make: DODG     Model: CAR     Colour: WHI     Style: VN,12/20/2021 10:52:57 AM,,
51093,21040539,1613950320000,2021,2,21,23,32,0,Sunday,541963.85149,4807305.42172,-80.48164,43.417471,At/near private drive,2,P.D. only,Right shoulder,unknown,unknown,SMV other,Unknown,Dark,07 - Dark,Township,No control,unknown,0,0,0,False,False,False,Clear,,False,Road 1: 593 STRASBURG RD (50 km/h); Road 2: STRASBURG RD; Distance: 6.0 K S; Vehicle #1     Make: MERZ     Model: C6G     Colour: GRN     Style: 2D,12/20/2021 10:48:23 AM,,
51094,21040617,1613976000000,2021,2,22,6,40,0,Monday,540402.41818,4809556.72925,-80.50076,43.437827,Intersection related,2,P.D. only,Within intersection,unknown,unknown,Rear end,Unknown,Dawn,03 - Dawn,Municipal (excl. Twp. Rd.),unknown,Functioning,0,0,0,False,False,False,Snow,,True,Road 1: QUEEN'S BLVD; Road 2: PLEASANT AVE; Vehicle #1     Make: FORD     Model: COF     Colour: BLU     Style: CW; Vehicle #2     Make: FORD     Model: SPE     Colour: BLK     Style: TY,12/20/2021 10:52:16 AM,,
51095,21040691,1613549820000,2021,2,17,8,17,0,Wednesday,540211.97922,4805494.98626,-80.503412,43.401264999999995,Non intersection,2,P.D. only,Thru lane,unknown,unknown,SMV unattended vehicle,Unknown,Daylight,01 - Daylight,Regional municipality,No control,unknown,0,0,0,False,False,False,Clear,,True,Road 1: 547 COMMONWEALTH CRESCENT; Vehicle #1     Make: FORD     Model: CTV     Colour: WHI     Style: BU; Vehicle #2     Make: TOYT     Model: HIG     Colour: WHI     Style: TY,12/20/2021 10:53:17 AM,,
51096,21040807,1613995200000,2021,2,22,12,0,0,Monday,545293.12604,4804714.31936,-80.440731,43.393946,At/near private drive,2,P.D. only,Thru lane,unknown,unknown,SMV unattended vehicle,Unknown,Daylight,01 - Daylight,Municipal (excl. Twp. Rd.),No control,unknown,0,0,0,False,False,False,Clear,,True,Road 1: PIONEER DR (IFO 283); Road 2: DOON VILLAGE RD; Vehicle #1     Make: NISS     Model: ROG     Colour: SIL     Style: TY; Vehicle #2     Make: FORD     Model: TST     Colour: WHI     Style: FV,12/20/2021 10:53:50 AM,,
51097,21040870,1613748600000,2021,2,19,15,30,0,Friday,542462.17543,4807561.7513,-80.475465,43.419751,Non intersection,2,Non-reportable,Thru lane,unknown,unknown,SMV unattended vehicle,Unknown,Daylight,01 - Daylight,Municipal (excl. Twp. Rd.),No control,unknown,0,0,0,False,False,False,Clear,,True,Road 1: GRACEFIELD CRESCENT; Road 2: KINGSWOOD DR; Vehicle #1     Make: INTE     Model: PB1     Colour: YEL     Style: BU; Vehicle #2     Make: HYUN     Model: SAN     Colour: GRY     Style: TY,12/20/2021 10:49:02 AM,,
51098,21041055,1612546200000,2021,2,5,17,30,0,Friday,543664.09355,4804889.50037,-80.460831,43.39562,Intersection related,2,P.D. only,Thru lane,unknown,unknown,Rear end,Unknown,Dark,07 - Dark,Municipal (excl. Twp. Rd.),unknown,unknown,0,0,0,False,False,False,Snow,,True,Road 1: OLD HURON RD; Road 2: HURON RD; Vehicle #1     Make: FORD     Model: FSE     Colour: RED     Style: 4D; Vehicle #2     Make: GMC     Model: SIE     Colour: RED     Style: PK,12/20/2021 10:50:05 AM,,
51099,21041061,1612537200000,2021,2,5,15,0,0,Friday,545528.55512,4812078.42207,-80.43721,43.460238,Non intersection,2,P.D. only,Thru lane,unknown,unknown,SMV unattended vehicle,Unknown,Daylight,01 - Daylight,Municipal (excl. Twp. Rd.),No control,unknown,0,0,0,False,False,False,Clear,,True,Road 1: 60 OAKHURST CRESCENT (ON THE ROADWAY); Vehicle #1     Make: FORD     Model: COF     Colour: BLU     Style: PK; Vehicle #2     Make: MAZD     Model: 3TR     Colour: RED     Style: 4B,12/20/2021 10:51:31 AM,,
51100,21041443,1614070800000,2021,2,23,9,0,0,Tuesday,540335.70622,4805514.67119,-80.50188299999999,43.401436,Intersection related,2,Non-reportable,Thru lane,unknown,unknown,Sideswipe,Unknown,Daylight,01 - Daylight,Municipal (excl. Twp. Rd.),unknown,unknown,0,0,0,False,False,False,Clear,,True,Road 1: COMMONWEALTH ST; Road 2: COMMONWEALTH CRESCENT; Vehicle #1     Make: FORD     Model: CTV     Colour: WHI     Style: BU; Vehicle #2     Make:      Model:      Colour:      Style:,12/20/2021 10:47:55 AM,,
51101,21042218,1613464200000,2021,2,16,8,30,0,Tuesday,543369.98588,4810268.44641,-80.464036,43.444069999999996,At/near private drive,2,Non-reportable,Thru lane,unknown,unknown,SMV unattended vehicle,Unknown,Daylight,01 - Daylight,Municipal (excl. Twp. Rd.),No control,unknown,0,0,0,False,False,False,Clear,,True,Road 1: RANDERSON AVE (IFO 30); Road 2: MCKENZIE AVE; Vehicle #1     Make:      Model:      Colour:      Style: ; Vehicle #2     Make: FORD     Model: COF     Colour: BLU     Style: PK,12/20/2021 10:54:52 AM,,
51102,21042223,1614153600000,2021,2,24,8,0,0,Wednesday,543907.40459,4810167.98976,-80.457403,43.443134,Non intersection,2,P.D. only,Thru lane,unknown,unknown,Sideswipe,Unknown,Daylight,01 - Daylight,Regional municipality,No control,unknown,0,0,0,False,False,False,Clear,,True,Road 1: MONTGOMERY RD; Road 2: CLIVE RD; Vehicle #1     Make: MAZD     Model: MGR     Colour: BLU     Style: 4D; Vehicle #2     Make: GMC     Model: M95     Colour: BLU     Style: PK,12/20/2021 10:53:20 AM,,
51103,21042261,1613558700000,2021,2,17,10,45,0,Wednesday,542160.85206,4806322.53763,-80.479282,43.408609999999996,Non intersection,2,P.D. only,Thru lane,unknown,unknown,Other,Unknown,Daylight,01 - Daylight,Regional municipality,No control,unknown,0,0,0,False,False,False,Clear,,True,Road 1: 100 KESSELRING COURT; Vehicle #1     Make: HYUN     Model: R3G     Colour: GRY     Style: TY; Vehicle #2     Make: CONS     Model: UNK     Colour:      Style:,12/20/2021 10:53:33 AM,,
51104,21042327,1613749080000,2021,2,19,15,38,0,Friday,542297.5585,4807637.05461,-80.477492,43.420438,At/near private drive,2,Non-reportable,Thru lane,unknown,unknown,SMV unattended vehicle,Unknown,Daylight,01 - Daylight,Municipal (excl. Twp. Rd.),No control,unknown,0,0,0,False,False,False,Clear,,True,Road 1: 48 GRACEFIELD CRESCENT; Vehicle #1     Make: INTE     Model: PB1     Colour: YEL     Style: BU; Vehicle #2     Make: HYUN     Model: SAN     Colour: GRY     Style: TY,12/20/2021 10:55:53 AM,,
51105,21042377,1614166200000,2021,2,24,11,30,0,Wednesday,541580.03912,4807769.30866,-80.486345,43.421669,Non intersection,2,Non-reportable,Thru lane,unknown,unknown,Sideswipe,Unknown,Daylight,01 - Daylight,Municipal (excl. Twp. Rd.),No control,unknown,0,0,0,False,False,False,Clear,,True,Road 1: STRASBURG RD; Road 2: OTTAWA ST S; Vehicle #1     Make: HOND     Model: UDY     Colour: GRY     Style: TY; Vehicle #2     Make: CHEV     Model: RAX     Colour: GRY     Style: TY,12/20/2021 10:48:59 AM,,
51106,21042441,1614171000000,2021,2,24,12,50,0,Wednesday,541299.95299,4812438.55844,-80.489452,43.463726,At intersection,2,P.D. only,Within intersection,unknown,unknown,Angle,Unknown,Daylight,01 - Daylight,Municipal (excl. Twp. Rd.),unknown,Functioning,0,0,0,False,False,False,Rain,,True,Road 1: BLUCHER ST; Road 2: ST LEGER ST; Vehicle #1     Make: INFI     Model: AWD     Colour: GRY     Style: 4D; Vehicle #2     Make: VOLK     Model: GTI     Colour: WHI     Style: 4B,12/20/2021 10:52:37 AM,,
51107,21042682,1614186900000,2021,2,24,17,15,0,Wednesday,540057.59113,4810229.9904,-80.504972,43.443908,At/near private drive,2,P.D. only,Thru lane,unknown,unknown,Rear end,Unknown,Dusk,05 - Dusk,Municipal (excl. Twp. Rd.),No control,unknown,1,0,0,False,False,False,Clear,,False,Road 1: 128 WEST AVE (50 km/h); Road 2: WEST AVE; Distance: 0.0 M W; Vehicle #1     Make: LINC     Model: LLS     Colour: CRM     Style: 4D; Vehicle #2     Make: LEXS     Model: NXT     Colour: GRY     Style: TY,12/20/2021 10:54:37 AM,,
51108,21043465,1614273000000,2021,2,25,17,10,0,Thursday,542049.93026,4810457.93245,-80.480334,43.445851,Non intersection,2,P.D. only,Thru lane,unknown,unknown,Sideswipe,Unknown,Daylight,01 - Daylight,Regional municipality,No control,unknown,0,0,0,False,False,False,Clear,,True,Road 1: KING ST E; Road 2: CAMERON ST N; Vehicle #1     Make: CADI     Model: SRX     Colour: BRN     Style: TY; Vehicle #2     Make: TOYT     Model: RV4     Colour: BLK     Style: TY,12/20/2021 10:54:49 AM,,
51109,21043914,1614328200000,2021,2,26,8,30,0,Friday,547819.54243,4804523.62594,-80.409554,43.392072999999996,At/near private drive,2,Non-reportable,Thru lane,unknown,unknown,SMV unattended vehicle,Unknown,Daylight,01 - Daylight,Municipal (excl. Twp. Rd.),No control,unknown,0,0,0,False,False,False,Clear,,True,Road 1: ORCHARD MILL CRESCENT (IFO 78); Road 2: DOON VALLEY DR; Vehicle #1     Make:      Model:      Colour:      Style: ; Vehicle #2     Make: VOLK     Model: PTS     Colour: GRY     Style: 4D,12/20/2021 10:53:02 AM,,
51110,21044263,1612803540000,2021,2,8,16,59,0,Monday,541672.9051,4806419.26722,-80.48530099999999,43.409507999999995,Intersection related,2,P.D. only,Within intersection,unknown,unknown,SMV other,Unknown,Daylight,01 - Daylight,Municipal (excl. Twp. Rd.),unknown,Functioning,0,0,0,False,False,False,Snow,,False,Road 1: RITTENHOUSE RD (50 km/h); Road 2: ERINBROOK DR (50 km/h); Charged Driver #1 on page 1: NA NA (NA) (NA); Vehicle #1     Make: CHEV     Model: VTZ     Colour: BLU     Style: 4B,12/20/2021 10:56:34 AM,,
51111,21044952,1614340800000,2021,2,26,12,0,0,Friday,543430.12015,4812324.27037,-80.463129,43.462576999999996,Non intersection,2,P.D. only,Thru lane,unknown,unknown,SMV unattended vehicle,Unknown,Daylight,01 - Daylight,Municipal (excl. Twp. Rd.),No control,unknown,0,0,0,False,False,False,Clear,,True,Road 1: EPHRAIM ST; Road 2: RIVER RD E; Vehicle #1     Make: SUBA     Model: BRL     Colour: WHI     Style: 2D; Vehicle #2     Make: TOYT     Model: TIM     Colour: BLU     Style: 4B,12/20/2021 10:49:05 AM,,
51112,21045852,1614520800000,2021,2,28,14,0,0,Sunday,542243.23318,4806966.34056,-80.47821499999999,43.414401999999995,Non intersection,2,P.D. only,Within intersection,unknown,unknown,Angle,Unknown,Daylight,01 - Daylight,Municipal (excl. Twp. Rd.),No control,unknown,0,0,0,False,False,False,Clear,,True,Road 1: 700 STRASBURG RD; Road 2: PARKING LOT EXIT/ENTRANCE; Vehicle #1     Make: TOYT     Model: RUN     Colour: GRY     Style: TY; Vehicle #2     Make: TOYT     Model: RV4     Colour: GRY     Style: TY,12/20/2021 10:55:44 AM,,
51113,21046523,1614600000000,2021,3,1,12,0,0,Monday,538933.89938,4808111.00536,-80.519009,43.424887999999996,Non intersection,2,P.D. only,Passing lane,unknown,unknown,SMV unattended vehicle,Unknown,Daylight,01 - Daylight,Municipal (excl. Twp. Rd.),No control,unknown,0,0,0,False,False,False,Clear,,False,Road 1: UPLANDS DR (50 km/h); Road 2: FOREST HILL DR; Distance: 50.0 M S; Vehicle #1     Make: ISU     Model: NRR     Colour: WHI     Style: CO; Vehicle #2     Make: CHEV     Model: EXP     Colour: WHI     Style: FV,2/11/2022 11:16:22 AM,,
51114,21046554,1614105900000,2021,2,23,18,45,0,Tuesday,543438.58941,4808912.31322,-80.463296,43.431855,Intersection related,2,Non-reportable,Thru lane,unknown,unknown,Angle,Unknown,Dark,07 - Dark,Regional municipality,unknown,Functioning,0,0,0,False,False,False,Clear,,True,Road 1: DIXON ST; Road 2: CARLIN AVE; Vehicle #1     Make: HOND     Model: UCD     Colour: GRY     Style: 4D; Vehicle #2     Make:      Model:      Colour:      Style:,12/20/2021 10:47:32 AM,,
51115,21046679,1614611700000,2021,3,1,15,15,0,Monday,540271.75231,4811639.8639,-80.50222099999999,43.456590999999996,At intersection,2,P.D. only,Within intersection,unknown,unknown,Angle,Unknown,Daylight,01 - Daylight,Municipal (excl. Twp. Rd.),unknown,Functioning,0,0,0,False,False,False,Clear,,True,Road 1: MOORE AVE; Road 2: SHANLEY ST; Vehicle #1     Make: CADI     Model: SRX     Colour: GRY     Style: TY; Vehicle #2     Make: HOND     Model: UCL     Colour: BLK     Style: 4D,12/20/2021 10:54:21 AM,,
51116,21047272,1614688200000,2021,3,2,12,30,0,Tuesday,542601.48836,4810112.60108,-80.473545,43.442710999999996,Non intersection,2,P.D. only,Thru lane,unknown,unknown,Sideswipe,Unknown,Daylight,01 - Daylight,Regional municipality,No control,unknown,0,0,0,False,False,False,Clear,,True,Road 1: KING; Road 2: BORDEN; Vehicle #1     Make: HOND     Model: CLL     Colour: BLU     Style: 4D; Vehicle #2     Make: GMC     Model: SIE     Colour: WHI     Style: PK,12/20/2021 10:48:28 AM,,
51117,21047428,1614697800000,2021,3,2,15,10,0,Tuesday,536003.31533,4809523.72053,-80.55512,43.437754999999996,At/near private drive,2,Non-reportable,Off highway,unknown,unknown,SMV unattended vehicle,Unknown,Daylight,01 - Daylight,Municipal (excl. Twp. Rd.),No control,unknown,0,0,0,False,False,False,Clear,,True,Road 1: 103 IRON GATE ST (ON THE ROAWAY); Vehicle #1     Make: DODG     Model: CAR     Colour: WHI     Style: VN; Vehicle #2     Make: HYUN     Model: BGS     Colour: SIL     Style: 4D,12/20/2021 10:53:10 AM,,
51118,21047709,1614727140000,2021,3,2,23,19,0,Tuesday,539617.36207,4811375.44274,-80.510329,43.454245,At intersection,2,P.D. only,Within intersection,unknown,unknown,Sideswipe,Unknown,Dark,07 - Dark,Municipal (excl. Twp. Rd.),unknown,Functioning,0,0,1,False,False,False,Clear,,False,Road 1: GLASGOW ST (50 km/h); Road 2: PARK ST (50 km/h); Charged Driver #1 on page 1: HTA 144 (18) (NA); Vehicle #1     Make: HYUN     Model: VTO     Colour: GRY     Style: 4D; Vehicle #2     Make: HYUN     Model: TUC     Colour: WHI     Style: TY,12/20/2021 10:56:44 AM,,
51119,21047857,1614758220000,2021,3,3,7,57,0,Wednesday,540912.84259,4811150.17738,-80.494334,43.452147,Non intersection,2,P.D. only,Right shoulder,unknown,unknown,SMV other,Unknown,Daylight,01 - Daylight,Regional municipality,No control,unknown,0,0,0,False,False,False,Clear,,False,Road 1: WATER ST N (50 km/h); Road 2: BELL LANE; Distance: 5.0 K S; Vehicle #1     Make:      Model: -     Colour:      Style:,12/20/2021 10:54:01 AM,,
51120,21048912,1614619800000,2021,3,1,17,30,0,Monday,543203.05621,4804492.97952,-80.466555,43.392077,Intersection related,2,P.D. only,Right turn lane,unknown,unknown,Sideswipe,Unknown,Daylight,01 - Daylight,Regional municipality,unknown,unknown,0,0,0,False,False,False,Clear,,True,Road 1: HURON RD; Road 2: STRASBURG RD; Vehicle #1     Make: HYUN     Model: ESM     Colour: BLK     Style: 4D; Vehicle #2     Make:      Model:      Colour:      Style:,12/20/2021 10:47:23 AM,,
51121,21049509,1614849600000,2021,3,4,9,20,0,Thursday,545044.2267,4806362.16087,-80.443669,43.408798999999995,Non intersection,2,P.D. only,Thru lane,unknown,unknown,Angle,Unknown,Daylight,01 - Daylight,Municipal (excl. Twp. Rd.),No control,unknown,0,0,0,False,False,False,Clear,,True,Road 1: 655 WABANAKI DR TRILLIUM INDUSTRIAL PARK; Vehicle #1     Make: HYUN     Model: TUC     Colour: WHI     Style: TY; Vehicle #2     Make: HOND     Model: FIT     Colour: RED     Style: TY,12/20/2021 10:50:12 AM,,
51122,21049632,1614286800000,2021,2,25,21,0,0,Thursday,545067.7844,4812879.34419,-80.44283899999999,43.467478,At/near private drive,2,P.D. only,Thru lane,unknown,unknown,SMV unattended vehicle,Unknown,Dark,07 - Dark,Municipal (excl. Twp. Rd.),No control,unknown,0,0,0,False,False,False,Clear,,True,Road 1: 18 MARKETA CRESCENT; Vehicle #1     Make: JEEP     Model: GCK     Colour: GRY     Style: TY; Vehicle #2     Make: CHEV     Model: S2L     Colour: RED     Style: 4B,12/20/2021 10:48:24 AM,,
51123,21050147,1614991860000,2021,3,6,0,51,0,Saturday,541932.27127,4808322.2332,-80.48195199999999,43.426628,Non intersection,2,P.D. only,Off highway,unknown,unknown,SMV other,Unknown,Dark,07 - Dark,Regional municipality,No control,unknown,0,0,0,False,False,False,Snow,,False,Road 1: HOMER WATSON BLVD (50 km/h); Road 2: OTTAWA ST S; Distance: 40.0 M E; Charged Driver #1 on page 1: CCC 320 (14) (1); Vehicle #1     Make: CHEV     Model: CZT     Colour: WHI     Style: 4D,1/3/2023 10:10:24 AM,,
51124,21050339,1615018800000,2021,3,6,8,20,0,Saturday,543371.69248,4807665.47553,-80.464221,43.420632,Non intersection,2,P.D. only,Thru lane,unknown,unknown,Sideswipe,Unknown,Daylight,01 - Daylight,Regional municipality,No control,unknown,0,0,0,False,False,False,Clear,,True,Road 1: BLOCK LINE RD; Road 2: LENNOX LEWIS WAY; Vehicle #1     Make: TOYT     Model: RV4     Colour: WHI     Style: TY; Vehicle #2     Make: NISS     Model: ROG     Colour: BLU     Style: 4W,12/20/2021 10:50:36 AM,,
51125,21050540,1615041660000,2021,3,6,14,41,0,Saturday,545168.64796,4809088.86385,-80.441906,43.433341999999996,At/near private drive,1,Non-fatal injury,Thru lane,unknown,unknown,Turning movement,Unknown,Daylight,01 - Daylight,Municipal (excl. Twp. Rd.),No control,unknown,1,0,0,False,False,False,Clear,,False,Road 1: FERGUS AVE (50 km/h); Road 2: WEBER ST E; Distance: 20.0 M S; Charged Driver #1 on page 1: NA NA (NA) (NA); Vehicle #1     Make: ACUR     Model: IES     Colour: BLU     Style: 4D; Vehicle #2     Make: KIA     Model: SPO     Colour: BLU     Style: ,12/20/2021 10:56:14 AM,,
51126,21050987,1615064400000,2021,3,6,21,0,0,Saturday,539309.56166,4806739.75379,-80.514467,43.412521,At/near private drive,2,Non-reportable,Thru lane,unknown,unknown,SMV unattended vehicle,Unknown,Dark,07 - Dark,Municipal (excl. Twp. Rd.),No control,unknown,0,0,0,False,False,False,Clear,,True,Road 1: GREY FOX DR (IFO 256); Road 2: WILDERNESS DR; Vehicle #1     Make:      Model:      Colour:      Style: ; Vehicle #2     Make: HYUN     Model: ESM     Colour: WHI     Style: 4D,12/20/2021 10:53:53 AM,,
51127,21051221,1614946500000,2021,3,5,12,15,0,Friday,547364.26186,4808123.58486,-80.414863,43.424515,Non intersection,2,Non-reportable,Thru lane,unknown,unknown,SMV other,Unknown,Daylight,01 - Daylight,Regional municipality,No control,unknown,0,0,0,False,False,False,Clear,,True,Road 1: KING ST E; Road 2: STONEGATE DR; Vehicle #1     Make: HOND     Model: UDY     Colour: SIL     Style: TY,12/20/2021 10:56:04 AM,,
51128,21051229,1613551500000,2021,2,17,8,45,0,Wednesday,541698.22425,4804136.85587,-80.485163,43.388954999999996,At/near private drive,2,P.D. only,Off highway,unknown,unknown,SMV unattended vehicle,Unknown,Daylight,01 - Daylight,Municipal (excl. Twp. Rd.),No control,unknown,0,0,0,False,False,False,Clear,,True,Road 1: PARKVALE DR; Road 2: WOODBINE AVE; Vehicle #1     Make:      Model:      Colour:      Style: ; Vehicle #2     Make: BMW     Model: 20X     Colour: BLK     Style: 4D,12/20/2021 10:50:16 AM,,
51129,21051375,1615128900000,2021,3,7,14,55,0,Sunday,541672.75253,4806419.36341,-80.485303,43.409509,Intersection related,2,P.D. only,Within intersection,unknown,unknown,SMV other,Unknown,Daylight,01 - Daylight,Municipal (excl. Twp. Rd.),unknown,Functioning,0,0,0,False,False,False,Clear,,False,Road 1: ERINBROOK DR (50 km/h); Road 2: RITTENHOUSE RD (50 km/h); Charged Driver #1 on page 1: HTA 142 (NA) (NA); Vehicle #1     Make: FORD     Model: SPE     Colour: GRY     Style: TY,12/20/2021 10:56:32 AM,,
51130,21051597,1615150800000,2021,3,7,21,0,0,Sunday,547729.16527,4804524.32537,-80.410669,43.392085,At/near private drive,2,P.D. only,Thru lane,unknown,unknown,SMV unattended vehicle,Unknown,Dark,07 - Dark,Municipal (excl. Twp. Rd.),No control,Not applicable,0,0,0,False,False,False,Clear,,True,Road 1: AMHERST DR (ON THE ROADWAY 189); Road 2: DURHAM ST; Vehicle #1     Make: TOYT     Model: AXP     Colour: GRY     Style: 4D; Vehicle #2     Make: HYUN     Model: ESM     Colour: SIL     Style: 4D,12/20/2021 10:50:43 AM,,
51131,21052045,1615118400000,2021,3,7,12,0,0,Sunday,545931.52023,4804805.45642,-80.432841,43.394728,At/near private drive,2,P.D. only,Off highway,unknown,unknown,SMV unattended vehicle,Unknown,Daylight,01 - Daylight,Regional municipality,No control,unknown,0,0,0,False,False,False,Clear,,True,Road 1: 123 PIONEER DR PIONEER PARK (PARK LOT); Vehicle #1     Make:      Model:      Colour:      Style: ; Vehicle #2     Make: TOYT     Model: SCM     Colour: BLU     Style: 4B,12/20/2021 10:51:01 AM,,
51132,21052125,1615138200000,2021,3,7,17,30,0,Sunday,539985.844,4806032.26083,-80.506166,43.406115,At/near private drive,2,P.D. only,Thru lane,unknown,unknown,Other,Unknown,Daylight,01 - Daylight,Municipal (excl. Twp. Rd.),No control,unknown,0,0,0,False,False,False,Clear,,True,Road 1: 192 COTTON GRASS ST; Vehicle #1     Make: DODG     Model: CAR     Colour: WHI     Style: VN; Vehicle #2     Make: VOLK     Model: TOU     Colour: GRY     Style: TY,12/20/2021 10:50:39 AM,,
51133,21052130,1614704400000,2021,3,2,17,0,0,Tuesday,544287.90306,4807408.82228,-80.452925,43.418268,Non intersection,2,P.D. only,Thru lane,unknown,unknown,Angle,Unknown,Daylight,01 - Daylight,Regional municipality,No control,unknown,0,0,0,False,False,False,Clear,,True,Road 1: WILSON AVE; Road 2: FAIRWAY RD S; Vehicle #1     Make: TOYT     Model: CBA     Colour: GRY     Style: 4D; Vehicle #2     Make: HYUN     Model: TUC     Colour: RED     Style: TY,12/20/2021 10:48:40 AM,,