OBJECTID,ACCIDENTNUM,ACCIDENTDATE,ACCIDENT_YEAR,ACCIDENT_MONTH,ACCIDENT_DAY,ACCIDENT_HOUR,ACCIDENT_MINUTE,ACCIDENT_SECOND,ACCIDENT_WEEKDAY,XCOORD,YCOORD,LONGITUDE,LATITUDE,ACCIDENTLOCATION,COLLISIONTYPE,CLASSIFICATIONOFACCIDENT,IMPACTLOCATION,INITIALDIRECTIONOFTRAVELONE,INITIALDIRECTIONOFTRAVELTWO,INITIALIMPACTTYPE,INTTRAFFICCONTROL,LIGHT,LIGHTFORREPORT,ROADJURISDICTION,TRAFFICCONTROL,TRAFFICCONTROLCONDITION,THRULANENO,NORTHBOUNDDISOBEYCOUNT,SOUTHBOUNDDISOBEYCOUNT,PEDESTRIANINVOLVED,CYCLISTINVOLVED,MOTORCYCLISTINVOLVED,ENVIRONMENTCONDITION1,ENVIRONMENTCONDITION2,SELFREPORTED,XMLIMPORTNOTES,LASTEDITEDDATE,CREATE_BY,CREATE_DATE
51331,21142801,1624627800000,2021,6,25,13,30,0,Friday,539787.69094,4811189.15109,-80.508237,43.452559,At/near private drive,2,P.D. only,Thru lane,unknown,unknown,Other,Unknown,Daylight,01 - Daylight,Municipal (excl. Twp. Rd.),No control,unknown,0,0,0,False,False,False,Rain,,True,Road 1: 295 PARK ST; Vehicle #1     Make: MAZD     Model: MA5     Colour: GRY     Style: SW; Vehicle #2     Make: CHEV     Model: EQU     Colour: BLK     Style: TY,2/11/2022 11:16:33 AM,,
51332,21143301,1623920400000,2021,6,17,9,0,0,Thursday,542800.4376,4814306.42046,-80.47075699999999,43.48046,Non intersection,2,Non-reportable,Thru lane,unknown,unknown,SMV unattended vehicle,Unknown,Daylight,01 - Daylight,Municipal (excl. Twp. Rd.),No control,unknown,0,0,0,False,False,False,Clear,,True,Road 1: 55 SCHWEITZER ST; Vehicle #1     Make:      Model:      Colour:      Style: ; Vehicle #2     Make: TOYT     Model: YAR     Colour: GRY     Style: 4B,2/11/2022 11:17:22 AM,,
51333,21143528,1624721160000,2021,6,26,15,26,0,Saturday,536074.33333,4807656.93586,-80.55436499999999,43.420942,At/near private drive,2,P.D. only,Right shoulder,unknown,unknown,SMV unattended vehicle,Unknown,Daylight,01 - Daylight,Municipal (excl. Twp. Rd.),No control,unknown,0,0,0,False,False,False,Clear,,False,Road 1: 10 RAUCH CRT (40 km/h); Road 2: RAUCH CRT; Distance: 1.0 M W; Charged Driver #1 on page 1: HTA 130 (NA) (NA); Vehicle #1     Make: FORD     Model: ZX4     Colour: GRY     Style: 4D; Vehicle #2     Make: FORD     Model: STF     Colour: BLK     Styl,2/11/2022 11:09:29 AM,,
51334,21143536,1624721640000,2021,6,26,15,34,0,Saturday,545980.26682,4811006.91016,-80.43171699999999,43.450562999999995,Other,2,P.D. only,Off highway,unknown,unknown,SMV other,Unknown,Daylight,01 - Daylight,Municipal (excl. Twp. Rd.),No control,unknown,0,0,0,False,False,False,Clear,,False,Road 1: 57 JADESTONE COURT; Vehicle #1     Make: FORD     Model: TST     Colour: WHI     Style: FV,2/11/2022 11:10:06 AM,,
51335,21143548,1624723080000,2021,6,26,15,58,0,Saturday,542464.72289,4807233.04263,-80.475459,43.416790999999996,Non intersection,1,Non-fatal injury,Not on roadway - left side,unknown,unknown,SMV other,Unknown,Daylight,01 - Daylight,Regional municipality,No control,unknown,0,0,0,False,False,False,Clear,,False,Road 1: COUNTRY HILL DR (50 km/h); Road 2: BLOCK LINE RD; Distance: 50.0 M S; Charged Driver #1 on page 1: HTA 130 (NA) (NA); Vehicle #1     Make: MAZD     Model: M3I     Colour: GRY     Style: 4D,2/11/2022 11:17:30 AM,,
51336,21144522,1624817760000,2021,6,27,18,16,0,Sunday,542790.62148,4809801.56961,-80.471232,43.439899,At intersection,2,P.D. only,Within intersection,unknown,unknown,SMV other,Unknown,Daylight,01 - Daylight,Regional municipality,unknown,Functioning,0,0,0,False,False,False,Clear,,False,Road 1: SYDNEY ST S (30 km/h); Road 2: MAURICE ST (30 km/h); Vehicle #1     Make: FORD     Model: COF     Colour: BLK     Style: CW,2/11/2022 11:15:05 AM,,
51337,21145809,1624860000000,2021,6,28,6,0,0,Monday,536916.95373,4807413.84416,-80.543973,43.418712,Non intersection,2,Non-reportable,Thru lane,unknown,unknown,SMV unattended vehicle,Unknown,Daylight,01 - Daylight,Municipal (excl. Twp. Rd.),No control,unknown,0,0,0,False,False,False,Clear,,True,Road 1: 32 TIMBERLANE CRESCENT (IFO); Vehicle #1     Make: TOYT     Model: CEP     Colour: WHI     Style: 4D; Vehicle #2     Make: RAM     Model: RTR     Colour: GRY     Style: CW,2/11/2022 11:17:24 AM,,
51338,21146360,1624987200000,2021,6,29,17,20,0,Tuesday,538581.67388,4810868.32071,-80.52316499999999,43.449732999999995,Non intersection,2,Non-reportable,Thru lane,unknown,unknown,SMV other,Unknown,Daylight,01 - Daylight,Regional municipality,No control,unknown,0,0,0,False,False,False,Rain,,True,Road 1: GLASGOW ST; Road 2: WESTMOUNT RD; Vehicle #1     Make: TOYT     Model: CTR     Colour: GRY     Style: 4B,2/11/2022 11:15:31 AM,,
51339,21147189,1625066340000,2021,6,30,15,19,0,Wednesday,543361.85497,4807654.48425,-80.464344,43.420533999999996,At intersection,1,Non-fatal injury,Within intersection,unknown,unknown,Angle,Unknown,Daylight,01 - Daylight,Municipal (excl. Twp. Rd.),unknown,Functioning,0,0,0,False,False,True,Clear,,False,Road 1: BLOCK LINE RD (50 km/h); Road 2: LENNOX LEWIS WAY (50 km/h); Vehicle #1     Make: HOND     Model: C60     Colour: BLK     Style: MS; Vehicle #2     Make: HINO     Model: 195     Colour: WHI     Style: CT,2/11/2022 11:15:11 AM,,
51340,21147342,1625076420000,2021,6,30,18,7,0,Wednesday,544272.67306,4803389.57174,-80.45343799999999,43.382079,At intersection,2,P.D. only,Other,unknown,unknown,SMV other,Unknown,Daylight,01 - Daylight,Municipal (excl. Twp. Rd.),unknown,Functioning,0,1,0,False,False,False,Clear,,False,Road 1: EVENSTONE AVE (50 km/h); Road 2: CARYNDALE DR (50 km/h); Charged Driver #1 on page 1: NA NA (NA) (NA); Vehicle #1     Make: TOYT     Model: RG4     Colour: GRY     Style: TY,2/11/2022 11:15:22 AM,,
51341,21147972,1624893600000,2021,6,28,15,20,0,Monday,542617.18664,4806576.81714,-80.473627,43.410872999999995,Intersection related,2,P.D. only,Thru lane,unknown,unknown,Angle,Unknown,Daylight,01 - Daylight,Municipal (excl. Twp. Rd.),unknown,unknown,0,0,0,False,False,False,Clear,,True,Road 1: DEVONGLEN DR; Road 2: DEVONGLEN CT; Vehicle #1     Make:      Model:      Colour:      Style: ; Vehicle #2     Make: MAZD     Model: M3S     Colour: SIL     Style: 4D,8/16/2022 2:56:24 PM,,
51342,21147977,1625065200000,2021,6,30,15,0,0,Wednesday,538406.39507,4807617.35669,-80.52556,43.420469999999995,Non intersection,2,Non-reportable,Right shoulder,unknown,unknown,SMV unattended vehicle,Unknown,Daylight,01 - Daylight,Municipal (excl. Twp. Rd.),No control,unknown,0,0,0,False,False,False,Clear,,True,Road 1: 153 MCGARRY DR; Vehicle #1     Make:      Model:      Colour:      Style: ; Vehicle #2     Make: MAZD     Model: 3TR     Colour: BLU     Style: 4B,2/11/2022 11:13:33 AM,,
51343,21148070,1625149800000,2021,7,1,14,30,0,Thursday,542500.0167,4812519.02091,-80.474611,43.464383999999995,Non intersection,2,P.D. only,Thru lane,unknown,unknown,Sideswipe,Unknown,Daylight,01 - Daylight,Regional municipality,No control,unknown,0,0,0,False,False,False,Clear,,True,Road 1: WELLINGTON ST N; Road 2: CONESTOGA PKWY ON-RAMP; Vehicle #1     Make: FORD     Model: DRW     Colour: WHI     Style: MH; Vehicle #2     Make: TOYT     Model: MTL     Colour: GRY     Style: 4D,2/11/2022 11:13:30 AM,,
51344,21148585,1625187600000,2021,7,2,1,0,0,Friday,541906.33897,4806804.34274,-80.482389,43.412962,Non intersection,2,P.D. only,Thru lane,unknown,unknown,SMV unattended vehicle,Unknown,Dark,07 - Dark,Municipal (excl. Twp. Rd.),No control,unknown,1,0,0,False,False,False,Clear,,False,Road 1: 9 BROOKFIELD CRES (40 km/h); Road 2: BROOKFIELD CRES; Distance: 15.0 M S; Charged Driver #1 on page 1: CCC 320.14 (NA) (NA); Vehicle #1     Make: CHEV     Model: CZT     Colour: WHI     Style: 4D; Vehicle #2     Make: HOND     Model: ULS     Colou,2/11/2022 11:09:07 AM,,
51345,21148908,1625215500000,2021,7,2,8,45,0,Friday,543971.62543,4808237.94408,-80.45676499999999,43.425751999999996,At/near private drive,2,P.D. only,Thru lane,unknown,unknown,SMV unattended vehicle,Unknown,Daylight,01 - Daylight,Municipal (excl. Twp. Rd.),No control,unknown,0,0,0,False,False,False,Clear,,True,Road 1: 58 BROADMOOR AVE; Road 2: DRIVE WAY; Vehicle #1     Make: FORD     Model: COF     Colour: WHI     Style: PK; Vehicle #2     Make: FORD     Model: FE     Colour: BLU     Style: 4D,2/11/2022 11:14:06 AM,,
51346,21148910,1624896600000,2021,6,28,16,10,0,Monday,543789.32135,4809466.88648,-80.458918,43.436828,Non intersection,2,P.D. only,Thru lane,unknown,unknown,Angle,Unknown,Daylight,01 - Daylight,Regional municipality,No control,unknown,0,0,0,False,False,False,Clear,,True,Road 1: DIXON ST; Road 2: KING ST E; Vehicle #1     Make: NISS     Model: VNS     Colour: YEL     Style: 4B; Vehicle #2     Make:      Model:      Colour:      Style:,2/11/2022 11:13:48 AM,,
51347,21148923,1622534400000,2021,6,1,8,0,0,Tuesday,545236.03085,4811262.52761,-80.440894,43.452909999999996,At/near private drive,2,P.D. only,Thru lane,unknown,unknown,SMV unattended vehicle,Unknown,Daylight,01 - Daylight,Municipal (excl. Twp. Rd.),No control,unknown,0,0,0,False,False,False,Clear,,True,Road 1: BISHOP COURT (IFO 28); Vehicle #1     Make:      Model:      Colour:      Style: ; Vehicle #2     Make: CHEV     Model: C15     Colour: BLU     Style: TY,8/16/2022 2:54:07 PM,,
51348,21148925,1623945600000,2021,6,17,16,0,0,Thursday,546947.02175,4804100.15802,-80.420363,43.388315,At/near private drive,2,P.D. only,Within intersection,unknown,unknown,Rear end,Unknown,Daylight,01 - Daylight,Municipal (excl. Twp. Rd.),No control,unknown,0,0,0,False,False,False,Clear,,True,Road 1: 1398 DOON VILLAGE RD; Road 2: DOON S DR DOON SOUTH KITCHENER; Vehicle #1     Make: RAM     Model: RTR     Colour: BLU     Style: PK; Vehicle #2     Make: CHEV     Model: EQU     Colour: WHI     Style: TY,2/11/2022 11:13:06 AM,,
51349,21148949,1624040460000,2021,6,18,18,21,0,Friday,538800.88407,4808626.53927,-80.52061599999999,43.429536999999996,At/near private drive,2,Non-reportable,Thru lane,unknown,unknown,Angle,Unknown,Daylight,01 - Daylight,Municipal (excl. Twp. Rd.),No control,unknown,0,0,0,False,False,False,Clear,,True,Road 1: 1468 QUEEN'S BLVD; Vehicle #1     Make: DODG     Model: CAR     Colour: WHI     Style: VN; Vehicle #2     Make:      Model:      Colour:      Style:,2/11/2022 11:17:19 AM,,
51350,21150508,1625398500000,2021,7,4,11,35,0,Sunday,545314.65457,4804469.7847,-80.44048599999999,43.391743,Intersection related,2,Non-reportable,Within intersection,unknown,unknown,Turning movement,Unknown,Daylight,01 - Daylight,Regional municipality,unknown,Functioning,0,0,0,False,False,False,Clear,,True,"Road 1: DOON VILLAGE RD KITCHENER WATERLOO REGIONAL MUNICIPALITY , ONTARIO , ONTARIO , ONTARIO , ONTARIO , O; Road 2: BETCHEL ROAD; Vehicle #1     Make:      Model:      Colour:      Style: ; Vehicle #2     Make: TOYT     Model: SXC     Colour: WHI     St",2/11/2022 11:12:54 AM,,
51351,21151282,1625479620000,2021,7,5,10,7,0,Monday,542560.86988,4812549.58066,-80.473856,43.464655,Intersection related,2,P.D. only,Thru lane,unknown,unknown,Rear end,Unknown,Daylight,01 - Daylight,Regional municipality,unknown,Functioning,2,0,0,False,False,False,Clear,,False,Road 1: WELLINGTON ST N (50 km/h); Road 2: WELLINGTON ST N N TO 85 N ON (50 km/h); Distance: 1.0 M E; Charged Driver #1 on page 1: HTA 130 (NA) (NA); Vehicle #1     Make: RAM     Model: RTR     Colour: BLK     Style: PK; Vehicle #2     Make: MACK     Mode,2/11/2022 11:08:01 AM,,
51352,21151487,1625495340000,2021,7,5,14,29,0,Monday,543911.12018,4811028.18949,-80.45728799999999,43.450879,Non intersection,2,P.D. only,Thru lane,unknown,unknown,SMV other,Unknown,Daylight,01 - Daylight,Regional municipality,No control,unknown,1,0,0,False,False,False,Clear,,False,Road 1: 190 MANCHESTER RD (40 km/h); Road 2: MANCHESTER RD; Distance: 15.0 M W; Vehicle #1     Make: FORD     Model: COF     Colour: GRY     Style: PK,4/22/2022 2:25:15 PM,,
51353,21152060,1623861000000,2021,6,16,16,30,0,Wednesday,537280.00552,4808364.79832,-80.539423,43.427257,Non intersection,2,Non-reportable,Thru lane,unknown,unknown,SMV unattended vehicle,Unknown,Daylight,01 - Daylight,Regional municipality,No control,unknown,0,0,0,False,False,False,Clear,,True,Road 1: 323 BANKSIDE DR; Vehicle #1     Make:      Model:      Colour:      Style: ; Vehicle #2     Make: HOND     Model: UCL     Colour: RED     Style: 4D,2/11/2022 11:13:46 AM,,
51354,21152200,1625411700000,2021,7,4,15,15,0,Sunday,544480.42474,4813307.39951,-80.45006599999999,43.471367,Non intersection,2,P.D. only,Thru lane,unknown,unknown,Sideswipe,Unknown,Daylight,01 - Daylight,Municipal (excl. Twp. Rd.),No control,unknown,0,0,0,False,False,False,Clear,,True,Road 1: 425 BINGEMANS CENTRE DR; Road 2: IFO; Vehicle #1     Make: CHEV     Model: UPL     Colour: GRY     Style: VN; Vehicle #2     Make: MAZD     Model: CX9     Colour: WHI     Style: TY,2/11/2022 11:14:03 AM,,
51355,21152374,1625580000000,2021,7,6,14,0,0,Tuesday,540038.51493,4811338.08867,-80.50512599999999,43.453886,Non intersection,2,Non-reportable,Thru lane,unknown,unknown,SMV unattended vehicle,Unknown,Daylight,01 - Daylight,Municipal (excl. Twp. Rd.),No control,unknown,0,0,0,False,False,False,Clear,,True,Road 1: 69 WALTER ST (IFO); Vehicle #1     Make:      Model:      Colour:      Style: ; Vehicle #2     Make: MAZD     Model: 3TR     Colour: WHI     Style: 4D,2/11/2022 11:14:23 AM,,
51356,21152514,1625595240000,2021,7,6,18,14,0,Tuesday,544784.17744,4811397.24553,-80.446467,43.45415,Non intersection,1,Non-fatal injury,Thru lane,unknown,unknown,Rear end,Unknown,Daylight,01 - Daylight,Regional municipality,No control,unknown,1,0,0,False,False,False,Clear,,False,Road 1: RIVER RD E (50 km/h); Road 2: OTTAWA ST N; Distance: 400.0 M W; Charged Driver #1 on page 1: NA NA (NA) (NA); Vehicle #1     Make: MAZD     Model: M3I     Colour: BLU     Style: 4D; Vehicle #2     Make: HOND     Model: CTU     Colour: GRY     Styl,2/11/2022 11:11:57 AM,,
51357,21153291,1625671800000,2021,7,7,15,30,0,Wednesday,546224.33213,4810167.50323,-80.428772,43.442989999999995,At/near private drive,2,P.D. only,Thru lane,unknown,unknown,Other,Unknown,Daylight,01 - Daylight,Regional municipality,No control,unknown,0,0,0,False,False,False,Clear,,True,Road 1: 198 DAIMLER DR; Vehicle #1     Make: FORD     Model: COF     Colour: BLK     Style: CW; Vehicle #2     Make: AUDI     Model: CQ7     Colour: GRY     Style: TY,2/11/2022 11:14:25 AM,,
51358,21153989,1625755800000,2021,7,8,14,50,0,Thursday,545547.80659,4804672.82119,-80.43759,43.393557,Intersection related,2,P.D. only,Within intersection,unknown,unknown,Sideswipe,Stop sign,Daylight,01 - Daylight,unknown,Stop sign,Functioning,0,0,0,False,False,False,Rain,,True,Road 1: PIONEER DR; Road 2: BECHTEL DR; Vehicle #1     Make: KIA     Model: SED     Colour: GRY     Style: VN; Vehicle #2     Make: VOLK     Model: CTG     Colour: BLU     Style: 4B,2/11/2022 11:16:44 AM,,
51359,21154815,1625844600000,2021,7,9,15,30,0,Friday,545904.67398,4809349.13822,-80.432791,43.435641,Other,2,P.D. only,Off highway,unknown,unknown,SMV other,Unknown,Daylight,01 - Daylight,Regional municipality,No control,unknown,0,0,0,False,False,False,Clear,,False,Road 1: THALER; Road 2: KINZIE AVE; Distance: 5.0 M N; Charged Driver #1 on page 1: HTA 130 (NA) (NA); Vehicle #1     Make: CHEV     Model: UPL     Colour: GRY     Style: VN,2/11/2022 11:16:11 AM,,
51360,21155040,1625863440000,2021,7,9,20,44,0,Friday,541141.30939,4806764.66076,-80.491841,43.412647,At intersection,1,Non-fatal injury,Within intersection,unknown,unknown,Angle,Unknown,Dusk,05 - Dusk,Regional municipality,unknown,Functioning,0,0,0,False,False,False,Clear,,False,Road 1: LAURENTIAN DR (50 km/h); Road 2: BLOCK LINE RD (50 km/h); Charged Driver #1 on page 1: HTA 136 (NA) (NA); Vehicle #1     Make: TOYT     Model: RV4     Colour: GRY     Style: TY; Vehicle #2     Make: TOYT     Model: UCS     Colour: GRY     Style: 4,2/11/2022 11:08:06 AM,,
51361,21155657,1625933520000,2021,7,10,16,12,0,Saturday,544907.16226,4811142.59682,-80.444968,43.45185,At/near private drive,1,Non-fatal injury,Not on roadway - right side,unknown,unknown,SMV other,Unknown,Daylight,01 - Daylight,Municipal (excl. Twp. Rd.),No control,unknown,0,0,0,True,False,False,Clear,,False,Road 1: 1020 RIVER RD E (50 km/h); Road 2: OTTAWA ST N; Distance: 0.0 M N; Charged Driver #1 on page 1: HTA 130 (NA) (NA); Vehicle #1     Make: BUIC     Model: RZV     Colour: GRY     Style: TY,4/22/2022 2:26:41 PM,,
51362,21156782,1626075900000,2021,7,12,7,45,0,Monday,546770.44511,4801999.52721,-80.422722,43.369412,Non intersection,2,P.D. only,Not on roadway - right side,unknown,unknown,SMV other,Unknown,Daylight,01 - Daylight,Municipal (excl. Twp. Rd.),No control,unknown,0,0,0,False,False,False,Clear,,False,Road 1: REICHERT DR (80 km/h); Road 2: NEW DUNDEE RD; Distance: 400.0 M S; Charged Driver #1 on page 1: HTA 130 (NA) (NA); Vehicle #1     Make: PTRB     Model: CON     Colour: BLU     Style: CT,2/11/2022 11:09:48 AM,,
51363,21157013,1626094920000,2021,7,12,13,2,0,Monday,539174.71119,4810911.61348,-80.515833,43.450092,Non intersection,2,Non-reportable,Thru lane,unknown,unknown,Rear end,Unknown,Daylight,01 - Daylight,Regional municipality,No control,unknown,0,0,0,False,False,False,Clear,,True,Road 1: 564 BELMONT AVE W CHERRY HILL (ON BELMONT AVE - IN FRONT OF); Vehicle #1     Make:      Model:      Colour:      Style: ; Vehicle #2     Make: LNDR     Model: DVS     Colour: BLK     Style: TY,2/11/2022 11:16:07 AM,,
51364,21157331,1626121020000,2021,7,12,20,17,0,Monday,544883.40257,4804850.24213,-80.445779,43.395195,At intersection,2,P.D. only,Thru lane,unknown,unknown,Rear end,Unknown,"Daylight, artificial","02 - Daylight, artificial",Regional municipality,unknown,Functioning,1,0,0,False,False,False,Clear,,False,Road 1: DOON VILLAGE RD (50 km/h); Road 2: PIONEER DR (50 km/h); Vehicle #1     Make: KIA     Model: FLX     Colour: WHI     Style: 4D; Vehicle #2     Make: NISS     Model: ROG     Colour: WHI     Style: TY,2/11/2022 11:12:46 AM,,
51365,21158009,1626192000000,2021,7,13,16,0,0,Tuesday,545170.37585,4813410.49202,-80.441527,43.472254,Non intersection,2,P.D. only,Thru lane,unknown,unknown,Rear end,Unknown,Daylight,01 - Daylight,Regional municipality,No control,unknown,0,0,0,False,False,False,Rain,,True,Road 1: BINGEMANS CENTRE DR; Road 2: VICTORIA ST N; Vehicle #1     Make: TOYT     Model: CBS     Colour: GRY     Style: 4D; Vehicle #2     Make: HYUN     Model: K2G     Colour: RED     Style: TY,2/11/2022 11:11:26 AM,,
51366,21159989,1626381000000,2021,7,15,20,30,0,Thursday,539422.69156,4807044.3537,-80.513048,43.415258,Non intersection,2,Non-reportable,Thru lane,unknown,unknown,Angle,Unknown,Dusk,05 - Dusk,Regional municipality,No control,unknown,0,0,0,False,False,False,Clear,,True,"Road 1: SUNRISE SHOPPING CENTRE, KITCHENER, ON, CANADA; Road 2: OTTAWA STREET SOUTH; Vehicle #1     Make:      Model:      Colour:      Style: ; Vehicle #2     Make: HYUN     Model: ASE     Colour: WHI     Style: 4D",2/11/2022 11:08:23 AM,,
51367,21161003,1626497820000,2021,7,17,4,57,0,Saturday,537333.35019,4807489.06462,-80.53882399999999,43.419368999999996,At intersection,2,P.D. only,Not on roadway - left side,unknown,unknown,SMV other,Unknown,Dawn,03 - Dawn,Municipal (excl. Twp. Rd.),unknown,Functioning,0,0,0,False,False,False,Rain,,False,Road 1: WESTHEIGHTS DR (50 km/h); Road 2: DRIFTWOOD DR (50 km/h); Vehicle #1     Make: HOND     Model: HRV     Colour: BLK     Style: TY,2/11/2022 11:07:39 AM,,
51368,21161210,1626526740000,2021,7,17,12,59,0,Saturday,544559.7086,4811741.23595,-80.449213,43.457260999999995,At intersection,2,P.D. only,Within intersection,unknown,unknown,Turning movement,Unknown,Daylight,01 - Daylight,Municipal (excl. Twp. Rd.),unknown,Functioning,0,0,0,False,False,False,Other,,False,Road 1: LORRAINE AVE (50 km/h); Road 2: RIVER RD E (50 km/h); Charged Driver #1 on page 1: HTA 142 (NA) (NA); Vehicle #1     Make: HOND     Model: UCL     Colour: BRN     Style: 4D; Vehicle #2     Make: FORD     Model: COF     Colour: BLK     Style: CW,2/11/2022 11:08:12 AM,,
51369,21162051,1626616620000,2021,7,18,13,57,0,Sunday,543920.05274,4805128.33802,-80.457652,43.397756,Non intersection,1,Non-fatal injury,Not on roadway - right side,unknown,unknown,SMV other,Unknown,Daylight,01 - Daylight,Municipal (excl. Twp. Rd.),No control,unknown,0,0,0,False,False,False,Clear,,False,Road 1: OLD HURON RD (50 km/h); Road 2: OLD HURON RD OFF TO HURON RD; Distance: 1.0 M S; Vehicle #1     Make: DODG     Model: CAR     Colour: BLK     Style: VN,4/22/2022 2:24:51 PM,,
51370,21162059,1626617760000,2021,7,18,14,16,0,Sunday,544755.1205,4808023.04659,-80.447103,43.423770999999995,At intersection,1,Non-fatal injury,Within intersection,unknown,unknown,Turning movement,Unknown,Daylight,01 - Daylight,Municipal (excl. Twp. Rd.),unknown,Functioning,0,0,0,False,False,False,Clear,,False,Road 1: WILSON AVE (50 km/h); Road 2: TRAYNOR AVE (50 km/h); Charged Driver #1 on page 1: NA NA (NA) (NA); Vehicle #1     Make: VOLK     Model: TIG     Colour: BLK     Style: TY; Vehicle #2     Make: HOND     Model: UEX     Colour: GLD     Style: 4D,2/11/2022 11:14:51 AM,,
51371,21162511,1626663000000,2021,7,19,2,50,0,Monday,541571.95297,4808583.44385,-80.48638299999999,43.429,Non intersection,1,Non-fatal injury,Not on roadway - right side,unknown,unknown,SMV other,Unknown,Dark,07 - Dark,Municipal (excl. Twp. Rd.),No control,unknown,0,0,0,False,False,False,Clear,,False,Road 1: HIGHLAND RD E (50 km/h); Road 2: HOMER WATSON BLVD KITCHENER (70 km/h); Distance: 10.0 M S; Vehicle #1     Make: HYUN     Model: CPL     Colour: BLK     Style: 4B,1/3/2023 10:15:06 AM,,
51372,21162829,1626006480000,2021,7,11,12,28,0,Sunday,544560.19882,4811739.80208,-80.449208,43.457248,At intersection,2,Non-reportable,Within intersection,unknown,unknown,Rear end,Unknown,Daylight,01 - Daylight,Regional municipality,unknown,Functioning,0,0,0,False,False,False,"Fog, mist, smoke, dust",,True,Road 1: RIVER RD E; Road 2: LORRAINE AVE; Vehicle #1     Make: CHEV     Model: ML     Colour: BLK     Style: 4D; Vehicle #2     Make:      Model:      Colour:      Style:,2/11/2022 11:14:44 AM,,
51373,21162988,1626618600000,2021,7,18,14,30,0,Sunday,540923.7087,4810569.54876,-80.494243,43.446919,Intersection related,1,Non-fatal injury,Right turn lane,unknown,unknown,Other,Unknown,Daylight,01 - Daylight,Municipal (excl. Twp. Rd.),unknown,Functioning,0,0,0,False,False,False,Clear,,False,Road 1: DAVID ST (30 km/h); Road 2: COURTLAND AVE W (50 km/h); Vehicle #1     Make: INTL     Model: 40S     Colour: WHI     Style: VN; Vehicle #2     Make: HYUN     Model: ESM     Colour: GRY     Style: 4D,1/3/2023 10:15:31 AM,,
51374,21163372,1626744900000,2021,7,20,1,35,0,Tuesday,538975.32277,4810169.26118,-80.51835,43.443418,Non intersection,2,P.D. only,Passing lane,unknown,unknown,SMV unattended vehicle,Unknown,Dark,07 - Dark,Municipal (excl. Twp. Rd.),No control,unknown,0,0,0,False,False,False,Clear,,False,Road 1: KARN ST (50 km/h); Road 2: ALICE AVE; Distance: 35.0 K W; Charged Driver #1 on page 1: HTA 320 (NA) (NA); Vehicle #1     Make: INFI     Model: Q5S     Colour: WHI     Style: 4D; Vehicle #2     Make: FORD     Model: COF     Colour: RED     Style: C,4/22/2022 2:25:32 PM,,
51375,21163541,1626769800000,2021,7,20,8,30,0,Tuesday,543230.34802,4804482.34172,-80.466219,43.391979,Intersection related,2,Non-reportable,Within intersection,unknown,unknown,Sideswipe,Unknown,Daylight,01 - Daylight,Regional municipality,unknown,Functioning,0,0,1,False,False,False,Clear,,True,Road 1: STRASBURG RD KITCHENER; Road 2: HURON ROAD KITCHENER; Vehicle #1     Make: FORD     Model: COF     Colour: GRY     Style: PK; Vehicle #2     Make:      Model:      Colour:      Style:,2/11/2022 11:17:03 AM,,
51376,21163548,1626629400000,2021,7,18,17,30,0,Sunday,537545.48552,4806772.10398,-80.536253,43.412903,Non intersection,2,P.D. only,Thru lane,unknown,unknown,SMV unattended vehicle,Unknown,Daylight,01 - Daylight,Municipal (excl. Twp. Rd.),No control,unknown,0,0,0,False,False,False,Clear,,True,Road 1: 202 DRIFTWOOD DR; Vehicle #1     Make: INFI     Model: EXA     Colour: SIL     Style: SW; Vehicle #2     Make: HYUN     Model: EGM     Colour: BLK     Style: 4D,2/11/2022 11:16:38 AM,,
51377,21163652,1625306400000,2021,7,3,10,0,0,Saturday,537004.11139,4808628.95286,-80.54281399999999,43.429649,At/near private drive,2,P.D. only,Thru lane,unknown,unknown,SMV unattended vehicle,Unknown,Daylight,01 - Daylight,Municipal (excl. Twp. Rd.),No control,unknown,0,0,0,False,False,False,Clear,,True,Road 1: HOLLYRIDGE CRESCENT (IFO 72); Vehicle #1     Make: INFI     Model: GAW     Colour: SIL     Style: 4D; Vehicle #2     Make: ACUR     Model: AWT     Colour: SIL     Style: 4D,2/11/2022 11:11:29 AM,,
51378,21163733,1626782400000,2021,7,20,12,0,0,Tuesday,539842.8416,4808451.71775,-80.507755,43.427907999999995,Non intersection,2,P.D. only,Thru lane,unknown,unknown,Sideswipe,Unknown,Daylight,01 - Daylight,Municipal (excl. Twp. Rd.),No control,unknown,0,0,0,False,False,False,Clear,,True,Road 1: 295 GREENBROOK DR KITCHENER; Vehicle #1     Make: HYUN     Model: EGM     Colour: GRY     Style: 4D; Vehicle #2     Make: FORD     Model: COF     Colour: BLK     Style: PK,2/11/2022 11:16:41 AM,,
51379,21163823,1626272100000,2021,7,14,14,15,0,Wednesday,539028.71214,4811085.55229,-80.517625,43.451665999999996,Non intersection,2,P.D. only,Thru lane,unknown,unknown,Rear end,Unknown,Daylight,01 - Daylight,Municipal (excl. Twp. Rd.),No control,unknown,0,0,0,False,False,False,Clear,,True,Road 1: GLASGOW ST; Road 2: BELMONT AVE W; Vehicle #1     Make: TOYT     Model: UCS     Colour: GRY     Style: 4D; Vehicle #2     Make: MAZD     Model: M3I     Colour: BLU     Style: 4D; Vehicle #3     Make: TOYT     Model: CH4     Colour: RED     Style: ,2/11/2022 11:15:43 AM,,